Date,Close,MA50,MA200,RSI,MACD,MACD_Signal,BB_High,BB_Low,BB_Mid,VWAP,Return,Volatility,ATR,Stoch_K,Stoch_D,OBV,Hammer,Bullish_Engulfing,Bearish_Engulfing,Doji,Morning_Star,Evening_Star,Shooting_Star,Piercing_Line,Dark_Cloud_Cover
2020-10-19,2532.137939453125,2268.04326171875,1982.8129522705078,75.51303664886018,100.3212714351157,100.4763628557119,2763.306564102238,2133.759353866512,2448.532958984375,2008.149673775363,-0.018727705478580492,0.41844977299080743,72.65746320313295,64.70690989629438,72.87452936110914,118744603.0,0,0,1,0,0,0,0,0,1
2020-10-20,2557.771728515625,2276.744560546875,1985.671180419922,73.96759054876293,94.84415046391996,99.34992037735351,2771.1905983100737,2152.4116966118013,2461.8011474609375,2010.3733827925525,0.010123377823577862,0.418751434606191,70.25349048455577,68.39480055573846,70.64093042707145,122150876.0,0,0,0,0,0,0,0,0,0
2020-10-21,2498.38037109375,2284.3119677734376,1988.278041381836,66.01883345045678,84.7343416982585,96.42680464153452,2774.2746845191327,2164.56420708243,2469.4194458007814,2013.0081307552052,-0.023219960076868218,0.4254469762915284,72.99769743956062,49.530760729387836,60.8774903938069,117580733.0,0,0,1,0,0,0,0,0,1
2020-10-22,2494.4111328125,2292.219365234375,1990.668055419922,63.70888556056815,75.53128343835897,92.24770040089942,2773.0160013281225,2185.8233785546904,2479.4196899414064,2015.982368205612,-0.0015887245701952102,0.4152769750534027,73.06787652194619,28.192408695447902,48.70598999352473,112318439.0,0,0,0,0,0,0,0,0,0
2020-10-23,2509.025634765625,2300.47298828125,1993.132060546875,49.087933656822344,68.62598400662591,87.52335712204471,2751.067520343447,2241.8055753596777,2496.4365478515624,2017.9995800514725,0.005858898623759323,0.35127649625722357,61.60293540547608,20.754065173795574,32.82574486621044,115817530.0,0,0,0,1,0,0,1,0,0
2020-10-26,2510.332763671875,2308.98150390625,1995.5778594970702,48.1994826600702,62.53805901979331,82.52629750159444,2736.5811164575,2282.0829216284374,2509.3320190429686,2019.533398285164,0.0005209707259017371,0.3320913673784977,58.52893614085061,21.35058465530769,23.43235284151706,118490282.0,0,0,0,1,0,0,1,0,0
2020-10-27,2456.123779296875,2316.196611328125,1997.526295776367,39.32817658085508,52.73126936179324,76.5672918736342,2715.089810664476,2323.572298710524,2519.3310546875,2021.3262315621735,-0.021594342056751148,0.34576210953951164,60.35219686982561,2.433040411966531,14.84589674702327,114952780.0,0,0,0,0,0,0,0,0,0
2020-10-28,2448.699951171875,2322.9591748046873,1999.624990234375,23.391867671856076,43.85474679513436,70.02478285793424,2700.1255359162033,2352.0178234587966,2526.0716796875,2023.0897571417142,-0.0030225789870921282,0.337399901057348,53.78418571226231,6.841772907529285,10.208465991601173,111383335.0,0,0,0,0,0,0,0,0,0
2020-10-29,2458.458740234375,2330.161484375,2001.7761431884765,26.460979027931813,37.17891602800637,63.45560949194867,2681.0746457888335,2385.163244836166,2533.1189453125,2024.6474115993653,0.00398529393437097,0.33736862061936734,54.12513819615366,13.359147797961615,7.544653705819148,114489303.0,0,0,0,0,0,0,0,0,0
2020-10-30,2488.528076171875,2338.0349072265626,2004.1839306640625,29.463407314119507,33.92356640173239,57.54920087390542,2661.726612266274,2418.7161855852883,2540.221398925781,2026.4714180804176,0.012230970341456038,0.3372717634851831,54.10686611779465,26.63581519829563,15.612245301262183,117916306.0,0,0,0,0,0,0,0,0,0
2020-11-02,2432.263916015625,2344.86208984375,2006.2345751953126,25.567265624524623,26.498176381199755,51.33899597536429,2666.493989605964,2405.5710738705984,2536.0325317382812,2027.665036415744,-0.022609413450059068,0.23073371396749756,55.59313437967285,1.8805675388259222,13.95851017836106,115345110.0,0,0,0,0,0,0,0,0,0
2020-11-03,2459.345947265625,2352.240205078125,2008.3290032958985,30.60401532093698,22.538979554500656,45.578992691191566,2667.6490743053546,2397.9561014758956,2532.802587890625,2029.0822757720027,0.011134495344717443,0.2346199750234716,56.22680773898475,14.734684120523843,14.417022285881805,118224379.0,0,0,0,0,0,0,0,1,0
2020-11-04,2477.602294921875,2360.0848095703127,2010.4601959228517,39.183744476981815,20.636537072491592,40.590501567451575,2666.416030273799,2392.541684569951,2529.478857421875,2031.5712521772446,0.007423253193211021,0.23434132665706103,56.96721251123092,30.526404569546276,15.713885409632018,123118307.0,0,0,0,0,0,0,0,0,0
2020-11-05,2507.99853515625,2368.3355419921877,2012.8336199951173,40.63030523425579,21.335616547477002,36.73952456345666,2652.6315600652947,2394.3727368097057,2523.5021484375,2033.08796469824,0.012268409783392498,0.20419551576980538,58.067811371286716,49.238587704204576,31.4998921314249,125934809.0,0,0,0,1,0,0,0,0,0
2020-11-06,2528.31005859375,2377.0873681640624,2015.5319409179688,49.46640411711816,23.260479925485924,34.04371563586252,2640.831224148221,2397.436402804904,2519.1338134765624,2035.2527770369895,0.008098698285816441,0.20722350643274393,55.703214028896774,67.1886843740766,48.98455888260916,129819230.0,0,0,0,0,0,0,0,0,0
2020-11-09,2546.192138671875,2386.3800146484373,2018.316470336914,48.35018282603978,25.92997779283087,32.42096806725619,2625.4476832291643,2404.2860325911483,2514.8668579101563,2037.340976093055,0.007072740155956492,0.20775088996299992,55.739897213485165,84.96105480335046,67.12944229387722,133465822.0,0,0,0,1,0,0,1,0,0
2020-11-10,2474.286865234375,2393.8867822265624,2020.5772296142577,46.685439336221336,21.98993319482088,30.33476109276913,2605.2214339848147,2409.1086197261225,2507.1650268554686,2039.659657324241,-0.028240317117233182,0.2282813254851817,55.89331783313657,34.4219094943637,62.1905495572636,128705802.0,0,0,0,0,0,1,0,0,0
2020-11-11,2509.958740234375,2402.30970703125,2023.066626586914,51.96729404161645,21.498025795299327,28.56741403327517,2582.8502568210483,2420.1056025539515,2501.4779296875,2041.3535418309555,0.014417032843368816,0.23644407237878726,55.95003656768826,60.958382255029036,60.113782184247746,131948243.0,0,0,0,0,0,0,0,0,0
2020-11-12,2494.318115234375,2410.0701904296875,2025.5124884033203,48.143825342968036,19.61995132792117,26.77792149220437,2574.943020452524,2421.5180635318516,2498.2305419921877,2042.5766729926218,-0.0062314271343518746,0.2218627400030845,57.240735783941126,49.32324899465847,48.234513581350406,129510738.0,0,0,0,0,0,0,0,0,0
2020-11-13,2481.05712890625,2416.926630859375,2027.9570208740233,46.41346071594997,16.867079815020134,24.795753156767525,2559.737414064105,2426.7829716780825,2493.2601928710938,2043.8109271507035,-0.005316477576429279,0.21939864851846289,56.94729352796863,39.458339945839356,49.9133237318423,126962645.0,0,0,0,1,0,0,0,0,0
2020-11-14,2493.663818359375,2424.2342041015627,2030.3980029296874,55.12100797572248,15.523716052568943,22.94134573592781,2555.2541481396033,2427.418825493209,2491.3364868164062,2043.9593751914795,0.005081176610666205,0.21126307024312424,52.81841383937184,48.836514523851264,45.872701154783044,127261464.0,0,0,0,0,0,0,0,0,0
2020-11-17,2489.648681640625,2430.7501123046877,2032.9527624511718,55.63844006497489,13.974018824622362,21.147880353666725,2543.6800385715246,2432.180630373788,2487.9303344726563,2045.3465840560955,-0.0016101355319786403,0.20737442736593237,52.484901643292005,45.849635752621644,44.7148300741041,124434191.0,0,0,0,0,0,0,0,0,0
2020-11-18,2452.855712890625,2436.1368212890625,2035.4004699707032,49.28194904372508,9.665568858856204,18.85141805470462,2543.292796984557,2428.015406140443,2485.6541015625,2046.6406628326367,-0.01477837777728308,0.19744936767951865,52.76836997650886,18.479176167349333,37.721775481274086,121540429.0,0,0,0,0,0,0,0,0,0
2020-11-19,2462.4267578125,2442.097138671875,2038.1660290527343,46.46952179986329,6.943355872507254,16.46980561826515,2542.440560826447,2425.6692047985534,2484.0548828125,2048.533549342576,0.0039020007869097206,0.19813579895361288,52.551532593063975,25.59912074162361,29.97597755386487,125707930.0,0,0,0,1,0,0,1,0,0
2020-11-20,2484.232177734375,2448.4284814453126,2040.9329364013672,57.75186966667929,6.470905055061394,14.470025505624399,2540.0091962868128,2425.621223635062,2482.8152099609374,2049.8202738816644,0.008855256243741394,0.19970463124798718,51.46089450050743,41.41291385812007,28.49707025569768,128419401.0,0,0,0,0,0,0,0,0,0
2020-11-23,2543.997314453125,2455.1563671875,2043.9745635986328,61.50525403459686,10.794598026876884,13.734940009874897,2546.851154724638,2422.145720275362,2484.4984375,2051.8071999600347,0.024057790271944768,0.21783021029129138,51.84775365860988,85.57844580342321,50.8634934677223,132125819.0,0,0,0,0,0,0,0,0,0
2020-11-24,2541.943603515625,2459.661689453125,2046.8277612304687,59.147740052593726,13.895262610613827,13.767004530022685,2554.634406378384,2422.944451043491,2488.7894287109375,2053.4607619334656,-0.0008072771641040033,0.20142070748053117,46.92177137584554,83.97257978994037,70.32131315049456,129005303.0,0,0,0,0,0,0,0,0,0
2020-11-25,2522.566650390625,2463.77947265625,2049.6676458740235,52.138222843018305,14.620467803164502,13.93769718465105,2557.1354148268556,2427.8301125168946,2492.482763671875,2055.1295841310425,-0.007622888681794837,0.2035310952771721,46.11467334517484,68.82108504931914,79.45737021422758,125703054.0,0,0,0,0,0,0,0,0,0
2020-11-26,2540.58935546875,2468.041982421875,2052.5599908447266,51.81447452534911,16.45974215908018,14.442106179536875,2562.5624521123323,2430.6161367548552,2496.5892944335938,2056.350845080242,0.007144590243169269,0.20433662302364577,47.38201908933804,82.91364745793975,78.56910409906642,128044153.0,0,0,0,0,0,0,0,1,0
2020-11-27,2502.3486328125,2472.3217041015623,2055.144500732422,43.88905336014783,14.662651688610822,14.486215281351665,2563.1874493243636,2431.373195206886,2497.280322265625,2059.249032089094,-0.015051910130196688,0.20863348888083139,47.558792796811495,53.40167904458278,68.3788038506139,121957345.0,0,0,0,0,0,0,0,0,0
2020-12-01,2546.379150390625,2477.6875390625,2057.988422241211,60.894862675069,16.599985039192234,14.90896923291978,2564.82672322353,2441.14544474522,2502.986083984375,2061.1166504993826,0.01759567671777096,0.1984922122051757,49.106283476098234,88.08375208028029,74.79969286093429,125562362.0,0,1,0,0,0,0,0,1,0
2020-12-02,2567.624267578125,2483.191865234375,2060.858901977539,59.111958447265934,19.623432368261092,15.851861859988045,2573.049143202924,2443.7508567970763,2508.4,2062.464591005443,0.008343265449782367,0.1970998822569784,49.29637734643672,96.51208994924467,79.3325070247026,128071394.0,0,0,0,0,0,0,0,0,0
2020-12-03,2530.177001953125,2486.8751171875,2063.444800415039,55.300893310851386,18.78135501361976,16.43776049071439,2574.6728359838803,2447.3846347192443,2511.0287353515623,2063.875433008379,-0.014584402436857213,0.20474206274990547,50.7538155877451,61.372429630272805,81.98942388659927,125218846.0,0,0,1,0,0,0,0,0,1
2020-12-04,2547.07958984375,2491.928583984375,2066.1507977294923,59.65590820410134,19.25592985224239,17.00139436301999,2578.6042389991353,2447.3613371727397,2512.9827880859375,2065.2442845639107,0.006680397409974725,0.20164739038980195,51.07394896792347,72.22064333098726,76.70172097016827,127905373.0,0,0,0,0,0,0,0,0,0
2020-12-07,2556.5576171875,2499.685966796875,2068.8167120361327,59.28329113540885,20.16438890306108,17.63399327102821,2582.571832307134,2446.2184997241156,2514.395166015625,2066.2763976900374,0.0037211351312078644,0.20015352272083684,51.45417107070437,78.3037157428304,70.6322629013635,129901773.0,0,0,0,0,0,0,0,0,0
2020-12-08,2612.214111328125,2506.8817822265623,2071.703511352539,65.69787221268868,25.086185254343945,19.124431667691358,2597.7197194006008,2437.6728098962744,2517.6962646484376,2068.7228461046193,0.021770091847901796,0.2128249327491447,53.3318540093353,95.84381706029201,82.12272537803658,134179591.0,0,0,0,0,0,0,0,0,0
2020-12-09,2624.821533203125,2514.2553515625,2074.7424255371093,73.47956756410804,29.662131317264993,21.231971597606087,2615.691068735571,2434.754927358179,2525.222998046875,2070.846781219061,0.004826335567335915,0.18194045116778743,52.52144293641751,86.45330429082533,86.8669456979826,137839587.0,0,0,0,1,0,0,1,0,0
2020-12-10,2600.073974609375,2519.97908203125,2077.8392114257813,68.04595773337832,30.93508003922898,23.172593285930667,2625.7987720314736,2433.6587474997764,2529.728759765625,2072.0192969208906,-0.009428282372992425,0.1818171381308627,52.35807900442361,74.1587218398906,85.48528106366933,135711786.0,0,0,0,0,0,0,0,0,0
2020-12-11,2599.420166015625,2525.617216796875,2081.1230560302733,65.98820462841597,31.52771234053398,24.843617096851332,2634.34024453253,2435.627480076845,2534.9838623046876,2073.0033949908325,-0.00025145768933299006,0.1795263650393773,52.004552238653915,73.83390985358747,78.14864532810115,133916378.0,0,0,0,0,0,0,0,0,0
2020-12-14,2612.587646484375,2530.9393896484376,2084.2853955078126,60.93489954305909,32.68313253034012,26.411520183549094,2643.271818650212,2439.8489577169753,2541.5603881835937,2074.3925985061082,0.005065545247705305,0.17758969601685493,50.53711627384564,80.37551167183732,76.12271445510515,136400036.0,0,0,0,1,0,0,0,0,0
2020-12-15,2578.829833984375,2532.1951611328127,2087.4284051513673,55.34065281479544,30.522988006337528,27.233813748106783,2646.2095454833184,2445.427832446369,2545.8186889648437,2075.6265069133615,-0.012921217225162263,0.18562980577738053,50.85059984316097,63.60463677635315,72.60468610059266,134034527.0,0,0,0,0,0,0,0,0,0
2020-12-16,2627.99609375,2534.2761865234374,2090.900360107422,64.0526206519072,32.40482155993186,28.2680153104718,2655.8589756584647,2449.6131434821605,2552.7360595703126,2077.0878193275807,0.01906533696706214,0.1949470165400156,51.82446159120663,88.0304253729387,77.33685794037639,136599676.0,0,0,0,0,0,0,0,0,0
2020-12-17,2650.40771484375,2536.402802734375,2094.9681176757813,64.46833804658009,35.297728487634686,29.673957945904377,2663.269847883836,2461.957471452102,2562.613659667969,2078.7759582643057,0.008528026790850296,0.1843743837771127,51.67438060422796,93.23880838724804,81.62462351217998,139463136.0,0,0,0,0,0,0,0,0,0
2020-12-18,2671.699462890625,2537.2861376953124,2099.137053222656,73.35462987715655,38.86048471692311,31.511263300108123,2673.3904550817647,2472.764134761985,2573.077294921875,2082.4579314986645,0.008033385930636072,0.1849441210166494,52.224693679098664,86.47412944652454,89.24778773557044,145539828.0,0,0,0,0,0,0,1,0,0
2020-12-21,2633.552490234375,2537.64365234375,2102.9550012207033,62.220098811604956,38.16590007251125,32.84219065458875,2675.074769632167,2486.0118514615833,2580.543310546875,2083.9772208475792,-0.014278167580636936,0.195091068957933,51.56100776574658,60.879427259013966,80.19745503092885,142834633.0,0,0,0,0,0,0,0,0,0
2020-12-22,2682.43896484375,2538.661806640625,2106.8015661621093,64.93732296349657,41.08654654418979,34.49106183250896,2690.6114260801387,2484.319360052674,2587.4653930664062,2085.729619764902,0.018562939144237234,0.18807122638602677,52.411463737023915,87.1861331088491,78.17989660479589,145716370.0,0,0,0,0,0,0,0,0,0
2020-12-23,2716.290283203125,2540.421142578125,2110.62522277832,74.44191934089667,45.60696964275803,36.71424339455878,2711.8405939729296,2480.5248601286326,2596.182727050781,2087.5128079765545,0.01261960432391307,0.19075164897496402,51.10744412734617,95.34090860968226,81.13548965918177,148507358.0,0,0,0,0,0,0,0,0,0
2020-12-24,2716.850341796875,2542.2841357421876,2114.4911688232423,73.29564298602425,48.67355116458202,39.10610494856343,2727.978475579498,2483.8153476626894,2605.8969116210938,2088.6630632635747,0.00020618510371051002,0.18673830894583435,50.99405289478854,94.42379589114705,92.31694586989282,150314502.0,0,0,0,1,0,0,0,0,0
2020-12-28,2735.573974609375,2545.8102978515626,2119.1124090576172,73.95645403797612,52.01508231157186,41.68790042116511,2746.5890211792216,2484.703263977028,2615.646142578125,2090.039994638937,0.006891668828587827,0.1866800593272452,51.65106259626763,90.65592614789284,93.47354354957406,152423496.0,0,0,0,0,0,0,0,0,0
2020-12-29,2736.600830078125,2548.9330322265623,2123.82442199707,69.49641058609237,54.12224097054832,44.17476853104176,2757.5357041005873,2497.181800782225,2627.358752441406,2091.338628556899,0.0003753711207523658,0.17362576585548245,48.90958609062367,89.0862808331528,91.38866762406424,154417647.0,0,0,0,0,0,0,0,0,0
2020-12-30,2716.803955078125,2552.6263525390623,2129.28165222168,64.09958175781472,53.57713318518199,46.055241461869805,2766.0492765085914,2505.7107088429707,2635.879992675781,2092.9960756941146,-0.007234111304217805,0.17121833031493766,48.83286821171584,78.3250678576306,86.02242494622543,151779679.0,0,0,1,0,0,0,0,0,1
2020-12-31,2673.333984375,2554.93759765625,2134.354161376953,60.62013583388486,49.07179884499965,46.658552938495774,2768.212450292276,2514.1185067389742,2641.165478515625,2095.3423167126857,-0.01600040761935473,0.18310027401644374,49.98348210855644,54.69560044037213,74.03564971038519,147738723.0,0,0,0,0,0,0,0,0,0
2021-01-01,2734.500244140625,2559.6599951171875,2140.2371392822265,66.65913933039225,49.86211546752793,47.29926544430221,2773.619518386605,2529.143762863395,2651.381640625,2097.052411933607,0.022880141472456206,0.1861385622076054,52.258051433077036,87.94444139400777,73.65503656400351,150420163.0,0,0,0,0,0,0,0,0,0
2021-01-04,2838.34228515625,2566.5386181640624,2146.81565246582,72.75303307009735,58.196775746053845,49.47876750465254,2804.2112123354423,2527.678338445808,2665.944775390625,2100.815311418826,0.03797477847666442,0.22192144234922218,57.24403958818526,96.17918918693066,79.60641034043687,155533456.0,0,0,0,0,0,0,0,0,0
2021-01-05,2888.348876953125,2574.1250830078125,2153.660729370117,80.20601628154765,68.05269894811363,53.19355379334476,2843.323443822846,2521.7452329349667,2682.5343383789063,2105.3248794344418,0.017618238666420094,0.2258745209562307,59.385189192751305,93.99377888212811,92.70580315435552,161334765.0,0,0,0,0,0,0,0,0,0
2021-01-06,2849.594482421875,2580.9103173828125,2160.340016479492,72.07441905711542,71.9075281159171,56.936348657859234,2867.881147659002,2520.9255662081855,2694.403356933594,2108.052612361085,-0.013417490816459599,0.22825709728506763,60.51579140820646,80.9414221863264,90.37146341846174,157608049.0,0,0,0,0,0,0,0,0,1
2021-01-07,2832.1318359375,2588.430478515625,2166.1868481445313,68.2826256328433,72.71520278007574,60.09211948230254,2885.368871522537,2524.1688726180882,2704.7688720703127,2110.6903739583217,-0.006128116330971212,0.23131285767408502,62.64360859263109,75.26185786693186,83.3990196451288,153890222.0,0,0,0,0,0,0,0,0,0
2021-01-08,2914.40234375,2597.7445263671875,2173.0359197998046,71.74894975678463,79.08222255293413,63.890140096428865,2916.7518996250997,2524.218681429588,2720.4852905273438,2115.293707498066,0.029048968260782404,0.24196697427283798,65.00483781501612,97.92999613439626,84.71109206255151,159769261.0,0,0,0,0,0,0,0,0,0
2021-01-11,2966.27734375,2607.9008984375,2179.9896490478513,79.09997766535008,87.30758308662143,68.57362869446739,2955.0154577632825,2522.6408410648423,2738.8281494140624,2123.1041102910635,0.01779953276226509,0.24441906211934716,65.51181561231384,86.98186495334582,86.72457298489132,169277300.0,0,0,0,0,0,0,0,0,0
2021-01-12,2964.7841796875,2617.4260205078126,2186.717826538086,76.92595679687827,92.63788286060299,73.3864795276945,2986.2744701397355,2526.6014820087016,2756.4379760742186,2126.0281246773916,-0.0005033797886924152,0.24571932254718226,65.17830381488218,85.675567749936,90.19580961255936,165665842.0,0,0,0,1,0,0,1,0,0
2021-01-13,2949.935791015625,2627.7794580078125,2193.183742675781,73.11964957138592,94.57385443778276,77.62395450971216,3004.3762619628415,2545.6102858887207,2774.993273925781,2128.8500610984174,-0.005008252800863255,0.2389552435027999,64.99153398036346,81.5455749925401,84.73433589860731,162093041.0,0,0,0,0,0,0,0,0,0
2021-01-14,3041.39208984375,2639.420380859375,2199.9517608642577,77.21785991429174,102.30853572883962,82.56087075353766,3043.0681253180037,2548.2580221429334,2795.6630737304686,2134.8738019883226,0.03100280999561611,0.250524811844419,72.21060656091764,96.29892320783087,87.84002198343565,169024583.0,0,0,0,0,0,0,0,0,0
2021-01-15,3025.15869140625,2650.3715087890623,2206.851376953125,74.38803686973256,105.90759001908191,87.23021460664651,3072.0381432784684,2556.7631018387187,2814.4006225585936,2138.363075585675,-0.005337489530438666,0.2545349563477541,73.30598305742099,90.64236245841451,89.49562021959518,164892891.0,0,0,0,1,0,0,1,0,0
2021-01-18,3014.305419921875,2660.497646484375,2213.4765606689452,73.00673852593835,106.65464975748046,91.1151016368133,3094.718087087111,2568.3437537332015,2831.5309204101563,2141.8068185334396,-0.0035876701328781957,0.2570907938434696,75.80612860526558,87.97198933022202,91.6377583321558,160731985.0,0,0,0,0,0,0,0,0,0
2021-01-19,3050.746826171875,2670.9463818359377,2220.826735229492,76.92334946048192,108.93152213363328,94.6783857361773,3115.6408288572857,2589.140445556777,2852.3906372070314,2144.3552760731072,0.012089487020510603,0.24607049653328755,76.58376826540272,95.83524551504941,91.48319910122865,163707720.0,0,0,0,0,0,0,0,0,0
2021-01-20,3095.750732421875,2681.9375537109377,2228.6542419433595,83.97231822496096,113.06406683422438,98.35552195578673,3144.8833321353914,2601.229119036484,2873.0562255859377,2147.4409556562573,0.014751766965360291,0.2441608850896601,76.7891427531197,95.78584056566521,93.19769180364555,167161166.0,0,0,0,0,0,0,0,0,0
2021-01-21,3063.051025390625,2693.7128369140623,2235.7585827636717,77.69118577859135,112.40481249932554,101.1653800644945,3164.3468893940903,2616.441635996535,2890.3942626953126,2149.8240071528517,-0.010562771313848085,0.25122915521538786,74.78067950927633,86.21958277777699,92.61355628616388,164382620.0,0,0,0,0,0,0,0,0,0
2021-01-22,3090.417236328125,2705.3220068359374,2243.322373046875,74.38971327118222,112.79039573053842,103.4903831977033,3184.1426594459995,2634.0025553977507,2909.072607421875,2152.5057490077224,0.008934298093845827,0.2504025664415863,72.16317692669158,92.54633912279995,91.51725415541405,167435079.0,0,0,0,0,0,0,0,1,0
2021-01-25,3079.377197265625,2717.0231884765626,2250.550203857422,69.99047551891559,110.92644334282113,104.97759522672686,3198.637753556976,2653.8877835523995,2926.2627685546877,2154.4692974326363,-0.003572345809078281,0.25297115279665583,71.26047661521453,85.9521685167188,88.23936347243192,165162192.0,0,0,0,0,0,0,0,0,0
2021-01-27,3051.074951171875,2728.423544921875,2257.668439941406,71.5558051456184,105.94423373991958,105.17092292936542,3204.386474826933,2679.586474391817,2941.986474609375,2156.7920528868003,-0.00919089941916873,0.2580484872648038,71.48066830199403,77.19037448296459,85.22962737416113,162375530.0,0,0,0,0,0,0,0,0,0
2021-01-28,2990.728271484375,2738.364833984375,2264.5964129638674,65.54165432558354,96.01947132679243,103.34063260885083,3196.283792779422,2715.0815880799532,2955.6826904296877,2159.1760891988542,-0.01977882571004086,0.2698800779479308,72.19928188780159,49.84474657466134,70.99576319144825,159291592.0,0,0,0,0,0,0,0,0,0
2021-01-29,2911.01416015625,2746.7921435546873,2271.2141583251955,49.66630310584813,80.79046088204996,98.83059826349066,3169.8807449026153,2765.2526535348843,2967.56669921875,2162.952352923072,-0.026653745874599566,0.2831711610730746,73.6582423142506,4.733154153937834,43.9227584038546,153845933.0,0,0,0,0,0,0,0,0,0
2021-02-01,2937.211181640625,2756.4792529296874,2277.5459149169924,46.9848119923718,70.02800186703644,93.07007898419982,3148.747959214245,2806.6565329732553,2977.70224609375,2165.7883160697306,0.008999276555552438,0.27534655375465295,74.4606310775279,32.211713916621555,28.92987154840692,157831779.0,0,0,0,0,0,0,0,0,0
2021-02-02,2997.184326171875,2767.174404296875,2284.119952392578,52.997372378307055,65.5820184205354,87.57246687146694,3143.702188271917,2827.5865080171457,2985.6443481445312,2167.9842670390353,0.020418397187822013,0.2524847307958488,76.11562691745179,53.88926644049666,30.278044837018694,160713616.0,0,0,0,0,0,0,0,0,0
2021-02-03,2994.003173828125,2777.36982421875,2291.0527362060548,54.166666666666664,61.09755748864063,82.2774849949017,3142.2101045482596,2839.644021428303,2990.9270629882812,2169.877032593503,-0.0010613802814767315,0.24662808530164101,77.63241936070209,52.73942516475437,46.28013517395754,158207750.0,0,0,0,0,0,0,0,0,0
2021-02-04,2983.1494140625,2786.1528662109376,2297.783935546875,43.50268975930521,56.0219954952986,77.02638709498109,3133.642653497932,2861.5669656426935,2997.6048095703127,2171.4040998873447,-0.003625166419495618,0.24093918832833933,72.00204212669603,48.816286746053315,51.814992783768126,156150489.0,0,0,0,0,0,0,0,0,0
2021-02-05,2954.61279296875,2794.40625,2303.8694439697265,42.340447640445625,49.13056267257707,71.44722221050029,3117.6280098646134,2889.8297049791367,3003.728857421875,2173.0918684321205,-0.009565937582351358,0.24285482603094835,72.86080494027523,38.5016016074184,46.685771172742044,153784354.0,0,0,0,0,0,0,0,0,0
2021-02-08,3007.147705078125,2804.09787109375,2310.493760986328,49.287351225635334,47.36221869002338,66.63022150640491,3114.220253296027,2902.511997680536,3008.3661254882813,2175.006688258617,0.017780641928578644,0.22926386935592305,72.96104839959983,57.490572845948904,48.269487066473545,156310946.0,0,0,0,0,0,0,0,0,0
2021-02-09,2972.343505859375,2812.7329541015624,2316.8605688476564,42.168340919333474,42.66062026242389,61.83630125760871,3114.0494790800376,2903.2893881074624,3008.66943359375,2176.9283158231037,-0.011573824311980618,0.22552768615489696,74.6017568151531,44.910444481615144,46.96753964499416,153652195.0,0,0,0,0,0,0,1,0,0
2021-02-10,3006.3994140625,2822.8139697265624,2323.2938165283203,40.87517608486979,41.207581461990685,57.71055729848511,3114.1056652397465,2907.394725385254,3010.7501953125,2178.5252323958803,0.01145759503771715,0.22900414952691633,74.25751003993375,57.22009982137867,53.207039049647584,155780178.0,0,0,0,0,0,0,0,0,0
2021-02-11,2999.56982421875,2831.877783203125,2329.4773754882813,43.15545304694332,39.05474809563202,53.97939545791449,3112.751384187498,2913.7124097578144,3013.231896972656,2179.3903523080758,-0.0022716841321230863,0.2282891524494004,73.40210716777857,54.751515028775856,52.29401977725656,154614296.0,0,0,0,0,0,0,0,0,0
2021-02-12,2985.34814453125,2840.2322607421875,2335.0865881347654,38.34097032922794,35.78849396634041,50.34121515959968,3109.7665223608224,2911.0928770532405,3010.4296997070314,2181.4083355577077,-0.004741239751338,0.19925581803757564,72.09224517051773,49.61102738529622,53.86088074515025,151836892.0,0,0,0,0,0,0,0,0,0
2021-02-15,2937.6796875,2848.382314453125,2340.8459887695312,35.45855462703649,29.019004911367574,46.07677310995326,3110.2469329597607,2901.8645660636766,3006.0557495117187,2183.197752849294,-0.015967470031450826,0.2058900260293341,73.18155221655992,36.497362224082,46.95330154605137,149206039.0,0,0,1,0,0,0,0,0,1
2021-02-16,2908.627685546875,2855.6132763671876,2346.4494903564455,35.40407320277657,21.06703464227803,41.074825416418214,3113.5649610078876,2887.9787645780502,3000.771862792969,2185.43244159911,-0.00988943827904143,0.20798822599933864,72.39296165457118,28.0205116421628,38.04296708384702,145770269.0,0,0,0,0,0,0,0,0,0
2021-02-17,2875.22705078125,2861.9866650390627,2352.020817260742,37.47338286155487,11.932340237701283,35.246328380674825,3115.2452895694387,2868.746458477436,2991.9958740234374,2187.699952230019,-0.011483296721541358,0.2040522975117773,72.13233350080769,14.377828162251049,26.29856734283196,142091843.0,0,0,0,0,0,0,0,0,0
2021-02-18,2860.49072265625,2866.952197265625,2357.5737359619143,43.621509528406456,3.463999754198994,28.88986265537966,3106.653772989177,2853.8119740811353,2980.232873535156,2190.209693952025,-0.005125274583444028,0.19318140622059637,68.79419248803568,12.267226991842037,18.221855598751972,137901934.0,0,0,0,0,0,0,1,0,0
2021-02-19,2874.0576171875,2871.9369189453123,2363.186394042969,41.7643391878477,-2.1279563287207566,22.686298858559574,3099.374003733712,2842.192402516288,2970.783203125,2192.470147330299,0.004742855630956777,0.19379103583078108,65.45941361978966,24.254357383004407,16.966470845699174,141626962.0,0,0,0,0,0,0,0,0,0
2021-02-22,2767.95947265625,2875.29462890625,2368.074758911133,23.31742068447315,-14.948537936592857,15.15933149952909,3099.8790499795327,2809.44157990328,2954.6603149414063,2195.1977897245,-0.03691580290414487,0.2222529557707088,70.01714845680019,5.055362327907394,13.858982234251288,136260266.0,0,0,1,0,0,0,0,0,1
2021-02-23,2788.308837890625,2879.07240234375,2372.999191894531,26.976670721936372,-23.199488260969247,7.487567547429424,3090.9311296114884,2789.282664333824,2940.106896972656,2197.198715618799,0.00735175692975254,0.22678155876575412,69.76318045223512,12.241819424671673,13.850513045194502,140093095.0,0,0,0,0,0,0,0,0,0
2021-02-24,2758.275146484375,2881.98615234375,2377.7727630615236,25.866081427296535,-31.79537642488549,-0.369021247033559,3087.373344059872,2763.56046941669,2925.466906738281,2199.0566149105607,-0.010771292978065783,0.22725124656875859,71.12316414085078,8.301283678230714,8.532821810269937,136318546.0,0,0,0,0,0,0,0,0,0
2021-02-25,2802.435791015625,2886.458271484375,2382.9859161376953,34.19802005298449,-34.64491970836798,-7.224200939300443,3083.7738285276296,2748.330736902058,2916.052282714844,2201.2842827343184,0.016010239075509247,0.23170816158847216,71.45393919344818,22.839910210131848,14.461004437678087,140542619.0,0,0,0,0,0,0,0,0,0
2021-02-26,2707.939697265625,2888.0571435546876,2387.7702990722655,21.42090937752431,-44.02080389390676,-14.583521530221706,3097.7556659836787,2714.0414531569463,2905.8985595703125,2203.7315320345856,-0.033719271661083794,0.2423301308994197,74.42445655497428,3.9092504519094637,11.68348144675735,134989466.0,0,0,0,0,0,0,0,0,0
2021-03-01,2735.91455078125,2889.7672802734373,2392.4507989501953,27.11878743487661,-48.6333082728529,-21.393478878747946,3101.404320512356,2690.263135542331,2895.8337280273436,2205.2390204189637,0.010330678169780949,0.24328497476433167,73.68265578183812,12.093069552351261,12.9474100714642,138255337.0,0,0,0,1,0,0,1,0,0
2021-03-02,2812.774658203125,2892.5887841796875,2397.501492919922,32.695032644541726,-45.561577399081216,-26.227098582814598,3089.5693168287935,2683.657172429019,2886.613244628906,2206.9763668833743,0.028093021911056226,0.25452888836162585,76.26893059545962,34.56904467804612,16.857121560768956,141561806.0,0,0,0,0,1,0,0,0,0
2021-03-03,2862.128662109375,2897.1603076171873,2402.7760614013673,38.584107189859516,-38.69865885418585,-28.72141063708885,3076.758939516381,2683.2800985695562,2880.0195190429686,2208.959106014418,0.017546376764421945,0.2648167026296441,78.46428227780153,49.001490863186525,31.887868364527975,145071663.0,0,0,0,0,0,0,0,0,0
2021-03-04,2853.333740234375,2900.578203125,2407.8327410888674,38.93510536114262,-33.5823072223825,-29.693589954147583,3064.420905538832,2682.6365651642927,2873.5287353515623,2211.1279836146887,-0.0030728604172944873,0.2647822338684493,78.591252198849,51.58047658152792,45.05033737425353,141154903.0,0,0,0,0,0,0,0,0,0
2021-03-05,2814.365478515625,2902.53970703125,2412.5597521972654,39.51134990740575,-32.29964454571473,-30.214800872461012,3055.157688501538,2677.875050756275,2866.5163696289064,2212.7841879263106,-0.013657099122077798,0.2667056902931471,77.86614589346235,44.516042701914834,48.36600338220976,137951217.0,0,0,0,0,0,0,1,0,0
2021-03-08,2813.33642578125,2904.4694287109373,2417.639387207031,41.48916174415131,-31.008711959662378,-30.373583089901288,3034.6513514292737,2679.0002598988513,2856.8258056640625,2213.813363771738,-0.0003656428925917776,0.25616020338295586,75.8178332268399,50.207680570930485,48.76806661812443,135948092.0,0,0,0,0,0,0,0,0,0
2021-03-09,2854.503173828125,2906.8480126953127,2422.6366979980467,48.17439442199373,-26.359964796370605,-29.570859431195153,3020.2487436787706,2681.61883444623,2850.9337890625,2214.876271254469,0.014632714263969726,0.26163159705766736,74.98244980237142,78.45363335328463,57.725785542043326,137890489.0,0,1,0,0,0,0,0,1,0
2021-03-10,2873.215576171875,2909.5803076171874,2427.732194824219,51.11315855456188,-20.924658258718864,-27.8416191966999,2997.5620131830474,2690.98718115289,2844.2745971679688,2216.5889094569966,0.00655539728080079,0.2588785566870957,73.3351256961622,88.40268974894242,72.35466789105253,140944267.0,0,0,0,0,0,0,1,0,0
2021-03-12,2861.05224609375,2912.4652734375,2432.9146557617187,48.859501357807844,-17.398063704013566,-25.752908098162635,2972.5417012250573,2702.15573529838,2837.3487182617187,2218.1980334948853,-0.004233351015843656,0.25898583167356237,73.64587535612019,75.08435261177519,80.64689190466743,138005950.0,0,0,0,0,0,0,1,0,0
2021-03-15,2868.723876953125,2916.3730712890624,2437.798286743164,60.68018923242456,-13.824811791129378,-23.367288836755986,2948.6920817638065,2714.342928001818,2831.5175048828123,2219.9055645173275,0.0026814018757781444,0.2593726894322568,67.30710044721793,78.54409846075225,80.67704694048996,141103033.0,0,0,0,0,0,0,0,0,0
2021-03-16,2909.7978515625,2919.8790234375,2442.8784985351563,62.33491893124586,-7.591151357310537,-20.2120613408669,2942.5469270048166,2717.6998991670584,2830.1234130859375,2222.755700844304,0.014317855733469775,0.2598073081274737,68.0723061454978,88.14178234338048,80.59007780530266,145997789.0,0,0,0,0,0,0,0,0,0
2021-03-17,2912.510986328125,2921.3623974609377,2447.94908203125,66.57953716388221,-2.40428811467018,-16.650506695627556,2943.323873448237,2717.3112828017634,2830.317578125,2224.983072716287,0.0009324134885067004,0.2573647427878553,67.2369235664204,84.70907204327894,83.7983176158039,149836179.0,0,0,0,0,0,0,0,0,0
2021-03-18,2840.9833984375,2920.415087890625,2452.4514215087893,53.91341418377489,-4.019011524221696,-14.124207661346384,2939.769357691821,2717.4414333238037,2828.6053955078123,2226.8720999428797,-0.02455873582156054,0.2691476947619002,72.42290099049261,56.90902803349991,76.58662747338644,146179873.0,0,0,1,0,0,0,0,0,1
2021-03-19,2853.801513671875,2920.499228515625,2457.218715209961,67.75217025444034,-4.215779800481869,-12.14252208917348,2939.070620434795,2717.4712496823927,2828.2709350585938,2229.8948941729996,0.0045118585491998875,0.26910665755571694,70.99947820320858,58.609791064718046,66.74263038049897,151956499.0,0,0,0,0,0,0,0,0,0
2021-03-22,2928.1357421875,2922.419306640625,2462.2486669921873,71.02213986671224,1.6078961017055917,-9.392438450997668,2948.8901062369164,2713.0595763802708,2830.9748413085936,2231.5354909021976,0.02604744168769546,0.28426402011754065,74.34762443638594,87.75364338768618,67.75748749530139,154778145.0,0,0,0,0,0,0,0,0,0
2021-03-23,2940.251708984375,2922.9362939453126,2467.337805786133,66.24145851063301,7.118797409418676,-6.0901912789144,2963.1594311493827,2716.0194751006175,2839.589453125,2233.4811726343023,0.004137774974811714,0.2462888833593893,70.69542440414433,85.49055871887887,77.28466439042772,158084118.0,0,0,0,1,0,0,0,0,0
2021-03-24,2920.135986328125,2922.013466796875,2472.156117553711,57.98547813788913,9.750656200326375,-2.9220217830662456,2972.2713670916924,2720.0902540020575,2846.180810546875,2234.7373938794753,-0.006841496799332991,0.24821403719876448,68.96120472374226,73.6740653202117,82.30608914225893,155877014.0,0,0,0,0,0,0,0,0,0
2021-03-25,2867.50830078125,2920.06794921875,2476.901950683594,51.74118461373287,7.503315309686968,-0.836954364515603,2970.9830221859793,2732.3019143374586,2851.642468261719,2236.40082982233,-0.018022340669501036,0.25458133086823675,69.99373151155103,42.7592078488316,67.30794396264073,152697228.0,0,0,0,0,0,0,0,0,0
2021-03-26,2869.3330078125,2918.4558935546875,2481.7874932861328,57.43016737652689,5.802630952736763,0.4909626989348703,2972.252833811127,2737.721824391998,2854.9873291015624,2238.3296257712577,0.0006363388837453687,0.24920521419234667,70.55176396414913,43.83108773889202,53.42145363597845,156394598.0,0,0,0,0,0,0,0,0,0
2021-03-30,2955.175048828125,2916.731552734375,2487.146780395508,65.59669601998624,11.251857238962657,2.6431416069404277,2970.6386748237383,2764.059518535637,2867.3490966796876,2241.0922929461317,0.029917071591863964,0.2324180685445109,76.6031671953435,85.1539830677801,57.24809288516792,161088606.0,0,0,0,0,0,0,0,0,0
2021-03-31,2973.232666015625,2915.6930322265625,2492.5225970458982,63.75463422305136,16.833461458353213,5.481205577222985,2973.0197229336195,2785.410281949193,2879.2150024414063,2243.2081186242012,0.0061105067852615935,0.23148983216206548,76.48288783628352,87.54308710680762,72.1760526378266,164618675.0,0,0,0,0,0,0,0,0,0
2021-04-01,2961.209228515625,2914.6311083984374,2497.829017333984,60.354407076879944,20.05554426319395,8.39607331441718,2981.786351881985,2791.487110032078,2886.6367309570314,2245.718068993384,-0.004043893919715491,0.21515284076276436,78.33738959710685,78.06534025720131,83.58747014392969,160333599.0,0,0,0,0,0,0,0,0,1
2021-04-05,3030.351318359375,2914.2231982421877,2503.526146850586,67.5662284117087,27.867023208787487,12.290263293291243,3008.9658243792937,2781.129903159769,2895.0478637695314,2249.1073317554633,0.023349275416924442,0.22137353343278623,80.76664446095232,91.26650637599755,85.6249779133355,165651461.0,0,0,0,0,0,0,0,0,0
2021-04-06,3054.489990234375,2913.3979833984376,2509.3138171386718,68.63793084866127,35.59514694013569,16.951240022660134,3037.532987058814,2772.6783654802484,2905.105676269531,2250.6036629272216,0.007965634785892961,0.22085621208488507,79.8978632036398,96.42297451182596,88.58494038167494,167943023.0,0,0,0,0,0,0,0,0,0
2021-04-07,3060.75830078125,2913.35212890625,2515.2100659179687,66.28310558077166,41.74433820416061,21.90985965896023,3059.7808396645114,2775.0697951011134,2917.4253173828124,2252.236737038671,0.0020521627397422915,0.21150855154706008,77.34163930515913,97.88290944503083,95.19079677761812,170434291.0,0,0,0,0,0,0,0,1,0
2021-04-08,3103.75,2913.6187841796873,2521.2871771240234,68.97860568431427,49.51589895320649,27.43106751780948,3088.167557872951,2775.7244343145494,2931.94599609375,2254.009320621476,0.014046094135488074,0.2134792585974525,77.29151718155056,94.92746093870188,96.41111496518623,173012409.0,0,0,0,0,0,0,0,0,0
2021-04-09,3108.334716796875,2914.1979345703126,2527.35520324707,80.59744696926091,55.40617724519325,33.02608946328624,3114.9738692123747,2774.3012772720003,2944.6375732421875,2256.0127666096146,0.0014771540223519342,0.2107034246687031,69.73647023919996,90.81148438873171,94.54061825748816,175923538.0,0,0,0,0,0,0,0,0,0
2021-04-12,3037.508544921875,2913.9266064453127,2533.19017578125,68.56027531200021,53.73970718483861,37.16881300759671,3124.5269213631523,2781.1775219962224,2952.8522216796873,2258.392583825694,-0.022785889657335856,0.23136209171268798,71.80150688004596,67.887873196357,84.54227284126354,172131710.0,0,0,0,0,0,0,0,0,0
2021-04-13,2904.184326171875,2912.1957275390623,2537.8818737792967,47.837863450735114,41.18609971949172,37.972270349975716,3122.869213567896,2787.1484377992915,2955.008825683594,2262.8501675392527,-0.04389262343735367,0.2843147750308946,75.32338411805608,19.59518377865971,59.43151378791615,163477114.0,0,0,0,0,0,0,0,0,0
2021-04-15,3011.686279296875,2914.209169921875,2543.190873413086,55.50115326505243,39.456949393712875,38.26920615872315,3126.6892018574076,2797.6246897441547,2962.156945800781,2266.453650386186,0.03701622936127569,0.3119447263841804,82.25026057217292,56.50500403607822,47.99602033703166,169539874.0,0,0,0,0,0,0,0,0,0
2021-04-16,2989.41748046875,2915.2532958984375,2548.478986816406,55.31771121251018,35.8761217459878,37.790589276176085,3129.1821888053837,2803.0936656868034,2966.1379272460936,2268.2993255103343,-0.0073941296546079505,0.31066259631598864,83.80402655323208,48.85921399969644,41.6531339381448,166315217.0,0,0,0,0,0,0,0,0,0
2021-04-19,2958.215576171875,2914.4739208984374,2553.5651666259764,57.199031957418526,30.172744508321557,36.26702032260518,3129.5728208840533,2807.2734925925092,2968.4231567382812,2269.759555493522,-0.010437452948854231,0.31356219395620477,82.41391335344403,38.14632324925846,47.836847095011045,163636111.0,0,0,0,0,0,0,1,0,0
2021-04-20,2942.076416015625,2913.4353857421875,2558.268653564453,55.64505586569952,24.072983246878266,33.82821290745979,3123.772981436606,2823.1826337977686,2973.4778076171874,2271.4242085749843,-0.0054557079227928185,0.29997637166226265,84.02116245270902,28.505696165316316,38.503744471423744,160494218.0,0,0,0,0,0,0,0,0,0
2021-04-22,2917.98486328125,2912.1320947265626,2562.6545330810545,46.80803983962564,17.09779875557615,30.482130077083067,3118.7374575762656,2834.6364926190467,2976.686975097656,2272.4360625460595,-0.008188622363181741,0.301902204776842,78.35402837318468,16.263872162911795,27.63863052582887,158505238.0,0,0,0,0,0,0,0,0,0
2021-04-23,2909.283203125,2911.2255029296875,2566.702094116211,44.42175697288365,10.743914383765969,26.53448693841965,3119.392594193521,2832.0961020955415,2975.744348144531,2273.244445867576,-0.0029820785795526827,0.287566777898398,75.34336118293683,12.957613961136772,19.24239409645497,156889929.0,0,0,0,0,0,0,0,0,0
2021-04-26,2901.143310546875,2909.1054150390623,2570.6778778076173,44.72477398627236,4.994025916614191,22.22639473405856,3120.5034755236143,2827.074380921698,2973.788928222656,2274.4707886338633,-0.0027979031293280388,0.28724346906271875,75.00587002444568,9.864803380771445,13.028763168273349,154399669.0,0,0,0,1,0,0,1,0,0
2021-04-27,2930.3349609375,2908.265244140625,2575.036205444336,40.553271893524006,2.7608942322958683,18.33329463370602,3120.297370453587,2828.3003834526626,2974.298876953125,2275.22679641336,0.010062119401168967,0.28856829270181034,69.88010459618519,20.956380366575768,14.592932569494671,155871086.0,0,0,0,0,0,0,0,0,0
2021-04-28,2922.942626953125,2906.5961083984375,2579.4250646972655,37.16921591002177,0.39012459788227716,14.744660626541274,3116.489310969777,2837.651875553661,2977.070593261719,2276.057397662649,-0.0025226924849608423,0.2806287172566754,69.47912784921469,18.147610036865146,16.32293126140413,154232049.0,0,0,0,0,0,0,0,0,0
2021-04-29,2914.6630859375,2904.8979736328124,2583.6890270996096,35.805945693106,-2.1322380696187793,11.369280887309264,3112.724596288554,2845.9495980473835,2979.3370971679688,2276.866475578529,-0.002832604697498131,0.28097574749146215,70.08728208809819,15.001739030838653,18.035243144759864,152610654.0,0,0,0,0,0,0,0,0,0
2021-04-30,2840.188720703125,2901.99478515625,2587.5915197753907,25.86956317652249,-10.025124131860139,7.090399883475385,3120.578966811733,2826.5965947117047,2973.587780761719,2278.215589471123,-0.025551620560775867,0.27398605118254243,72.96763615679174,4.680698183524907,12.610015750409579,149538349.0,0,0,0,0,0,0,0,0,0
2021-05-03,2841.45166015625,2900.070224609375,2591.7232275390625,25.415903346972257,-15.994015487704928,2.4735168092393227,3125.4265046650476,2808.570956272453,2966.99873046875,2278.89347575265,0.00044466744196225427,0.272539686058334,73.2783863361274,9.877296213938205,9.853244476100597,151084180.0,0,0,0,0,0,0,0,0,0
2021-05-04,2853.38037109375,2898.9652783203123,2595.627197265625,30.974511730032916,-19.536651255957167,-1.9285168037999756,3128.0032759123565,2795.2112992829557,2961.607287597656,2279.7825427426424,0.004198104477640241,0.27333856366245957,68.60700374627605,18.82709977641577,11.128364724626303,153074957.0,0,0,0,0,0,0,1,0,0
2021-05-05,2896.3720703125,2899.3881787109376,2599.7189282226564,49.00750412363908,-18.660043430089445,-5.27482212905787,3120.436881019463,2789.379769371162,2954.9083251953125,2280.710688516448,0.0150669359242388,0.26471200302133874,60.33023562514544,37.736808639125925,22.147068209826642,155014246.0,0,0,0,0,0,0,0,0,0
2021-05-06,2911.107421875,2900.4005126953125,2604.042413330078,33.28141549824484,-16.585122719024184,-7.536882247051134,3107.4248559838934,2788.053537570794,2947.7391967773438,2281.586168406165,0.005087520251122246,0.26345093128760894,54.32895263701452,44.21808788837766,33.593998767973126,156805917.0,0,0,0,1,0,0,0,0,0
2021-05-07,2931.17626953125,2901.5428857421875,2608.432999267578,40.247607647678294,-13.16953462559377,-8.663412722759661,3091.896715414836,2790.6234750148515,2941.2600952148437,2282.5477375792066,0.006893887702475787,0.2650600177408934,53.2597021915123,58.233374246193016,46.729423591232205,158718457.0,0,0,0,1,0,0,1,0,0
2021-05-10,2942.96533203125,2905.0430029296876,2612.802794189453,47.26880964436154,-9.402985867201096,-8.811327351647948,3063.0721630829216,2803.369560549891,2933.2208618164063,2283.638341553115,0.004021956175936703,0.25932392376535984,51.86636213068615,63.92589596420032,55.459119366257006,160855610.0,0,0,0,1,0,0,1,0,0
2021-05-11,2921.539794921875,2907.7076220703125,2617.2240014648437,46.39041127632805,-8.053989249069673,-8.659859731132293,3024.215745383549,2823.546486061764,2923.8811157226564,2284.8268056096085,-0.007280254672448638,0.2593928809794989,48.882446388344306,74.03243000339684,65.39723340459675,158439985.0,0,0,0,1,0,0,0,0,0
2021-05-12,2888.79345703125,2910.31798828125,2621.5733032226562,45.02070541672358,-9.517543191961522,-8.83139642329814,3002.324802316611,2830.5659203396385,2916.445361328125,2285.747048488747,-0.011208588685851062,0.2507726050320592,49.50061370306993,52.184749134537704,63.38102503404497,156461427.0,0,0,0,0,0,0,0,0,0
2021-05-14,2855.017333984375,2911.369619140625,2625.8178845214843,41.47305765035979,-13.250131815436816,-9.715143501725876,3004.0568936298814,2823.917129807619,2913.98701171875,2286.6416781011535,-0.011692121139593725,0.2012450449580026,51.542253817401516,29.6500168606517,51.95573199952876,154417492.0,0,0,0,0,0,0,0,0,0
2021-05-17,2872.0927734375,2914.6526806640627,2629.9181677246092,45.55989483244611,-14.6613826402413,-10.704391329428962,2986.1746279206554,2827.8400449309074,2907.0073364257814,2287.939907529227,0.005980853163260802,0.14670336312080923,49.82139768603377,41.04239768544632,40.95905456021192,157307954.0,0,0,0,0,0,0,0,0,0
2021-05-18,2889.915771484375,2917.732705078125,2633.6289135742186,43.599885881376935,-14.17820458026381,-11.399153979595932,2971.277954546777,2832.786547406348,2902.0322509765624,2288.9074963718544,0.006205578807102263,0.14840877995446125,51.08773456710901,52.93353417695318,41.2086495743504,159406492.0,0,0,0,0,0,0,1,0,0
2021-05-19,2883.553466796875,2919.14828125,2637.46453125,43.742572752123074,-14.145605567258372,-11.948444297128422,2962.670229821841,2833.9280611937843,2898.2991455078127,2289.8106912862067,-0.0022015536751204268,0.14477539766785183,51.88299763345406,48.68873578553544,47.55488921597833,157420451.0,0,0,0,1,0,0,1,0,0
2021-05-20,2862.969970703125,2919.165107421875,2641.181192626953,42.09689833073175,-15.600849840134742,-12.678925405729686,2957.089899738768,2831.5977467456073,2894.3438232421877,2290.8297794874175,-0.007138239790162371,0.14554671052322876,50.87052225786351,34.95585196433709,45.526040642275255,155091424.0,0,0,0,0,0,0,1,0,0
2021-05-21,2882.151123046875,2919.741455078125,2644.9849255371096,57.720773200321986,-15.033090609522787,-13.149758446488306,2954.497177010027,2830.607095450911,2892.552136230469,2291.5897080235663,0.006699739270768168,0.14582468503206067,45.594329187591256,47.75312097508635,43.79923624165298,156776990.0,0,0,0,0,0,0,0,0,0
2021-05-24,2883.08544921875,2921.1158544921873,2648.9200268554687,57.66958520951803,-14.342414587674739,-13.388289674725593,2952.8043982439917,2829.680098826321,2891.2422485351562,2292.3339029274684,0.00032417667637330005,0.14557358617712485,44.391399612587065,35.99019157657312,39.56638817199886,158429250.0,0,0,0,1,0,0,0,0,0
2021-05-25,2927.744873046875,2923.4040234375,2653.0991149902343,62.22488716149452,-10.075265210049565,-12.725684781790388,2956.151610319609,2828.9930430007034,2892.5723266601562,2293.2237208660936,0.015490149221982552,0.15571878308875675,44.8627197708946,72.72395198408464,52.15575484524803,160270863.0,0,0,0,0,0,0,0,0,0
2021-05-26,2969.583251953125,2925.705625,2657.441834716797,62.081101747425436,-3.2797046714108546,-10.836488759714483,2965.064600322807,2824.0048820990683,2894.5347412109377,2294.2116826846946,0.014290308999058698,0.15983053131121416,45.65457930739136,95.47914998890782,68.06443118318853,162194616.0,0,0,0,0,0,0,0,0,0
2021-05-27,2989.797119140625,2928.037255859375,2661.659656982422,62.75453632422995,3.6943302233503346,-7.930324963101519,2979.5354514037144,2816.2194802369104,2897.8774658203124,2297.3452097223994,0.006806971036829923,0.16075310548645924,45.62381385333837,80.79155078549984,82.9982175861641,168154401.0,0,0,0,0,0,0,0,0,0
2021-05-28,2955.57421875,2929.9276953125,2665.7656457519533,53.78108782608827,6.386185107192432,-5.0670229490427285,2985.3157358340673,2814.5303090878074,2899.9230224609373,2298.221556028956,-0.011446562768935298,0.16641339431366886,46.57645984267054,62.26999082745953,79.51356386728907,166390700.0,0,0,1,0,0,0,0,0,1
2021-05-31,2970.19384765625,2931.9570947265624,2670.0030810546873,54.18305713334114,9.588649386402267,-2.13588848195373,2992.460399349675,2820.3861582675127,2906.4232788085938,2299.0588995745497,0.004946459748330412,0.13466760455716098,46.76052547940448,70.1821879311739,71.08124318137776,168043499.0,0,0,0,0,0,0,0,0,0
2021-06-01,2964.412353515625,2933.049384765625,2674.2250927734376,56.91899380148682,11.527228427141836,0.5967348998653832,2996.6098872974144,2828.5327396557104,2912.5713134765624,2299.7491503640085,-0.001946503978246139,0.1353642164693081,45.67691047577773,67.05322197123502,66.50180024328948,166666058.0,0,0,0,0,0,0,0,0,1
2021-06-02,2942.27099609375,2933.6445849609377,2678.441241455078,58.93636951115231,11.148431602875007,2.7070742404673083,2997.1869975691297,2836.8446918839954,2917.0158447265626,2300.8313327038263,-0.0074690544976364626,0.13930643840450302,45.18688026013774,55.07023764317383,64.10188251519425,164425980.0,0,0,0,0,0,0,0,0,0
2021-06-03,2953.364501953125,2935.89220703125,2682.7263415527345,67.78235105079335,11.609557844976734,4.487570961369194,3000.9928747479435,2838.7380578692437,2919.8654663085936,2301.4595676473036,0.003770388884675402,0.13026985148317885,43.41965695184503,61.0740839441604,61.065847852856415,165707686.0,0,0,0,0,0,0,0,0,0
2021-06-04,2955.715087890625,2937.930478515625,2687.080382080078,65.97031766532538,12.02604756420169,5.995266281935693,3004.649650544931,2839.542048673819,2922.095849609375,2302.360654785148,0.0007959010599420946,0.1293744303906973,42.93888216852292,59.00422739090585,58.38284965941336,167543746.0,0,0,0,0,0,0,0,0,0
2021-06-07,2992.805419921875,2939.2238720703126,2691.567567138672,68.30302777618533,15.174081123760516,7.831029250300658,3013.553714353599,2836.8008999042136,2925.1773071289062,2303.683892711766,0.012548683120104043,0.13437228952919397,43.13124415017017,80.85929109371006,66.9792008095921,170103567.0,0,0,0,0,0,0,0,0,0
2021-06-08,3008.7421875,2940.593681640625,2696.058419189453,71.53619808969576,18.738874276385104,10.012598255517547,3024.217687031111,2832.7146127735764,2928.4661499023437,2305.0400386834144,0.005325026302091196,0.1348301646694257,42.939754241141664,84.07797533217536,74.64716460559708,172677624.0,0,0,0,1,0,0,0,0,0
2021-06-09,3008.836181640625,2942.367685546875,2700.6108837890624,76.99649184955982,21.32575306784838,12.275229217983714,3034.9970154556936,2830.664923020869,2932.8309692382813,2305.938679673544,3.124034389379027e-05,0.1312236529115885,42.75700521616776,83.88111572804577,82.93946071797706,174388549.0,0,0,0,1,0,0,1,0,0
2021-06-10,3024.396484375,2945.50544921875,2705.258581542969,76.68399382634064,24.350759141761046,14.690335202739181,3047.3198523809046,2831.902388830033,2939.611120605469,2306.9422486786725,0.005171535369496327,0.12278413990558544,42.626806817799626,91.83699359935902,86.59869488652673,176262873.0,0,0,0,0,0,0,0,0,0
2021-06-11,3077.98681640625,2949.678525390625,2710.1939916992187,80.5303446345228,30.71828885866762,17.89592593392487,3067.3890274359833,2834.130162017142,2950.7595947265627,2308.921292643981,0.01771934741629111,0.12263688398085246,47.00275241019218,84.48656483805328,86.73489138848602,179715827.0,0,0,0,0,0,0,0,0,0
2021-06-14,3080.384765625,2952.1827197265625,2715.143714599609,77.55915264861224,35.54831761889409,21.426404270918717,3085.1915574541954,2837.1568312176796,2961.1741943359375,2309.9792206243637,0.0007790641616685079,0.12279723545329824,45.43125016230306,84.08894698869891,86.80416847537042,181563187.0,0,0,0,1,0,0,1,0,0
2021-06-15,3067.597412109375,2954.0700146484373,2720.054841308594,69.77045615265365,37.90734536860691,24.722592490456357,3097.9777044365183,2842.1388482978564,2970.0582763671873,2310.712424262062,-0.004151219567868014,0.12528779974357523,44.44069470223261,76.15958924415112,81.57836702363444,180258202.0,0,0,0,0,0,0,0,0,0
2021-06-16,3078.50439453125,2956.41591796875,2724.9700537109375,68.59118478669092,40.19366661507138,27.816807315379364,3109.6666718626107,2849.944973645202,2979.8058227539063,2311.642568228022,0.003555545580661734,0.1237645157064048,43.262111456444536,82.13942389326631,80.79598670870546,181893754.0,0,0,0,0,0,0,0,0,0
2021-06-17,3119.307861328125,2958.195048828125,2730.1129992675783,83.39403137575923,44.78187387042772,31.20982062638904,3124.5142096541617,2860.731224916151,2992.6227172851563,2313.000322912948,0.013254314942463541,0.1220991617836351,44.18214909022783,91.72128868615215,83.34010060785653,184167167.0,0,0,0,0,0,0,0,0,0
2021-06-18,3100.081298828125,2959.106875,2735.205606689453,76.00234990288567,46.33254552211247,34.234365605533725,3132.968816258492,2874.0696358899454,3003.5192260742188,2314.9628641934282,-0.006163727132663888,0.12721134298972636,46.95234565193131,75.02056223466542,82.96042493802797,180786736.0,0,0,0,0,0,0,0,0,0
2021-06-21,3077.32861328125,2959.43828125,2740.097507324219,71.16659878173239,45.20442394607926,36.42837727364284,3133.453716546936,2893.0090520077515,3013.2313842773438,2315.5980865036495,-0.007339383504386121,0.13268475197476837,47.46611403392808,65.0616393877908,77.26783010286945,179656167.0,0,0,0,0,0,0,0,0,0
2021-06-22,3103.748291015625,2959.4382470703126,2745.172186279297,79.7917047652422,45.912970519780174,38.32529592287031,3141.6715416561783,2902.391568695384,3022.0315551757812,2316.589353151005,0.008585263731780923,0.12638405179126092,48.10413693258137,75.86592815765705,71.98270992670443,181364855.0,0,0,0,1,0,0,1,0,0
2021-06-23,3066.328369140625,2958.5981201171876,2749.9723583984373,68.99593724238274,42.95980987359417,39.25219871301508,3145.3980457726448,2908.339576297668,3026.8688110351563,2317.3981156539526,-0.012056364874470926,0.12959895317316658,50.83739416110221,58.54076951456932,66.4894456866724,179897751.0,0,0,0,0,0,0,0,0,0
2021-06-24,3171.81787109375,2961.284306640625,2755.140272216797,76.98075226674322,48.571626504624874,41.116084271337044,3169.514987487198,2902.424709778427,3035.9698486328125,2320.000603945609,0.03440254573344648,0.1737132594982362,56.86468744266953,96.23100057991128,76.87923275071255,184052955.0,0,0,0,0,0,0,0,0,0
2021-06-25,3178.5869140625,2966.7723583984375,2760.3917810058592,75.09512562386513,52.95480676285888,43.48382876964141,3189.360000791697,2904.880966005178,3047.1204833984375,2321.7108894529115,0.002134120950146423,0.16519757569028456,56.38116595177352,91.16894905429203,81.98023971625754,186775816.0,0,0,0,0,0,0,0,0,0
2021-06-28,3137.171142578125,2969.2820556640627,2765.258370361328,66.23079699971923,52.48162654177713,45.283388324068554,3198.2977137080784,2912.6409825809837,3055.469348144531,2322.5185840558033,-0.013029617438222618,0.17539922287390067,57.099688931789096,70.53152152625402,85.97715705348578,185420578.0,0,0,1,0,0,0,0,0,1
2021-06-29,3141.0263671875,2972.3142333984374,2770.045900878906,66.54881256490992,51.82035936826696,46.590782532908236,3205.250750393406,2923.349347262844,3064.300048828125,2323.413313717049,0.0012288856534001802,0.17462095787327767,57.50262631262571,71.5460734122727,77.74884799760626,186917900.0,0,0,0,1,0,0,1,0,0
2021-06-30,3145.633544921875,2976.0625927734377,2774.952014160156,65.6055691279445,51.07925129525893,47.488476285378376,3207.4699236684814,2941.4664288705812,3074.4681762695313,2324.428392826808,0.0014667746130703208,0.1703754792862127,58.34207968072779,71.42875496209895,71.16878330020856,188611046.0,0,0,0,1,0,0,1,0,0
2021-07-01,3141.6376953125,2980.053818359375,2779.8218774414063,59.39226957212169,49.597754103462194,47.91033184899514,3207.0832221581013,2960.6804497168987,3083.8818359375,2325.018061837029,-0.001270284523709253,0.17116837945367727,53.7519421778591,60.73624597314308,67.90369144917157,187620736.0,0,0,0,0,0,0,0,0,0
2021-07-02,3126.547607421875,2984.2250732421876,2784.4166003417968,56.56581510585768,46.66805266444362,47.66187601208484,3201.03452823663,2983.812395591495,3092.4234619140625,2325.999330879613,-0.004803255293613362,0.17332969133748544,54.28584941057823,49.89893238139585,60.687977772212626,185938462.0,0,0,0,0,0,0,0,0,0
2021-07-05,3122.363525390625,2988.4866796875,2788.4450305175783,57.9848875106253,43.507099948594714,46.83092079938682,3197.4872802227114,3000.3154541522886,3098.9013671875,2327.1410421987835,-0.0013382435058137965,0.17002209263938772,56.00169551733578,46.84016218087378,52.49178017847091,183965604.0,0,0,0,0,0,0,0,0,0
2021-07-06,3067.174560546875,2991.8073046875,2792.1975158691407,48.53702133293822,36.13222413013955,44.69118146553736,3192.287647331592,3011.3583243480953,3101.8229858398436,2328.300503589649,-0.017675380971805876,0.18344294548607193,58.029811061143945,7.164659466663261,34.63458467631097,181806184.0,0,0,0,0,0,0,0,0,0
2021-07-07,3079.067626953125,2994.7819580078126,2795.9555346679685,44.38468058663367,30.89115892438258,41.931176957306405,3185.4633346654196,3025.2057815455178,3105.3345581054687,2329.736199420338,0.003877531640758436,0.18367449722044282,55.68268628039021,21.10080393315414,25.035208526897062,184446894.0,0,0,0,1,0,0,1,0,0
2021-07-08,3063.60205078125,2997.595146484375,2799.8317321777345,44.855507728496235,25.19915408081215,38.58477238200756,3180.724681961617,3033.8649908899456,3107.2948364257813,2331.05488173777,-0.005022811462955357,0.18432713754351568,54.54775196694095,15.857003789629422,14.707489063148941,181961083.0,0,0,0,0,0,0,0,0,0
2021-07-09,3016.263427734375,2999.6271533203126,2803.5226123046873,41.94672383183497,16.676135865377546,34.203045078681555,3187.3686194220477,3021.048714562327,3104.2086669921873,2334.1931315674965,-0.01545194913118797,0.18130614066817902,56.92506421208327,3.599249337198764,13.51901901999411,175596016.0,0,0,0,0,0,0,0,0,0
2021-07-12,3002.11376953125,3002.865654296875,2807.0711413574218,36.148147063658065,8.679768394170424,29.098389741779332,3194.77259029019,3005.8176440848106,3100.2951171875,2335.101304845112,-0.004691121495894457,0.18165329530793317,56.501937781201796,2.2479914071134885,7.234748177980559,173703790.0,0,0,0,0,0,0,0,0,0
2021-07-13,2996.896240234375,3005.9745458984376,2810.3255505371094,39.62647216742731,1.8996802218880475,23.658647837801077,3201.158809787074,2992.3613074004256,3096.76005859375,2335.960615024373,-0.001737951889041689,0.18133929772177798,54.24548105088911,5.5865093764672595,3.8112500402598375,171894451.0,0,0,0,0,0,0,0,0,0
2021-07-14,3022.281005859375,3009.35255859375,2813.9649243164063,20.62783709726766,-1.4090078999502111,18.64511669025082,3203.3265814832125,2984.5711968371,3093.9488891601563,2336.966010611512,0.00847035185409517,0.18383617420518134,48.56403645199167,17.605101039827137,8.479867274469294,173938730.0,0,1,0,0,0,0,0,1,0
2021-07-15,3017.9462890625,3011.78404296875,2818.2112133789065,18.14216878670034,-4.331017222508763,14.049889907698903,3202.6174753112496,2975.144145782501,3088.880810546875,2338.0539196166596,-0.001434253396183638,0.1761124693365012,47.77715282306992,16.13830580087171,13.109972072388702,171705762.0,0,0,0,0,0,0,0,0,0
2021-07-16,3010.267333984375,3013.7672412109373,2822.0004333496095,20.944838580573332,-7.183550661258323,9.803201793907458,3203.242021640939,2965.538202968436,3084.3901123046876,2338.657679075652,-0.0025444306633138902,0.17533333887521724,45.72290205092236,12.933249532266661,15.55888545765517,170449236.0,0,0,0,0,0,0,0,0,0
2021-07-19,3000.65625,3015.1568408203125,2825.722999267578,18.686974309372403,-10.103273865172014,5.821906662091564,3205.1738031010796,2955.9391851801706,3080.556494140625,2339.41254102703,-0.0031927675910610187,0.17408731392421878,44.651889852639606,7.994827436375225,12.355460923171199,168852178.0,0,0,0,0,0,0,0,0,0
2021-07-20,3020.6318359375,3016.7101708984374,2829.256721191406,23.904540853615643,-10.682175230885605,2.52109028349613,3203.2845287672076,2949.51681400623,3076.400671386719,2340.292698257481,0.006657072411243359,0.17277885200164916,45.6913699868176,23.58646650787485,14.838181158838912,170664123.0,0,0,0,0,0,0,0,0,0
2021-07-22,3030.57275390625,3018.890830078125,2832.8220178222655,27.375574162155928,-10.220988540067538,-0.027325481216603276,3203.0918559726756,2946.1339252773246,3074.612890625,2341.697237725608,0.003291006156552978,0.1686462869058415,46.052423818872676,28.598425117707453,20.05990635398584,173523457.0,0,0,0,0,0,0,0,0,0
2021-07-23,3027.27490234375,3021.660458984375,2836.2259973144533,28.757142842216453,-10.00625791218863,-2.0231119674110087,3188.915426640725,2945.856057734275,3067.3857421875,2342.5626876876368,-0.0010881941567808529,0.10687651222028902,45.291961918075586,26.93573203598392,26.373541220522075,171747264.0,0,0,0,0,0,0,0,0,0
2021-07-26,3012.858154296875,3024.817275390625,2838.710081787109,27.550626132393717,-10.874044211326236,-3.7932984161940544,3170.916082047533,2947.2825263509044,3059.0993041992188,2343.162215394638,-0.004762285722949455,0.10587386533745154,42.70461842924052,25.151401286837086,26.89518614684282,170487653.0,0,0,0,1,0,0,1,0,0
2021-07-27,2999.1015625,3027.357451171875,2841.0858654785156,33.18867021270182,-12.527404968391693,-5.540119726633582,3160.717535566336,2943.6741148242886,3052.1958251953124,2343.6840973889025,-0.004565960656745749,0.0989045238928539,41.16383912953295,19.90075499668382,23.995962773168277,169366286.0,0,0,0,0,0,0,0,0,0
2021-07-28,3013.093994140625,3029.821015625,2843.4309509277346,33.874340300901565,-12.56380526007797,-6.94485683332246,3147.117175127891,2944.4812379580467,3045.799206542969,2344.4719060192206,0.004665541112572669,0.10122340960755301,43.25289887103687,41.2831786473408,28.778444976953903,171026940.0,0,0,0,0,0,0,0,0,0
2021-07-29,3011.209228515625,3032.374130859375,2845.3493334960935,36.283181315555666,-12.599498412993853,-8.075785149256738,3129.7902573099227,2948.3657241353894,3039.077990722656,2345.2892758663656,-0.0006255250014320923,0.10052728698592317,41.179550368680985,44.505749807296596,35.22989448377374,169294943.0,0,0,0,0,0,0,1,0,0
2021-07-30,2984.496826171875,3034.80466796875,2847.1934338378906,40.67629734726342,-14.61478299711007,-9.383584718827406,3111.105529270701,2951.336365260549,3031.220947265625,2346.643686674942,-0.008870988468947405,0.10321739390685196,39.85545379585282,32.11162566794354,39.300184707526974,166295000.0,0,0,0,0,0,0,0,0,0
2021-08-02,3033.4462890625,3037.8305712890624,2849.203009033203,57.636348490438046,-12.122358973480914,-9.931339569758109,3092.7342993758057,2960.3974633195066,3026.565881347656,2347.9068134956547,0.01640124474630822,0.12266774544510549,40.55229148124278,79.70665189268101,52.108009122640375,168903669.0,0,0,0,0,0,0,0,0,0
2021-08-03,3095.162353515625,3042.072109375,2851.5372033691406,68.77799217711957,-5.1082397510317605,-8.96671960601284,3083.7639810471196,2966.6476644606932,3025.2058227539064,2349.905875298162,0.020345197696643114,0.14510065098897676,42.71506500804149,96.76388746197286,69.5273883408658,172708404.0,0,0,0,0,0,0,0,0,0
2021-08-04,3084.845703125,3045.2141259765626,2853.842928466797,62.686273092616005,-0.3776142973565584,-7.248898544281583,3087.7641669390177,2964.414592826607,3026.0893798828124,2351.416646875533,-0.0033331532282649956,0.13066297040778277,43.19160759669967,81.91554112391329,86.1286934928557,169778806.0,0,0,0,0,0,0,0,0,0
2021-08-05,3094.267822265625,3047.7078173828127,2856.517938232422,65.16291942451207,4.084641522836137,-4.982190530858039,3091.5722888723567,2962.126490424518,3026.8493896484374,2352.7354046343257,0.0030543242830849415,0.13039804905426577,44.17758760861482,82.9955987809775,87.22500912228789,172313327.0,0,0,0,0,0,0,0,0,0
2021-08-06,3118.624755859375,3050.2843701171873,2859.2087414550783,70.18959933039775,9.477165525931923,-2.090319319500047,3104.7405203324365,2954.460529472251,3029.6005249023438,2353.9631824604903,0.00787163070322583,0.13147415426769365,46.27406411700459,92.58875270927251,85.83329753805442,174605689.0,0,0,0,0,0,0,0,0,0
2021-08-09,3130.779541015625,3053.7884765625,2862.2019494628908,74.01744265167238,14.56368809893138,1.2404821641862385,3122.6517449277953,2948.0009162050173,3035.3263305664063,2354.7828693320143,0.0038974824186248647,0.11661132198220671,46.502886244772625,93.01072897313482,89.53169348779494,176116178.0,0,0,0,1,0,0,1,0,0
2021-08-10,3141.33251953125,3057.21125,2865.1197534179687,73.08111045543164,19.224720445417006,4.837329820432393,3140.0381359740913,2944.5364001587213,3042.2872680664063,2355.9026037811072,0.0033707191379568346,0.11405989446621212,44.85058198718408,92.64367300914813,92.74771823051849,178156955.0,0,1,0,0,0,0,0,1,0
2021-08-11,3151.037841796875,3060.943759765625,2868.3830407714845,73.05683357024502,23.431655023592157,8.556194861064347,3156.583291040812,2943.40540524825,3049.994348144531,2356.971514663369,0.0030895558509906884,0.11307986042687247,44.71260780335732,93.05797968158426,92.90412722128906,180086662.0,0,0,0,0,0,0,0,0,0
2021-08-12,3158.152099609375,3065.2613818359373,2871.7017456054687,74.68901147790588,27.028178122320696,12.250591513315616,3172.839375266303,2940.7364303977597,3056.7879028320312,2357.7021195561956,0.0022577506744390075,0.1108837710526382,45.190448251437275,93.10272971049329,92.93479413374189,181396867.0,0,1,0,0,0,0,0,1,0
2021-08-13,3263.352783203125,3071.4611474609374,2875.4733813476564,85.19809921358598,37.930030772708506,17.386479365194194,3215.6847826707294,2922.4316724073956,3069.0582275390625,2360.4443248791526,0.03331083503127097,0.15535234722999713,51.57410859569755,95.22437011249812,93.79502650152523,185760451.0,0,0,0,0,0,0,0,0,0
2021-08-16,3272.350830078125,3077.7938623046875,2879.2834716796874,88.91587060182432,46.75691016947758,23.260565526050875,3251.7184926237037,2912.606312063796,3082.16240234375,2361.7607920269575,0.0027573013010773195,0.15353683443510505,52.17983380223414,94.08753900884086,94.1382129439441,187843940.0,0,0,0,0,0,0,0,0,0
2021-08-17,3347.824951171875,3084.8942529296874,2883.7419775390626,90.56768688159826,59.16044174799208,30.44054077043912,3301.857739072835,2897.183935731852,3099.5208374023437,2364.714462260939,0.023064189939545177,0.16459890702981028,53.912882360107496,98.05496475821536,95.78895795985146,192179959.0,0,0,0,0,0,0,0,0,0
2021-08-18,3354.891845703125,3091.81724609375,2888.2729370117186,91.135876699087,68.76785617526957,38.10600385140521,3344.670374310966,2887.7973014702843,3116.233837890625,2366.5111052272323,0.0021108912904110877,0.1649800851854952,55.47767392091386,92.03746242052198,94.7266553958594,194811268.0,0,0,0,0,0,0,0,0,0
2021-08-20,3353.90185546875,3098.7185595703127,2892.7501525878906,97.11578762501503,75.43237986825488,45.57127905477515,3380.250682025898,2884.5499039116016,3132.40029296875,2368.438392019748,-0.0002950885691420657,0.16605035896488593,56.4098245975213,91.70546708519255,93.93263142130996,191975120.0,0,0,0,0,0,0,0,0,0
2021-08-23,3427.3017578125,3106.7766650390627,2897.444020996094,97.2851166804232,85.6495073945307,53.58692472272626,3427.58810836645,2877.215163117925,3152.4016357421874,2371.159883117264,0.021884928512164725,0.17444638985416083,60.15183423003792,92.1594329776848,91.9674541611331,195719296.0,0,0,0,0,0,0,0,0,0
2021-08-24,3404.500244140625,3113.30693359375,2902.3052026367186,90.966024383399,90.85939245816371,61.04141826981375,3460.7627392206746,2883.2047412480756,3171.983740234375,2372.9380693680796,-0.006652905195727032,0.17615458022802016,60.27972034807596,85.47851009303938,89.7811367186389,193208155.0,0,0,0,0,0,0,0,0,0
2021-08-25,3447.654541015625,3120.6523291015624,2907.2467456054687,94.2027347386769,97.34828458114498,68.30279153208,3496.0435729840265,2892.7792053362864,3194.4113891601564,2374.499522700178,0.012675662734720428,0.17279522704293995,63.42275848670225,91.09706475459446,89.57833594177288,195331418.0,0,1,0,0,0,0,0,1,0
2021-08-26,3459.7626953125,3128.495634765625,2912.1575476074217,94.24043140321295,102.28868491108187,75.09997020788038,3527.8461106604395,2905.643537777061,3216.74482421875,2375.9105439502628,0.0035119975487185595,0.17305458185226405,62.56129537210355,94.01510920860092,90.19689468541158,197233951.0,0,0,0,0,0,0,0,0,0
2021-08-27,3505.27294921875,3137.031005859375,2917.143919677734,94.52100543626459,108.62413351639043,81.80480286958239,3562.145506455111,2920.750514052702,3241.4480102539064,2378.9468636349734,0.013154154753997949,0.17191927353321243,63.86696416176109,97.77113444972241,94.29443613763927,201178679.0,0,0,0,0,0,0,0,0,0
2021-08-30,3487.511474609375,3144.395078125,2921.9399267578124,90.5526605594213,110.9330524432612,87.63045278431815,3581.2898460215015,2951.9076393300606,3266.598742675781,2380.480839321477,-0.005067073197062677,0.16753646836154515,65.5865556704636,90.80634491738422,94.19752952523585,199145565.0,0,0,0,0,0,0,0,0,0
2021-08-31,3567.7431640625,3153.7483154296874,2927.0476818847656,91.84462716461107,117.87808890993938,93.6799800094424,3615.2972631510415,2971.3299097005206,3293.313586425781,2383.0670228059394,0.0230054266594526,0.1735294739169093,70.19682155841221,96.30827013794531,94.96191650168397,202353045.0,0,0,0,0,0,0,0,0,0
2021-09-01,3500.373046875,3162.2092041015626,2932.178112792969,80.7957213726904,116.60176238984468,98.26433648552286,3634.0504087871477,2993.097833400352,3313.57412109375,2385.0691620390085,-0.018883118568094326,0.19200198218523887,75.36568211779205,79.26429471239025,88.79296992257326,199709709.0,0,0,0,0,0,0,0,0,1
2021-09-02,3615.1376953125,3172.4369921875,2937.7040075683594,83.8592227302015,123.42801114672375,103.29707141776305,3668.533993685258,3011.6434477209923,3340.088720703125,2387.900890331866,0.03278640502044694,0.2100749399802323,82.24401449041125,95.53475098728781,90.3691052792078,203113426.0,0,0,0,0,0,0,0,0,0
2021-09-03,3620.13134765625,3183.5130517578127,2943.3330737304686,81.04448257885687,127.76797875122475,108.1912528844554,3696.1606900799957,3036.603103865317,3366.3818969726562,2389.354989879581,0.0013813173285832647,0.2106851637190825,77.1357392102665,95.95406732976909,90.25103767648238,204860238.0,0,0,0,0,0,0,0,0,0
2021-09-06,3629.507080078125,3192.6668359375,2949.075323486328,81.05693335201532,130.4601146032055,112.64502522820543,3720.0411959031076,3063.8108304640796,3391.9260131835936,2390.7973891256624,0.002589887360839871,0.21154749741214254,77.52273081052353,93.8253461400502,95.10472148570237,206583931.0,0,0,0,1,0,0,0,0,0
2021-09-07,3595.4921875,3201.00494140625,2954.5844653320314,73.20966983970388,128.3691741721359,115.78985501699152,3730.9986413016786,3099.324649713946,3415.1616455078124,2392.084462679352,-0.009371766421073624,0.2197917539881397,75.09309137383045,83.65993018267244,91.14644788416392,204998892.0,0,0,1,0,0,0,0,0,1
2021-09-08,3556.15380859375,3209.3845947265627,2959.9169909667967,67.78514802312932,122.12997210772619,117.05787843513846,3729.740958450436,3142.064461471439,3435.9027099609375,2395.3293922502326,-0.01094102750188497,0.228648123774456,75.19403614590313,72.60329870549806,83.36285834274024,200851717.0,0,0,0,0,0,0,0,0,0
2021-09-09,3572.407470703125,3218.012216796875,2965.514749755859,68.80173371085297,117.14650225849255,117.07560319980928,3724.0124027698107,3189.9299800426893,3456.97119140625,2396.468506866481,0.004570573429669045,0.2284310634107693,73.08745460906529,72.69567521056506,76.31963469957851,202292865.0,0,0,0,1,0,0,0,0,0
2021-09-13,3623.240966796875,3227.564365234375,2971.3188208007814,67.54118282178553,115.96216514468006,116.85291558878343,3716.986538614128,3243.4647309171214,3480.225634765625,2397.8603479330727,0.01422947872285829,0.229507191159524,71.19627221745957,88.61217767571391,77.97038386392568,203984338.0,0,0,0,0,0,0,0,0,0
2021-09-14,3661.448486328125,3237.9605810546873,2977.20490234375,72.38545020180639,116.76065283698108,116.83446303842297,3726.8454394133173,3273.4154004304323,3500.130419921875,2399.545731338549,0.010545122414264085,0.20810962037256928,71.09866935716329,96.33784635981424,85.88189974869773,205975526.0,0,0,0,0,0,0,0,0,0
2021-09-15,3726.133544921875,3249.9522998046873,2983.1155834960937,73.38396151143235,121.21570453116874,117.71071133697212,3744.319945895442,3301.3191654326833,3522.8195556640626,2401.7293569460467,0.01766652155158943,0.21186355891096828,72.66682859516075,92.33665691620838,92.42889365057884,208436895.0,0,0,0,0,0,0,0,0,0
2021-09-16,3677.84423828125,3261.0619140625,2988.795086669922,67.26339656363976,119.47261567601072,118.06309220477985,3755.025197650327,3323.6158423887355,3539.320520019531,2404.2391109718237,-0.01295962854214805,0.21331409003888596,76.02858565900927,76.27400986873941,88.31617104825402,205490229.0,0,0,0,0,0,0,0,0,0
2021-09-17,3606.75244140625,3271.8534716796876,2994.216015625,57.720460129468066,111.07429598834005,116.66533296149188,3751.054786592459,3352.772313016916,3551.9135498046876,2409.415307376467,-0.019329746522441904,0.22983229431080146,80.17444717667256,47.67988729210147,72.09685135901641,199013081.0,0,0,0,0,0,0,0,0,0
2021-09-20,3602.653076171875,3282.3251806640624,2999.5263342285157,58.94582579976009,102.90159705778296,113.9125857807501,3741.2506439394556,3387.451577740232,3564.351110839844,2411.000756820064,-0.001136580705488277,0.23004682586112965,80.87438998358776,43.13682253472599,55.696906565188954,197011073.0,0,0,0,0,0,0,0,0,0
2021-09-21,3639.82421875,3293.8496240234376,3005.213712158203,56.001865342441576,98.29103693827619,110.78827601225532,3742.497374315357,3407.4570934580806,3574.9772338867188,2412.2783104123932,0.010317713582797206,0.22141007797861884,77.31407103580803,56.76050124063428,49.19240368915391,198579202.0,0,0,0,1,0,0,0,0,0
2021-09-22,3639.070556640625,3306.3057666015625,3010.6771691894533,62.98976421990533,93.49852776539956,107.33032636288418,3735.803828356537,3437.6076706669005,3586.7057495117188,2413.6952135052425,-0.00020706002929826717,0.21880939900454868,72.91920926506347,53.95561498335058,51.28431291957028,196835135.0,0,0,0,1,0,0,1,0,0
2021-09-23,3645.76025390625,3319.1786962890624,3016.067849121094,53.59590749432648,89.21185366236432,103.70663182278022,3732.554931113631,3460.6671391988693,3596.61103515625,2415.3280134991146,0.001838298313127762,0.21609862610176106,66.17548182526154,50.16580300692756,53.627306410304136,198839004.0,0,0,0,1,0,0,1,0,0
2021-09-24,3647.6923828125,3332.194619140625,3021.6554260253906,53.25984131916009,84.99081895122754,99.96346924846969,3727.3157273644024,3484.699311698098,3606.00751953125,2417.2165797049865,0.0005299659801216716,0.2162430772145451,68.66905554007751,51.07413972837239,51.731852572883504,201159758.0,0,0,0,0,0,0,1,0,0
2021-09-27,3615.32666015625,3344.0555322265627,3026.996661376953,48.409288965888564,78.13330312290145,95.59743602335605,3723.1801019574373,3499.840308198813,3611.510205078125,2418.539004478993,-0.00887293095458197,0.2163033974351508,71.19291233547834,35.858294496891446,45.69941241073047,199486396.0,0,0,0,0,0,0,0,0,0
2021-09-28,3560.864990234375,3354.91390625,3032.0181982421873,46.28601115613297,67.52567684628093,89.98308418794105,3713.75032666651,3516.60543505224,3615.177880859375,2420.234142688465,-0.015064107628803058,0.22321198307729856,73.68648575705785,12.104076043810121,33.01217008969132,197233321.0,0,0,0,0,0,0,0,0,0
2021-09-29,3572.8779296875,3366.1661181640625,3036.8215173339845,51.90546075199247,59.40363231987567,83.86719381432798,3713.5123743464815,3517.356863934768,3615.434619140625,2422.120726476976,0.00337360149460042,0.20806334880251132,75.29840992219503,26.868171610270878,24.94351405032415,199722482.0,0,0,0,0,0,0,0,0,0
2021-09-30,3557.473388671875,3377.3024609375,3041.484776611328,48.29518851307663,51.134390375491876,77.32063312656075,3704.921021315227,3531.6582511457104,3618.2896362304687,2423.7997773956686,-0.004311521781258376,0.19648824659447783,76.0521986781783,20.570480573473855,19.847576075851617,197470070.0,0,0,0,0,0,0,0,0,1
2021-10-01,3514.741943359375,3387.1846630859377,3046.058116455078,37.38078227950756,40.66413520467313,69.98933354218323,3711.5251121103665,3515.014585155259,3613.2698486328127,2424.929175518559,-0.012011739974941316,0.16118610865039937,76.0252841195905,3.10099285157727,16.846548345107333,195891696.0,0,0,0,0,0,0,0,0,0
2021-10-04,3555.352783203125,3397.680263671875,3050.8377795410156,37.72890690563834,35.237146038949504,63.03889604153649,3711.5503797669603,3508.5114610533524,3610.0309204101563,2425.9343127057123,0.011554430025930928,0.16740439546530053,76.34160457857112,24.00656456872923,15.89267933126012,197248556.0,0,0,0,0,0,0,0,1,0
2021-10-05,3611.8876953125,3409.37251953125,3055.8342797851565,36.53235020707241,35.093576051293894,57.44983204348797,3710.262767440181,3508.0371349035686,3609.149951171875,2427.392019866434,0.015901350880415555,0.1774016917843506,75.29167519236638,45.88060215415698,24.32938652482116,199126522.0,0,0,0,0,0,0,0,0,0
2021-10-06,3590.781005859375,3420.9309765625,3060.8940356445314,39.03393348606222,32.89744113534516,52.53935386185942,3710.1830099200256,3507.6457742596617,3608.9143920898437,2428.6684438387974,-0.005843672681328682,0.17540905083936362,73.46104118968267,43.54867614518774,37.81194762269132,197448368.0,0,0,0,0,0,0,0,0,0
2021-10-07,3668.04443359375,3434.309833984375,3066.09427734375,57.60185895083373,36.965387318066405,49.42456055310082,3715.86762829785,3513.150218381838,3614.508923339844,2430.0017468038673,0.021517165098149382,0.18608917711867365,69.9680139846176,78.26537932164995,55.89821920699822,199095601.0,0,0,0,0,0,0,0,0,0
2021-10-08,3708.325439453125,3448.214462890625,3071.3838659667967,62.02681480048948,42.944566278290495,48.12856169813875,3728.817230124802,3513.792413429886,3621.304821777344,2432.446811645517,0.01098160248290947,0.18881108112810507,72.24624037361107,80.7930705104812,67.5357086591063,202029940.0,0,0,0,0,0,0,0,0,0
2021-10-11,3472.718505859375,3457.4446484375,3075.3889611816408,36.89892265164818,28.344856330494167,44.17182062460984,3740.141713234746,3487.415684226192,3613.778698730469,2440.417492392595,-0.06353458924805033,0.2940848203112997,87.43984529255775,7.759956723254908,55.60613551846202,190184538.0,0,0,0,0,0,0,0,0,0
2021-10-12,3441.8603515625,3466.5919189453125,3079.4305004882813,35.235665157527464,14.121699688675108,38.16179643742289,3748.4150201126554,3457.18356387172,3602.7992919921876,2444.130253373421,-0.008885878381679757,0.2912071566624584,89.59351989694134,6.192602177987382,31.581876470574496,184431661.0,0,0,0,0,0,0,0,0,0
2021-10-13,3444.07421875,3474.8044775390626,3083.2386767578123,34.79870249836047,2.9938746345301297,31.128212076844342,3738.589729258298,3438.8029221088896,3588.696325683594,2446.4098953536372,0.0006432181905622336,0.2813451627424366,88.68156358905951,6.846535298679106,6.933031399973799,187977316.0,0,0,0,0,0,0,0,0,0
2021-10-14,3409.381103515625,3481.0888525390624,3086.704130859375,32.88350925208607,-8.526167003619321,23.197336260751612,3738.9970249773282,3411.549312913297,3575.2731689453126,2450.3822997110465,-0.01007327747047404,0.2802799629246744,86.83199667170526,0.8688482573866284,4.635995244684372,181535017.0,0,0,0,0,0,0,1,0,0
2021-10-18,3443.083251953125,3488.253603515625,3090.335295410156,37.65247813615179,-14.766185881758247,15.604631832249641,3740.27654456998,3393.902874375332,3567.089709472656,2452.6591154131443,0.009885122083520548,0.27774966870302725,83.48356191651432,12.000761206461947,6.572048254175893,185125124.0,0,1,0,0,0,0,0,1,0
2021-10-19,3430.810302734375,3494.984453125,3093.8114770507814,40.07659980328455,-20.465852622744478,8.390534941250818,3741.053002038415,3375.942139563148,3558.4975708007814,2454.6145243919786,-0.0035645229350141916,0.27776357052324774,81.21375161935127,8.586882512033288,7.152163991960621,181989683.0,0,0,0,0,0,0,0,0,0
2021-10-20,3406.926513671875,3500.75048828125,3097.16310546875,37.562918473028354,-26.603433924824913,1.3917411680356722,3737.1148319295557,3356.590539164194,3546.852685546875,2456.392457150602,-0.00696155921050623,0.27410799905693284,79.33643847065143,7.562669130879175,9.383437616458137,179055990.0,0,0,0,1,0,0,1,0,0
2021-10-21,3334.847900390625,3504.83185546875,3100.2533251953123,34.621868296434215,-36.85876809647152,-6.258360684865767,3738.758515670516,3324.5245897982345,3531.641552734375,2459.107232363597,-0.02115649192666791,0.28111686836750316,82.22292077387472,4.511589372357086,6.88704700508985,174184779.0,0,0,0,0,0,0,0,0,0
2021-10-22,3303.080810546875,3508.0668212890623,3103.402059326172,35.15437013901018,-47.00765795527968,-14.40822013894855,3737.929907803211,3291.085253329602,3514.5075805664064,2460.5459874409644,-0.0095257987148466,0.28077183608394507,81.66747585814346,2.785287605051828,4.95318203609603,171493109.0,0,0,0,0,0,0,0,0,0
2021-10-25,3297.51123046875,3510.9962890625,3106.2171142578127,30.98043114089066,-54.86766456935038,-22.50010902502892,3731.1042929701107,3262.8927529283264,3496.9985229492186,2461.9196088240037,-0.0016861773591312357,0.2803267451925454,80.89174085695868,8.069376239069976,5.122084405492964,168897515.0,0,0,0,0,0,0,0,0,0
2021-10-26,3287.740234375,3513.5880517578125,3108.4641040039064,24.31756353158552,-61.17996955857234,-30.236081131737606,3725.4598672971433,3235.778536023169,3480.6192016601562,2463.9400118352073,-0.002963142628133242,0.27999549206259833,77.91047443951418,6.124812379587815,5.659825407903206,165018752.0,0,0,0,0,0,0,1,0,0
2021-10-27,3294.48974609375,3514.210791015625,3110.4948083496092,25.978118397544932,-64.88987743799362,-37.16684039298881,3722.5217135092385,3212.0791653970114,3467.300439453125,2465.2532751138183,0.002052933394244505,0.27808581128096005,75.63931104465723,7.468058905479671,7.220749174712488,167529565.0,0,0,0,0,0,0,0,0,0
2021-10-28,3230.199951171875,3513.3677734375,3112.3978356933594,13.73883956101902,-72.1855452867153,-44.17058137173411,3721.0728728434037,3179.260208211284,3450.166540527344,2466.4196592172234,-0.01951434057371193,0.2821687915209267,76.65543309120962,1.1722859470186657,4.9217190773620505,165104623.0,0,0,1,0,0,0,0,0,1
2021-10-29,3207.637939453125,3510.564033203125,3114.2753662109376,7.2805761869608006,-78.87871567240381,-51.11220823186805,3719.1376855990575,3146.211850533755,3432.674768066406,2468.260961644359,-0.006984710562751628,0.28225754303210693,75.18781276526344,3.2386241583137285,3.959656336937355,161144122.0,0,0,0,1,0,0,1,0,0
2021-11-01,3281.88720703125,3509.1039404296876,3116.112790527344,27.531331008025134,-77.3007313453013,-56.3499128545547,3712.3378267068683,3129.7262357931313,3421.03203125,2469.2908957349387,0.023147646018547796,0.297848381314335,62.65409166803683,28.810245677663676,11.073718594332023,163164840.0,0,0,0,0,0,0,0,0,0
2021-11-02,3289.2509765625,3507.8109228515623,3117.7276586914063,30.97929743460537,-74.59607561251141,-59.99914540614604,3697.5051643239426,3117.9487175119953,3407.726940917969,2470.873699976039,0.002243760698257269,0.29351224370987955,60.469060503902384,32.30322809620394,21.450699310727117,166252254.0,0,0,0,0,0,0,1,0,0
2021-11-03,3296.850341796875,3505.20189453125,3119.387989501953,31.89359832864632,-71.02072844575969,-62.20346201406877,3668.994479366034,3114.9556671183414,3391.9750732421876,2471.6670127688894,0.0023103634500754033,0.28531455728375876,62.05089451888317,34.94987496678793,32.021116246885185,167789893.0,0,0,0,0,0,0,0,0,0
2021-11-04,3312.33251953125,3503.3585400390625,3121.199973144531,37.47246381927064,-66.17513197509834,-62.99779600627468,3640.6134302777045,3115.491867573858,3378.0526489257813,2471.8397318483176,0.0046960511182734255,0.287052660802206,59.29965834048754,40.341885481713355,35.86499618156841,168118884.0,0,0,0,0,0,0,0,0,0
2021-11-08,3306.762939453125,3500.5407080078126,3122.526827392578,31.02490420153903,-62.06888891200788,-62.812014587421324,3585.665124382678,3134.3120240548214,3359.98857421875,2473.154782463419,-0.0016814676803381667,0.27121668293701523,60.348228932543535,38.40215614516847,37.89797219788992,165592802.0,0,0,0,0,0,0,0,0,0
2021-11-09,3309.54736328125,3497.5364013671874,3123.948770751953,32.66285176546805,-57.922289865895436,-61.83406964311615,3495.763034960977,3184.336305859335,3340.049670410156,2474.0834334226283,0.0008420391419365902,0.26560821935517487,58.60173102981402,49.06759349933428,42.603878375405365,167375494.0,0,0,0,1,0,0,1,0,0
2021-11-10,3289.34521484375,3493.2178466796877,3125.3239697265626,33.01036494980502,-55.625014250811546,-60.59225856465523,3474.854856003796,3186.9071557149537,3330.881005859375,2474.852727469436,-0.006104202847083795,0.15410696432306226,57.49925889722109,44.401904212041224,43.95721795218132,165859005.0,0,0,0,0,0,0,0,0,0
2021-11-11,3293.02685546875,3489.328154296875,3126.535369873047,42.46851310081875,-52.89755901248873,-59.05331865422194,3458.361672302351,3188.516989807024,3323.4393310546875,2475.5061492804143,0.001119262462445647,0.15283643052740295,55.911198105858766,58.21237292016897,50.56062354384815,167143519.0,0,0,0,0,0,0,0,0,0
2021-11-12,3328.7587890625,3484.548466796875,3127.70041015625,54.55919976349398,-47.307432040369804,-56.70414133145152,3440.173672897738,3195.173446242887,3317.6735595703126,2476.432067080998,0.010850787182135946,0.159473725978943,54.01297829573468,86.45450036026072,63.022925830823645,168890778.0,0,0,0,0,0,0,0,0,0
2021-11-15,3354.484619140625,3481.6306982421875,3129.157578125,59.44010569416813,-40.336383927317,-53.430589850624614,3431.071948829101,3198.7855218740237,3314.9287353515624,2477.417544259565,0.007728355134248188,0.15952684501775716,52.596944762885286,91.12440291914444,78.59709206652471,170699935.0,0,0,0,0,0,0,0,0,0
2021-11-16,3357.4111328125,3476.4761669921877,3130.492547607422,61.81191141604524,-34.1816085722985,-49.580793594959395,3412.303077067334,3208.987181721728,3310.645129394531,2478.5152224447543,0.0008724182711037365,0.15468205259492374,51.21796450185593,89.89972364292775,89.15954230744431,172713139.0,0,0,0,0,0,0,0,0,0
2021-11-17,3324.84130859375,3470.5703662109377,3131.7198681640625,54.73151542461849,-31.568119743825264,-45.97825882473258,3390.309207995198,3220.384151379802,3305.3466796875,2479.370623156656,-0.009700874551954675,0.1574280905825265,53.092617436034224,71.7034426547508,84.24252307227432,171080225.0,0,0,0,0,0,0,0,0,0
2021-11-18,3281.226318359375,3463.6047509765626,3132.870625,58.50259547947212,-32.64002236421584,-43.31061153262924,3369.789912596583,3228.333427247167,3299.061669921875,2480.4296662540123,-0.013117916371419902,0.16170858250660264,50.88758243640002,47.33639012566781,69.64651880778213,168943627.0,0,0,0,0,0,0,0,0,0
2021-11-22,3264.894287109375,3456.99279296875,3134.241455078125,59.742991935470464,-34.410706142421986,-41.530630454587794,3365.757527478689,3225.3704510369357,3295.5639892578124,2481.962851841615,-0.00497741687570219,0.14544031959500572,50.9280316647929,27.951921707543114,48.997251495987236,165775691.0,0,0,0,0,0,0,0,0,0
2021-11-23,3270.416748046875,3451.2780517578126,3136.038468017578,47.452217210372254,-34.965311009051675,-40.21756656548057,3364.903597720462,3222.957974545163,3293.9307861328125,2483.0089722561934,0.0016914669976617613,0.14215228151472042,49.84236891952095,33.65113199060277,36.31314794127123,167929152.0,0,0,0,0,0,0,0,0,0
2021-11-24,3250.63916015625,3444.842685546875,3137.6056079101563,41.871898396931186,-36.579064727639434,-39.48986619791234,3365.111844682874,3218.0625205515007,3291.5871826171874,2484.0300222768096,-0.0060474212965171414,0.14348841808719756,51.541650988662596,21.16248016206364,27.58851128673651,165767406.0,0,0,1,0,0,0,0,0,1
2021-11-25,3253.09375,3437.4397412109374,3138.885155029297,40.584948062167804,-37.230738511332675,-39.03804066059641,3365.366916795961,3214.342800000914,3289.8548583984375,2484.904282933865,0.0007551099100251424,0.1433095346181036,49.86260149375247,22.71244257962382,25.842018244096746,167617025.0,0,0,0,1,0,0,0,0,0
2021-11-26,3253.990234375,3429.290576171875,3140.1850903320315,36.60584170713444,-37.24551279614798,-38.679535087706725,3364.9731065845253,3210.6866590404743,3287.8298828125,2485.8207883795894,0.0002755790161288463,0.14302969041961272,53.71298102492931,23.27853189703788,22.384484879575112,169558276.0,0,0,0,0,0,0,0,0,0
2021-11-29,3306.054443359375,3420.888994140625,3141.7996154785155,49.86595966780908,-32.67936756987183,-37.47950158413975,3364.1569492167737,3219.088265626976,3291.622607421875,2487.31941123632,0.01600011224200104,0.13605856985365752,57.49592029183801,56.50481072006911,34.1652617322436,172540021.0,0,0,0,0,0,0,0,0,0
2021-11-30,3331.685302734375,3413.9658154296876,3143.6849780273437,53.85502287667005,-26.684861957320663,-35.32057365877593,3360.691674490877,3234.9582766809976,3297.8249755859374,2490.2009295339085,0.007752703355046853,0.13435210066680522,59.77174925208832,72.56031015357568,50.78121759022756,178128467.0,0,0,0,0,0,0,0,0,0
2021-12-01,3377.61376953125,3409.3830419921874,3145.5373083496092,64.10683405854553,-18.020401667881288,-31.860539260597,3374.3228811841554,3230.8997262377197,3302.6113037109376,2491.338623102683,0.013785355645438813,0.11784000915658381,61.211457870352596,93.35335553183303,74.13949213515927,180230585.0,0,0,0,0,0,0,0,0,0
2021-12-02,3439.0712890625,3406.11140625,3147.870947265625,69.70201183837314,-6.1240520008086605,-26.713241808639335,3403.851859226814,3216.3527794450606,3310.1023193359374,2493.1575258511284,0.018195543873501974,0.13199283307746154,61.20133365048988,97.88860144248491,87.93408904263121,183383523.0,0,0,0,0,0,0,0,0,0
2021-12-03,3436.758056640625,3402.0500830078126,3150.0227404785155,66.01343294495996,3.081708280204566,-20.75425179087056,3426.290908588596,3207.904501567654,3317.097705078125,2494.5834179916815,-0.0006726328788914104,0.13240250144384888,60.30111055020058,90.17342088071469,93.80512595167754,180897260.0,0,0,0,0,0,0,1,0,0
2021-12-06,3338.529541015625,3396.0392626953126,3151.7175390625,48.05291615669627,2.4231863618506395,-16.118764160326318,3427.9878962472994,3208.827216057388,3318.4075561523437,2495.5311070752127,-0.02858173720876256,0.17089111802274154,66.5351540464891,50.07697660390507,79.37966630903489,179047618.0,0,0,0,0,0,0,0,0,0
2021-12-07,3383.938720703125,3390.80283203125,3153.7104919433596,52.93317014098285,5.502020430953962,-11.794607242070263,3435.4947806535683,3209.037909776119,3322.2663452148436,2496.3310379221,0.013601550961171327,0.17686991163710578,69.24254102950668,68.61280228966025,69.62106659142667,180532076.0,0,0,0,0,0,0,0,0,0
2021-12-08,3423.966064453125,3386.3283056640626,3156.141923828125,60.78245891530346,11.044575736593742,-7.226770646337462,3449.7503822329886,3206.2241783138866,3327.9872802734376,2497.134197977088,0.011828625472769527,0.18081930591001144,69.61338717465512,84.95178642281867,67.880521772128,181960736.0,0,0,0,0,0,0,0,0,0
2021-12-09,3400.22314453125,3382.0262353515627,3158.599901123047,63.5289650436531,13.367147384149575,-3.107987040240055,3457.9539000540676,3209.108453461557,3333.5311767578123,2497.9915284618123,-0.00693433272261923,0.18132163809857368,69.50887766401482,75.2600318487129,76.27487352039728,180392779.0,0,0,0,0,0,0,1,0,0
2021-12-10,3433.3125,3379.475185546875,3161.3903283691407,68.44495638767721,17.674100565534445,1.048430480914845,3471.0235484262953,3210.0673695424543,3340.545458984375,2498.846261734799,0.009731524685951731,0.18350632705172595,68.9188478517395,88.76695994659211,82.9929260727079,181903497.0,0,1,0,0,0,0,0,1,0
2021-12-13,3407.681884765625,3376.1712646484375,3164.1262841796874,64.39891782364131,18.802472349170785,4.599238854566033,3478.2025805228677,3210.780647016195,3344.4916137695313,2499.880752936649,-0.007465273037154385,0.18350789108733329,68.0523577886003,78.30465652088598,80.777216105397,180019633.0,0,0,0,0,0,0,0,0,1
2021-12-14,3421.03955078125,3373.442587890625,3166.861193847656,68.11879759052908,20.537819926209977,7.786955068894821,3485.821424448369,3209.817296254756,3347.8193603515624,2500.85207415634,0.003919868833808016,0.1822142049745041,67.32746386088648,83.75719652575019,83.60960433107608,181766640.0,0,0,0,0,0,0,0,0,0
2021-12-15,3370.57958984375,3370.5593408203126,3169.8742944335936,61.33516056938912,17.638077469603104,9.75717954903648,3486.7978252001017,3210.1577412061483,3348.477783203125,2501.6928757519427,-0.014749891133522985,0.19065387805473516,69.80227738830551,63.159664342076226,75.0738391295708,180163407.0,0,0,0,0,0,0,0,0,0
2021-12-16,3381.200439453125,3367.0762939453125,3172.838752441406,62.04731779071429,16.01244300697408,11.008232240624,3489.8843648616535,3212.707114630534,3351.2957397460937,2502.790535442068,0.003151045488253068,0.18717032579532206,67.12858996238525,67.49504803208788,71.47063629997143,182235727.0,0,0,0,1,0,0,1,0,0
2021-12-17,3383.796630859375,3362.51447265625,3175.9663598632815,58.123654909980374,14.763423377698018,11.759270468038805,3491.6456208299287,3221.202889912259,3356.4242553710938,2505.0840751101855,0.0007678312637005025,0.17971156595693036,64.0772931493675,53.35793275839503,61.33754837751971,186569719.0,0,0,0,0,0,0,1,0,0
2021-12-20,3357.882568359375,3357.85650390625,3178.74359375,52.73585896650087,11.549383943049179,11.71729316304088,3489.2552302455592,3232.8921086216283,3361.0736694335938,2506.266923072809,-0.007658280129387851,0.18125850135496852,65.63497808098724,30.006353401391554,50.28644473062482,184257409.0,0,0,0,0,0,0,0,0,0
2021-12-21,3406.40673828125,3352.62375,3182.235928955078,52.99072170281656,12.770518921715393,11.927938314775783,3490.0952966615428,3245.6510412290822,3367.8731689453125,2507.5291468915334,0.014450823974342608,0.18703421588067007,67.21622373821477,62.997382218056956,48.78722279261452,186598398.0,0,0,0,0,0,0,0,0,0
2021-12-22,3427.600341796875,3347.009248046875,3185.694357910156,48.699756527784004,15.272373456996775,12.596825343219981,3488.3733567328586,3265.069099321829,3376.721228027344,2508.203407610471,0.006221689053585777,0.1850004039993461,64.29305681540161,77.40667114435269,56.80346892126706,187822726.0,0,0,0,0,0,0,0,0,0
2021-12-23,3457.76318359375,3346.7101416015626,3188.9193005371094,52.23955657107873,19.46462437918217,13.970385150412419,3487.9018001293944,3286.007599284668,3386.954699707031,2509.221323198423,0.008799987976737755,0.18606874334872625,64.65719939418871,95.13562378111205,78.51322571450723,189615587.0,0,0,0,0,0,0,0,0,0
2021-12-24,3465.504150390625,3347.183017578125,3191.936177978516,66.77473790681532,23.144845394557706,15.805277199241477,3482.9489519482404,3312.1118390673846,3397.5303955078125,2510.4832461965743,0.0022387209261767183,0.18580086490064654,59.54585338178153,82.49933201435267,85.0138756466058,191825510.0,0,0,0,0,0,0,0,0,0
2021-12-27,3489.294189453125,3348.0874169921876,3195.1159802246093,64.76184612016473,27.66223140994225,18.17666804138163,3490.0829922877324,3323.3017733372676,3406.6923828125,2511.379093694229,0.006864813322996044,0.1802118850317007,57.73867289535828,95.43236178042173,91.02243919196214,193359645.0,0,0,0,0,0,0,0,0,0
2021-12-28,3499.16015625,3349.882998046875,3198.5399536132813,61.50850559628853,31.673283543570506,20.875991141819405,3500.356102737082,3329.7761482394803,3415.066125488281,2512.2364900809685,0.002827496410791719,0.17924842685205059,55.661778223480916,91.41266961835713,89.78145447104384,194815863.0,0,0,0,0,0,0,1,0,0
2021-12-29,3487.97216796875,3350.7807763671876,3201.9131323242186,63.96680174151741,33.56240756265424,23.413274425986376,3509.858276145838,3331.3098146744746,3420.5840454101562,2513.0831058541266,-0.00319733529809052,0.1751780140746279,53.3825743974426,85.89671097030647,90.91391412302845,193358940.0,0,0,0,1,0,0,0,0,0
2021-12-30,3524.837646484375,3352.6613232421873,3205.2648046875,64.39480217883963,37.60084879751139,26.25078930029138,3525.4142749972757,3324.330451565224,3424.87236328125,2514.2666183390343,0.010569315562255266,0.16756040973435715,52.91730010101969,97.28083860556306,91.53007306474223,195325415.0,0,0,0,0,0,0,0,0,0
2021-12-31,3529.180419921875,3355.1064013671876,3208.54462890625,70.4803261984286,40.68280207570433,29.137191855373974,3540.3067595462157,3318.6802033444096,3429.4934814453127,2514.9948753410263,0.0012320492099349156,0.16740148936575217,50.78644254363381,91.33485172870695,91.50413376819216,196532556.0,0,0,0,0,0,0,1,0,0
2022-01-03,3604.136962890625,3360.4921826171876,3212.2600524902346,75.5564566969382,48.61325548403829,33.03240458110684,3570.116373978858,3315.4313310992666,3442.7738525390623,2516.511695368132,0.021239079347042722,0.14035795423115002,53.03523579187062,96.17007511061126,94.9285884816271,198878714.0,0,0,0,0,0,0,0,0,0
2022-01-04,3667.388916015625,3367.7783447265624,3216.253377685547,89.99980916922149,59.31831631838486,38.28958692856244,3615.8900549050654,3298.00266970431,3456.9463623046877,2518.2092990779356,0.017549819492506114,0.14462290050528204,53.830872751034185,98.83907669810752,95.44800117914191,201367320.0,0,0,0,0,0,0,0,0,0
2022-01-05,3644.920166015625,3374.7265234375,3219.9289892578126,84.44063257237597,65.23710111659511,43.67908976616898,3646.7647984254245,3289.2233363402,3467.9940673828123,2519.365475506761,-0.006126634102502249,0.14588449865393072,56.11685304207539,92.55928106703428,95.85614429191769,199634289.0,0,0,0,1,0,0,0,0,0
2022-01-06,3594.413818359375,3380.8599951171873,3223.3385034179687,74.44650994083108,65.10188653159912,47.96364911925501,3661.985240437738,3293.421961710699,3477.7036010742186,2520.5165856798603,-0.01385664029823186,0.1540835678263925,56.87880756264807,78.44325141014706,89.94720305842962,197823996.0,0,0,0,1,0,1,1,0,0
2022-01-07,3637.886962890625,3387.727939453125,3227.3230212402345,81.22744861851857,67.72199049135679,51.915317393675366,3684.162203581963,3291.7024448555376,3487.93232421875,2522.140432286708,0.012094640942342139,0.15570809486329468,55.03453644728688,88.95418592073402,86.65223946597177,200284587.0,0,0,0,0,0,0,0,0,0
2022-01-10,3662.76318359375,3396.3792041015627,3231.367829589844,80.18212129922391,70.9874457809733,55.72974307113496,3707.810384208415,3293.562394111897,3500.686389160156,2524.78659963613,0.006838096113728209,0.1512398358471495,57.74533354335527,73.59791103173009,80.33178278753707,204221679.0,0,0,0,0,0,0,0,0,0
2022-01-11,3696.7958984375,3406.16236328125,3235.2111303710935,80.76367858962362,75.45173762469267,59.67414198184651,3735.5195231133985,3293.428889972539,3514.4742065429687,2526.1014923075686,0.0092915411501866,0.1525590232039003,60.33808983402322,82.15513517355947,81.5690773753412,206127785.0,0,0,0,0,0,0,0,0,0
2022-01-12,3643.92919921875,3413.403203125,3238.7295178222657,70.22551780185923,73.87226676543105,62.51376693856342,3745.4974883874816,3310.7858856359558,3528.1416870117187,2528.2054000983053,-0.014300681095511636,0.15183623254383008,63.841177321752184,64.55578326771689,73.43627649100216,202924041.0,0,0,0,0,0,0,0,0,1
2022-01-13,3679.803466796875,3421.2142529296875,3242.5278552246095,71.94076141893439,74.65470533759253,64.94195461836925,3758.9461744743876,3327.197502283425,3543.0718383789062,2532.7100619038697,0.009844940891227116,0.15322200456973478,64.23228666337708,75.3463756906147,74.0190980439637,209608548.0,0,0,0,0,0,0,0,0,0
2022-01-14,3746.12255859375,3430.199697265625,3246.920926513672,74.18856693233485,79.70737301937743,67.8950382985709,3781.5491839702167,3340.827085561033,3561.188134765625,2535.082810273247,0.018022454839035973,0.16005832144742194,68.9559001206584,96.6946546205192,78.8656045262836,212956671.0,0,1,0,0,0,0,0,1,0
2022-01-17,3794.2685546875,3439.83841796875,3251.545604248047,75.92454377620842,86.59837589982862,71.63570581882244,3805.020664791193,3360.994203372869,3583.007434082031,2537.6094676900725,0.012852221287662058,0.15476478476007946,72.2971569307823,93.42972202952816,88.49025078022068,216399275.0,0,0,0,0,0,0,0,0,0
2022-01-18,3767.31640625,3449.0494873046873,3255.606311035156,73.878346262462,88.8604047667086,75.08064560839968,3821.2901610633808,3380.8156738975567,3601.0529174804688,2539.319445161938,-0.0071033844992871575,0.15834429586680748,74.10096243050008,85.56482375546683,91.89640013517139,214010234.0,0,0,1,0,0,0,0,0,1
2022-01-19,3702.109375,3456.9007275390627,3259.2506945800783,64.45290527072586,84.41829492148099,76.94817547101594,3823.4104843297464,3406.1462539515032,3614.778369140625,2541.415487780787,-0.01730861552850227,0.17704814112883607,76.911415467345,61.02934075882182,80.00796218127226,210907695.0,0,0,0,0,0,0,0,0,0
2022-01-20,3618.79296875,3463.4896826171876,3262.53861328125,56.472581905133055,73.32965457355021,76.2244712915228,3817.9388840612532,3427.7208327356216,3622.8298583984374,2545.26810230961,-0.022505117437271793,0.19909950223536368,82.33912121690602,29.6223089714483,58.73882449524566,204730919.0,0,0,0,0,0,0,0,0,0
2022-01-21,3625.365966796875,3470.13646484375,3265.5136865234376,51.70141342894465,64.33064953462599,73.84570694014344,3811.347354876039,3450.2985435614614,3630.82294921875,2547.210761613164,0.0018163509500643826,0.19910837189158567,81.59347265996546,25.179562786216128,38.610404172162085,207843277.0,0,0,0,0,0,0,0,0,0
2022-01-24,3566.59033203125,3474.893095703125,3268.074188232422,41.86304276962142,51.858379570865054,69.44824146628777,3805.502980935479,3463.8725317598337,3634.6877563476564,2549.1266454345127,-0.016212331473270614,0.20875750961335224,83.77100999583851,10.564299059798458,21.788723605820962,204584863.0,0,0,1,0,0,0,0,0,1
2022-01-25,3565.218505859375,3479.1077734375,3270.5964892578127,43.339217611374856,41.386245977901126,63.83584236861044,3800.1048672485667,3475.8764804076836,3637.990673828125,2551.0748565873355,-0.00038463239233132995,0.20873233051056353,84.78267073964025,15.205199049090005,16.983020298368196,201254362.0,0,0,0,1,0,0,0,0,0
2022-01-27,3451.118896484375,3480.9819287109376,3272.3333337402346,39.17522046596997,23.607981634662337,55.790270221820826,3806.090667146778,3466.2053533610347,3636.1480102539062,2554.0280820380435,-0.032003538966119294,0.23926027511001205,88.56592345172905,5.878630846959841,10.549376318616101,195536065.0,0,0,0,0,0,0,0,0,0
2022-01-28,3489.704345703125,3484.279189453125,3274.2401818847657,38.72271703004322,12.488146754878471,47.129845528432355,3809.816506264675,3458.9661841650122,3634.3913452148436,2555.7129756036184,0.011180562123796145,0.23964225495661953,89.60756625052502,15.81043314791917,12.298087681323006,198679927.0,0,0,0,0,0,0,0,0,0
2022-01-31,3533.39599609375,3489.3225830078127,3276.719619140625,40.42875246918129,7.119084167919482,39.127693256329785,3809.504365622881,3459.6998824239945,3634.6021240234377,2557.244609264327,0.01252015817455221,0.24396764039196991,85.80230671806193,27.05655941231044,16.248541135729816,201419320.0,0,0,0,0,0,0,0,0,0
2022-02-01,3594.299072265625,3495.9106787109376,3280.1701928710936,42.706740532662074,7.689789537512297,32.84011251256629,3809.428071852537,3458.792387131838,3634.1102294921875,2558.4916151039324,0.01723641398790421,0.23976093267557275,85.9962228993056,42.73286548899073,28.533286016406777,203524489.0,0,0,0,0,0,0,0,0,0
2022-02-02,3646.83349609375,3503.439013671875,3283.3459289550783,50.206755783461205,12.240070693282632,28.72010414870956,3807.8189078969895,3458.346009095198,3633.0824584960938,2559.723702277442,0.014616041339879482,0.23711986169664812,84.04149628589782,56.25510047704945,42.014841792783535,205508701.0,0,0,0,0,0,0,0,0,0
2022-02-03,3616.948974609375,3510.7652099609377,3286.483586425781,45.48692454133345,13.281667369924435,25.632416792952537,3806.46916005583,3456.8986377957326,3631.6838989257812,2560.904961754898,-0.00819464928036484,0.23792064916398556,84.07971047305841,48.56289615518412,49.183620707074766,203548163.0,0,0,0,0,0,0,0,0,0
2022-02-04,3607.775390625,3517.8588427734376,3289.731385498047,39.17834316570559,13.21457923611888,23.148849281585807,3806.6388535419346,3458.06510153619,3632.3519775390623,2562.279767104674,-0.0025362768589693996,0.2326872993291524,79.95610166384563,46.20163758832038,50.33987807351798,201240797.0,0,0,0,1,0,0,1,0,0
2022-02-07,3573.82421875,3524.2555224609373,3292.8901245117186,32.36500421861817,10.303068221187914,20.57969306950623,3805.351628812374,3452.9460518516885,3629.1488403320313,2563.383467858538,-0.009410555868645254,0.23072824610630702,79.62454683808917,37.581387113339616,44.11530695228137,199321648.0,0,0,0,0,0,0,1,0,0
2022-02-08,3540.20458984375,3528.938525390625,3296.001223144531,32.02339036635374,5.222648245786331,17.50828410476225,3802.7899922617326,3443.25182902733,3623.0209106445313,2565.017060827468,-0.009407185929813044,0.23081354869758694,80.78021523425757,30.589315409537924,38.12411337039931,196375205.0,0,0,0,0,0,0,0,0,0
2022-02-09,3556.376220703125,3533.43234375,3299.236688232422,37.49397140044943,2.4727894932048002,14.50118518245076,3794.601668029379,3437.3981854862454,3615.9999267578123,2565.9382801895217,0.004567993303485451,0.22845441198131297,76.25433184180763,45.930831529407904,38.03384468409515,198013926.0,0,0,0,0,0,0,0,0,0
2022-02-10,3565.644287109375,3537.1929541015625,3302.5591931152344,44.77503541360353,1.0294947480265364,11.806847095565915,3791.539521715359,3432.631840589328,3612.0856811523436,2567.134380714562,0.002606042170762768,0.2240595151019265,71.03943969193026,56.42972056971082,44.31662250288556,200126385.0,0,0,0,0,0,0,0,0,0
2022-02-11,3494.338134765625,3538.298291015625,3305.379208984375,38.57321581716124,-5.801263940125409,8.285224888427651,3786.646665387949,3418.978163713614,3602.8124145507813,2569.15258201757,-0.019998111589969336,0.22988470552105528,71.0326760809671,27.13686997858294,43.16580735923389,196274897.0,0,0,0,0,0,0,0,0,0
2022-02-14,3531.031494140625,3540.183759765625,3308.4196533203126,46.774732864557336,-8.159781093917445,4.996223691958632,3765.462102038748,3418.653620617502,3592.057861328125,2572.377117253657,0.01050080386037422,0.22241555890013617,70.27274254286469,42.21064774570779,41.925746098000516,202226642.0,0,0,0,0,0,0,0,0,0
2022-02-15,3610.518310546875,3545.62353515625,3311.8989294433595,53.59882632968901,-3.5738045513030556,3.282218043306295,3728.3939495752525,3437.3467486669347,3582.8703491210936,2574.6710286194434,0.022510933855489634,0.23381480029532398,71.22184033788146,74.86414762504573,48.07055511644548,206158325.0,0,0,0,0,0,0,0,0,0
2022-02-16,3606.073486328125,3550.06623046875,3315.7283532714846,64.90766881972988,-0.29464874133373087,2.56684468637829,3692.513799734798,3457.1026065152023,3574.808203125,2576.5554624523875,-0.0012310764927478957,0.23316815044666853,64.68971525697991,70.65546465745165,62.57675334273506,202901419.0,0,0,0,0,0,0,0,0,0
2022-02-17,3578.742431640625,3553.1617578125,3319.4148071289064,58.7556634521754,0.0975931716488958,2.072994383432411,3670.0595728769968,3467.2201390370656,3568.639855957031,2578.3145353564887,-0.007579172967805969,0.2272230325155031,62.81180894123246,48.93507517910539,64.81822915386759,199767047.0,0,0,0,0,0,0,0,0,0
2022-02-18,3587.91552734375,3556.91560546875,3323.0874829101563,55.751716407454104,1.13554996102539,1.8855054989510072,3666.215105331354,3467.9768624420835,3567.095983886719,2580.39582717039,0.0025632176325469658,0.21364467706104492,62.16331353537534,53.9738989935459,57.85481294336765,203455930.0,0,0,0,0,0,0,0,0,0
2022-02-21,3517.460693359375,3558.5985693359376,3326.1929260253905,42.05382985556366,-3.6845054074306063,0.7715033176746845,3659.1988388216805,3464.202601608007,3561.700720214844,2584.2892646762784,-0.01963670366468606,0.22408651227030635,65.57463566182972,15.272733453325895,39.3939025419924,195990008.0,0,0,1,0,0,0,0,0,1
2022-02-22,3391.681884765625,3558.2785693359374,3328.595798339844,27.085108426295946,-17.452550550794513,-2.8733074560191554,3676.5043869525052,3429.40620875062,3552.9552978515626,2586.7121840459718,-0.0357584119791895,0.2504016636677155,71.387301569379,5.247975879224978,24.831536108698923,190581477.0,0,0,0,0,0,0,0,0,0
2022-02-23,3370.308837890625,3557.263955078125,3330.7914611816404,27.505617817410027,-29.74556344174016,-8.247758653163357,3691.047311915839,3395.372316990411,3543.209814453125,2587.7656253135315,-0.006301607167523926,0.2506532937347111,71.4413454399905,2.7308232220279764,7.7505108515262835,188155274.0,0,0,0,0,0,0,0,0,0
2022-02-24,3216.9619140625,3554.1916015625,3332.161444091797,21.778321253228057,-51.270663608208906,-16.852339644172467,3736.200011285885,3326.803919378178,3531.5019653320314,2589.5175761042656,-0.04549936851606162,0.2749852688435952,79.3447839259198,2.2785728453398906,3.419123982197615,183116138.0,0,0,0,0,0,0,0,0,0
2022-02-25,3329.595703125,3553.1595068359375,3334.2017236328124,34.16325982664377,-58.56574565264236,-25.195020845866445,3746.7587045210907,3300.2343618851596,3523.496533203125,2590.558787243326,0.03501247203771274,0.30326053352320054,82.9046946857935,28.002121861970902,11.003839309779591,185665861.0,0,0,0,0,0,0,0,0,0
2022-02-28,3361.2294921875,3552.7081640625,3336.5639038085938,38.364583022508285,-61.09035672346454,-32.374088021386065,3749.5297103285084,3280.2467056871164,3514.8882080078124,2591.954852969832,0.009500789850494407,0.30150484110499964,84.87380006526054,35.22671521272329,21.83580330667803,188954803.0,0,0,0,0,0,0,0,0,0
2022-03-02,3353.616943359375,3552.6228515625,3339.056901855469,36.66999447861426,-62.97941081112731,-38.49515257933432,3744.9175797461016,3260.7906233788985,3502.8541015625,2593.111506171619,-0.002264810791949401,0.29253970625794024,86.99826195626903,33.48814480191069,32.2389939588683,186193462.0,0,0,0,1,0,0,1,0,0
2022-03-03,3351.962158203125,3551.5339599609374,3341.456248779297,35.80984417518164,-63.87373051265968,-43.570868165999386,3729.1677729941403,3247.0532963417972,3488.1105346679688,2593.91527778097,-0.0004934329663162096,0.2850903292961037,88.12635172571663,33.11022137916967,33.941693797934555,184265423.0,0,0,0,0,0,0,0,0,0
2022-03-04,3333.000244140625,3549.6419580078127,3343.671671142578,38.48539887802162,-65.35913390189216,-47.92852131317794,3716.4628552770873,3231.3633410119755,3473.9130981445314,2594.8764145682967,-0.005656959466590394,0.2847434004853171,87.70754313606442,28.77965832259698,31.79267483455912,181895166.0,0,0,0,0,0,0,0,0,0
2022-03-07,3295.6923828125,3546.4005419921873,3345.732365722656,33.21868979778148,-68.75420374126224,-52.0936577987948,3704.722398809823,3211.895496697989,3458.308947753906,2596.048771311421,-0.011193476926295354,0.28583928209098286,88.93358445407385,20.259208042378066,27.383029248048242,178841036.0,0,0,0,0,0,0,0,0,0
2022-03-08,3404.49609375,3545.180380859375,3348.4399963378905,35.89875986448645,-61.951136745854456,-54.065153588206734,3691.1270391489093,3208.5580438589036,3449.8425415039064,2597.507854170423,0.03301391583296032,0.31416005821801646,92.15910928029098,45.10803551047542,31.382300625150155,182142028.0,0,0,0,0,0,0,0,0,0
2022-03-09,3435.373291015625,3544.101962890625,3351.2061071777343,38.72437460489479,-53.45196439782558,-53.942515750130504,3682.145906910591,3207.056046214409,3444.6009765625,2598.7518713898407,0.009069535230870063,0.3154106867448498,92.75692078806863,54.404164445181586,39.92380266601169,184861682.0,0,0,0,0,0,0,0,0,0
2022-03-10,3424.355712890625,3542.6058740234375,3353.9124584960937,39.57733664730586,-47.06282460922375,-52.56657752194916,3669.7329036300516,3206.2669987136987,3437.999951171875,2599.654782162948,-0.0032070978003507777,0.31469445145838665,93.63507662517489,52.6333669380305,50.71518896456249,182856241.0,0,0,0,0,0,0,0,0,0
2022-03-11,3403.739990234375,3540.92123046875,3356.2924340820314,37.75546674570174,-43.165318894330994,-50.68632579642553,3654.050264393384,3205.759208262866,3429.904736328125,2600.366016463283,-0.006020321597620337,0.31461785822527416,92.86838954521552,47.64155196189457,51.55969444836888,181232818.0,0,0,0,1,0,0,1,0,0
2022-03-14,3445.208984375,3539.3286572265624,3358.6705627441406,45.00393853255646,-36.31173717606771,-47.81140807235397,3649.689332301382,3205.2072253158058,3427.448278808594,2601.178007577876,0.012183361320078356,0.311100100370494,89.22742632197833,86.00220411812695,62.09237433935068,182998506.0,0,1,0,0,0,0,0,1,0
2022-03-15,3398.77392578125,3536.72052734375,3360.715446777344,50.55084419541932,-34.23253409743029,-45.09563327736924,3637.909625206457,3203.7611755747935,3420.835400390625,2602.7600190420103,-0.013478154388992358,0.31147284248731155,84.10712456110147,69.23850306817954,67.62741971606702,179347373.0,0,0,0,0,0,0,0,0,1
2022-03-16,3457.40771484375,3533.7859423828127,3363.2246142578124,56.39489049760324,-27.536075189268104,-41.58372165974901,3612.130578957488,3214.2291622534494,3413.1798706054688,2604.1924803046977,0.01725145312482712,0.30656621045202526,84.56985074853722,90.40611523528734,81.8822741405313,182437848.0,0,0,0,0,0,0,0,0,0
2022-03-17,3473.34326171875,3529.905029296875,3365.740361328125,73.58213634162927,-20.704548656500265,-37.40788705909927,3586.3341130145723,3226.7526057354276,3406.543359375,2605.8863323449027,0.004609102596313308,0.3074566557856825,76.55836289014162,86.62236326365829,82.0889938557084,186038300.0,0,0,0,0,0,0,0,0,0
2022-03-21,3429.793701171875,3525.6025,3368.067268066406,60.55809239112259,-18.59030279945,-33.644370207169416,3560.224291673948,3237.9675540291773,3399.0959228515626,2606.961414136188,-0.012538225353898591,0.3092144676238984,74.57236564502809,69.10410734409173,82.04419528101245,183624469.0,0,0,0,0,0,0,0,0,0
2022-03-22,3500.0126953125,3523.7144775390625,3370.8559765625,63.524169335230276,-11.120471865478066,-29.139590538831147,3537.94600706655,3251.45555543345,3394.70078125,2608.3628940538724,0.02047324132545736,0.319054474990211,73.09638294458857,95.39670792747476,83.70772617840827,186532080.0,0,0,0,0,0,0,0,0,0
2022-03-23,3510.840576171875,3521.1735498046874,3373.6433569335936,65.22574238698695,-4.277548622268114,-24.167182155518542,3536.446433395845,3252.293117385405,3394.369775390625,2609.139718004416,0.003093669024079926,0.31160378658352267,71.32994488345263,94.16591848941287,86.22224458699311,188128275.0,0,0,0,0,0,0,0,0,0
2022-03-24,3546.25732421875,3518.8434326171873,3376.596068115234,67.66093128145404,3.9577306702799433,-18.542199590358848,3559.545523547965,3244.651571178598,3402.0985473632813,2610.08833707683,0.010087825772337577,0.28281521620613964,72.3229329354155,97.44378990496043,95.66880544061603,190007321.0,0,0,0,0,0,0,0,0,0
2022-03-25,3506.159423828125,3515.030703125,3379.1628381347655,65.15731759544755,7.166077313676396,-13.4005442095518,3572.1768611758966,3245.6052921444157,3408.891076660156,2610.9034700142142,-0.011307104004207758,0.2853999630013711,74.57574815136692,79.29298609852107,90.30089816429812,188317188.0,0,0,0,0,0,0,0,0,1
2022-03-28,3506.395263671875,3512.2800244140626,3381.651103515625,69.72376549205487,9.616887949870943,-8.797057777667252,3564.8788619538846,3281.846626327366,3423.362744140625,2611.7514237583214,6.726443816185146e-05,0.22370118075170148,70.20861680786616,77.52716877145474,84.75464825831209,190078178.0,0,0,0,0,0,0,0,0,0
2022-03-29,3504.173095703125,3508.7674169921875,3384.1277880859375,61.65668431303915,11.250177608073045,-4.787610700519192,3570.7631656984704,3293.420061840592,3432.0916137695312,2613.039961758936,-0.0006337471396259398,0.19265520553055418,62.2376616030296,62.83181568077762,73.21732351691782,187389115.0,0,0,0,0,0,0,0,0,0
2022-03-30,3528.950927734375,3504.423984375,3386.6505603027344,61.101771792890354,14.378192543822934,-0.9544500516507668,3581.37354792895,3299.5818231648,3440.477685546875,2613.81802704712,0.007070949794584447,0.19169618228299115,60.596208537130806,75.96483893205651,72.1079411280963,188972570.0,0,0,0,0,0,0,0,0,0
2022-03-31,3536.89453125,3499.27650390625,3388.945098876953,63.44936607295515,17.29874022357626,2.6961880033946386,3590.591122968885,3308.6920069139273,3449.641564941406,2614.890462607629,0.0022509815744944373,0.1908739000946731,58.26233666491118,80.17519638133093,72.99061699805502,191140680.0,0,0,0,1,0,0,1,0,0
2022-04-01,3554.67431640625,3495.023662109375,3391.316546630859,68.16106533996606,20.808112404239637,6.318572883563638,3600.304897397693,3319.2494483054325,3459.7771728515627,2615.588435173498,0.005026948075255833,0.19064230368373783,57.448349780969174,89.59903667394732,81.91302399577826,192527694.0,0,0,0,0,1,0,0,0,0
2022-04-04,3565.644287109375,3492.2943603515623,3393.806781005859,65.63913354717994,24.195588414932445,9.8939759898374,3606.1469290042614,3336.671820995739,3471.409375,2616.3371858646706,0.0030860691378937766,0.18787767799200128,55.72917674695467,95.04117014296226,88.27180106608017,194000688.0,0,0,0,0,0,0,0,0,0
2022-04-05,3607.680908203125,3492.072119140625,3396.4526635742186,77.44109363765749,29.927209326344837,13.90062265713889,3607.5855884218035,3366.4320141172593,3487.0088012695314,2617.563537045573,0.011789347929551441,0.18173865735687256,55.165125449182106,90.57113970819863,91.73711550836941,196315635.0,0,0,0,0,0,0,0,0,0
2022-04-06,3551.458984375,3490.5939794921874,3398.613419189453,62.43293520469285,29.591804899408544,17.03885910559282,3611.6282841027705,3377.0856074987923,3494.3569458007814,2618.586339815436,-0.015583951368949522,0.16171226084132687,55.810216708296366,63.62204317058184,83.07811767391424,194263906.0,0,0,0,0,0,0,0,0,0
2022-04-07,3484.123779296875,3488.9446484375,3400.533631591797,51.254616341465216,23.620325756409784,18.355152435756214,3610.887237547223,3382.701702882465,3496.794470214844,2619.7374643393605,-0.018959871245697313,0.17582959868810527,57.313244499750716,31.345969737412506,61.84638420539766,191769077.0,0,0,0,0,0,0,0,0,0
2022-04-08,3485.542724609375,3487.3511328125,3402.5747021484376,57.19335892954573,18.785831173503084,18.441288183305588,3608.939536585978,3390.7681050155843,3499.8538208007812,2620.7962365778253,0.00040726030485238596,0.17521416913666196,54.851032988875886,28.798385752073624,41.25546622002266,194065850.0,0,0,0,1,0,0,1,0,0
2022-04-11,3495.709228515625,3488.242939453125,3404.5345068359375,49.34288370678156,15.595041356926231,17.87203881802972,3603.797439431279,3405.1071259984087,3504.452282714844,2621.8624636817513,0.0029167635313922524,0.17336497539302884,52.841406025824035,27.913011761688757,29.35245575039163,196357510.0,0,0,0,0,0,0,0,0,0
2022-04-12,3490.697021484375,3488.26279296875,3406.6563500976563,46.868571706170705,12.51757935732121,16.801146925888016,3602.375071919244,3411.078297221381,3506.7266845703125,2623.9290444118024,-0.0014338169177127158,0.16879967796515216,56.2763367642725,25.16834244620393,27.293246653322104,191874034.0,0,0,0,1,0,0,0,0,0
2022-04-13,3463.130126953125,3486.8574755859377,3408.112911376953,36.75413241627213,7.764743419442311,14.993866224598877,3593.9190423844816,3425.969946873331,3509.9444946289063,2624.650410992543,-0.00789724641284606,0.16366239530308213,55.67514484512146,10.072794901700572,21.05138303653109,190252362.0,0,0,1,0,0,0,0,0,1
2022-04-18,3336.49951171875,3481.701484375,3408.9024743652344,28.80936364695313,-6.149063085278613,10.765280362623379,3616.3715853208223,3391.4265836244904,3503.8990844726563,2626.089175224409,-0.03656536445131653,0.20015556223004488,57.83342240882306,1.7726111378188836,12.337916161907794,186431570.0,0,0,0,0,0,0,0,0,0
2022-04-19,3283.398193359375,3474.4327783203125,3409.6336096191408,25.39660819721587,-21.216121348867546,4.369000020325195,3643.765977813945,3345.03768429543,3494.4018310546876,2627.1895773096326,-0.015915278324743598,0.2047779568669915,62.737593105765846,8.260814460577782,6.702073500032412,183261556.0,0,0,0,0,0,0,0,0,0
2022-04-20,3363.688720703125,3469.3675732421875,3410.746921386719,36.77798978680226,-26.374075113729305,-1.7796150064857055,3649.153229404746,3333.0399346577537,3491.09658203125,2628.215117095993,0.024453484656882685,0.22259733236072635,67.21280501286596,29.67588526790971,13.236436955435458,185901926.0,0,0,0,0,0,0,0,0,0
2022-04-21,3431.637451171875,3465.844814453125,3412.1769409179688,41.52945636669959,-24.694236172866113,-6.362539239761787,3647.8659824829824,3327.489657165455,3487.6778198242187,2629.1804159500416,0.020200659487464856,0.2222523833529894,70.89764956345834,47.79915487886543,28.578618202450972,188182922.0,0,0,0,0,0,0,0,0,0
2022-04-22,3416.411865234375,3462.6965673828126,3413.550811767578,39.644003369339266,-24.31128390170079,-9.952288172149588,3645.81419073857,3320.0985778161175,3482.9563842773437,2629.8356459349106,-0.004436828235541146,0.22206853315723576,72.43103121109938,43.73819013343882,40.40441009340466,186601457.0,0,0,0,0,0,0,0,0,0
2022-04-25,3355.555419921875,3459.003583984375,3414.695850830078,34.06491722692114,-28.588843612735218,-13.679599260266714,3642.8713563865444,3303.9712217384554,3473.4212890625,2630.5837510052615,-0.01781297095112533,0.22520628983574895,75.4370367403651,27.506573172323442,39.681306061542564,184640763.0,0,0,0,0,0,0,1,0,0
2022-04-26,3353.759033203125,3454.951240234375,3415.8528283691408,32.790567631557025,-31.757710775722444,-17.295221563357863,3642.599859254058,3289.002679808442,3465.80126953125,2631.3219296586585,-0.0005353470570281793,0.22295778106183128,77.25077358972612,27.027441323871628,32.757401543211294,182697294.0,0,0,0,0,0,0,0,0,0
2022-04-27,3367.849365234375,3450.995341796875,3417.3562023925783,29.594418423788,-32.75451513425105,-20.3870802775365,3639.7846686020207,3277.9632806167297,3458.873974609375,2631.9896438154587,0.004201354924951994,0.22397756418967638,77.04135899650393,32.97297688379887,29.168997126664646,184424942.0,0,0,0,0,0,0,0,1,0
2022-04-28,3389.69580078125,3448.9024951171873,3418.9093432617187,35.38159787491284,-31.419480783099516,-22.593560378649105,3635.2660839098817,3271.0341358166806,3453.150109863281,2632.6664153100864,0.006486761484165937,0.2259368515322521,75.87273621093543,47.380603011469155,35.79367373971322,186128602.0,0,0,0,1,0,0,1,0,0
2022-04-29,3354.136474609375,3445.3645947265627,3420.3620153808592,37.5374162143639,-32.85209834182706,-24.645267971284696,3627.9818391818203,3260.836935232242,3444.409387207031,2633.4414120443853,-0.010490418097010124,0.22563582832876655,76.55155274384788,35.86775136824452,38.740443754504184,184077487.0,0,0,0,0,0,0,0,0,0
2022-05-02,3350.070556640625,3440.1556396484375,3422.0310510253908,37.07714392710024,-33.924483351535855,-26.50111104733493,3617.8367608923045,3252.299616060821,3435.0681884765627,2633.938033798011,-0.0012122100575002737,0.22501478745833353,76.05843141079173,34.43391896435307,39.22742444802225,182753326.0,0,0,0,0,0,0,0,0,0
2022-05-04,3290.822509765625,3433.8506201171876,3423.4745947265624,32.12902461939723,-39.10440715997947,-29.021770269863843,3606.375473337066,3237.375722951996,3421.875598144531,2634.7297728260214,-0.017685611653031175,0.22919016956581434,77.6728816329132,13.540292941993512,27.947321091530366,180447501.0,0,0,0,0,0,0,0,0,0
2022-05-05,3322.644775390625,3428.7286669921873,3425.1033374023436,35.9967857433477,-40.17858944255022,-31.25313410440112,3586.191424145882,3233.2598209713055,3409.725622558594,2635.3090297852777,0.00967000363300241,0.23295517157644186,75.14645375705689,27.428735432405936,25.13431577958417,182059763.0,0,0,0,1,0,0,0,0,0
2022-05-06,3246.232177734375,3421.895,3426.2230932617185,33.28711841653774,-46.657901420645885,-34.33408756765007,3556.4033337164374,3226.9030383538748,3391.653186035156,2635.9499486478617,-0.022997522402095072,0.23554375512742382,77.48366801674362,3.690254831073721,14.886427735157724,180048951.0,0,0,0,0,0,0,0,0,0
2022-05-09,3258.05322265625,3416.7068505859374,3427.4236279296874,42.656010297987024,-50.259582134267475,-37.51918648097356,3533.8832102471147,3220.0825856513225,3376.9828979492186,2636.7544328898,0.003641466252153558,0.234140509306559,75.4368415626217,33.064119561535506,21.394369941671723,182530781.0,0,0,0,0,0,0,0,0,0
2022-05-10,3252.0478515625,3413.914169921875,3428.6325305175783,46.78120646290407,-52.98771392439221,-40.61289196965729,3523.2402987840856,3207.517904340915,3365.3791015625,2637.2742283381403,-0.0018432391011875549,0.22762013211303386,69.92471703223308,30.927102826209133,22.560492406272786,180908096.0,0,0,0,0,0,0,0,0,0
2022-05-11,3226.75,3411.0429931640624,3429.762999267578,34.15047667165689,-56.539352757260986,-43.79818412717803,3511.251367527408,3193.6275631366548,3352.4394653320314,2637.8389063475693,-0.00777905268224921,0.22768634696204582,67.83403935500789,21.92483946680923,28.63868728485129,179066327.0,0,0,0,0,0,0,0,0,0
2022-05-12,3223.58203125,3411.1753955078125,3430.7777502441404,21.67121529936209,-58.93036812196124,-46.82462092613467,3492.5081892456874,3185.158021691813,3338.83310546875,2638.69288281297,-0.000981783140931225,0.22658985112338229,68.67166813190326,22.3588674226535,25.070269905223956,176259132.0,0,0,0,0,0,0,0,0,0
2022-05-13,3229.4931640625,3409.1733447265624,3431.772352294922,23.88682388300387,-59.66055625317131,-49.391807991542,3469.158553858007,3182.3872713373053,3325.772912597656,2639.363424535537,0.0018337156477472583,0.22736598044054615,68.71221605125889,24.620266171261072,22.967991020241268,178446955.0,0,0,0,0,0,0,0,0,0
2022-05-16,3193.4609375,3405.8179736328125,3432.603282470703,25.667108657074806,-62.427114244111635,-51.99886924205593,3451.9587851014358,3172.620121148564,3312.289453125,2639.7069453599556,-0.011157238839661687,0.22844026487633542,67.62801682938903,10.835559475841677,19.271564356585415,177251142.0,0,0,0,0,0,0,0,0,0
2022-05-17,3264.20068359375,3404.0296484375,3433.8599951171873,38.861463251704194,-58.240168659801384,-53.24712912560502,3449.44366032031,3167.9053631171905,3308.67451171875,2640.27434012859,0.022151436162274996,0.21170722359377733,70.79276272774551,37.8981849264052,24.451336857835983,179005218.0,0,1,0,0,0,0,0,1,0
2022-05-18,3261.552490234375,3402.221455078125,3435.1722497558594,36.39236708405008,-54.507344453926635,-53.49917219126935,3449.511422099353,3165.6530310256476,3307.5822265625,2640.8745022037956,-0.0008112838688764112,0.20426139624408593,70.10375186564751,36.88507604543104,28.53960681589264,177138437.0,0,0,0,0,0,0,0,0,0
2022-05-19,3084.8466796875,3397.2583837890625,3435.5310131835936,22.05462394007104,-65.05779078122396,-55.81089590926028,3464.2483550513302,3123.031893972107,3293.6401245117186,2641.938640034387,-0.054178435292996596,0.2609414449951784,80.40186575792563,8.12459202310167,27.635950998312637,172495474.0,0,0,0,0,0,0,0,0,0
2022-05-20,3114.211181640625,3393.628759765625,3436.0460229492187,27.75349543494974,-70.23994326610818,-58.696705380629865,3453.311614993492,3102.2260070768207,3277.7688110351564,2642.684747078955,0.009518950211198085,0.2502358440071472,78.07477588371125,19.81449191191026,21.608053326814325,175560599.0,0,0,0,0,0,0,0,0,0
2022-05-23,3141.400146484375,3388.3668408203125,3436.8305395507814,31.44709023421389,-71.33065877794206,-61.22349606009231,3436.8981682426147,3091.138281952698,3264.0182250976563,2643.273637689063,0.008730610500674585,0.2547583361640333,79.20286475273782,29.085405131916,19.008163022309308,177854289.0,0,0,0,0,0,0,0,0,0
2022-05-24,3109.48291015625,3381.849033203125,3437.21072265625,33.05347973514067,-73.91842729027849,-63.76248230612955,3432.0301280577646,3071.3990711609854,3251.714599609375,2643.6840543550834,-0.010160194448276316,0.2506958153296397,77.11556141633147,19.142081437377126,22.680659493734463,176142779.0,0,0,0,0,0,0,0,0,0
2022-05-25,3015.845458984375,3373.678828125,3436.814138183594,24.298461405048812,-82.57316023769681,-67.524617892443,3436.8881807485914,3032.749661048284,3234.8189208984377,2644.361997643177,-0.03011351207817692,0.26721622286076807,82.95770998465953,4.282534467564394,17.503340345619176,172594733.0,0,0,0,0,0,0,0,0,0
2022-05-26,3072.30419921875,3367.0501123046874,3436.7514306640624,34.9255406444525,-83.90909810956782,-70.80151393586797,3424.362628274854,3015.7206969204585,3220.0416625976563,2644.9792027866147,0.018720700713022786,0.2786857582919918,81.97475224778655,22.956042500749653,15.460219468563727,175407919.0,0,0,0,0,0,0,0,0,0
2022-05-27,3105.008056640625,3360.24609375,3436.8051318359376,37.19885170653252,-81.39068931900874,-72.91934901249613,3399.766776934505,3011.847773846745,3205.807275390625,2645.709910772242,0.010644732845852767,0.28122584305648035,78.13450280141794,33.772715734129825,20.33709756748129,178511072.0,0,0,0,0,0,0,0,0,0
2022-05-30,3213.4970703125,3356.540556640625,3437.279493408203,47.24740575872057,-69.83565354267785,-72.30260991853248,3379.862651729566,3017.6879586219966,3198.7753051757813,2646.3180203569755,0.034940010361599994,0.3123185564711429,83.7644240958228,69.65503368710193,42.12793064066047,180605696.0,0,0,0,0,0,0,0,0,0
2022-05-31,3203.119384765625,3351.4547900390626,3437.641192626953,48.27599964804324,-60.814564490400244,-70.00500083290603,3358.011921103586,3024.843572060477,3191.4277465820314,2647.6928496384,-0.003229405634984972,0.31233714110848304,83.25733918218336,66.22265468571125,56.550134702314345,175764731.0,0,0,0,0,0,0,0,0,0
2022-06-01,3194.408203125,3345.8760888671877,3437.9065710449217,47.88866477164306,-53.74862528413132,-66.75372572315109,3346.5271708273026,3026.6868916726976,3186.60703125,2648.1090952440195,-0.0027195931822137087,0.30687314294074364,79.79018343228482,63.341465348693305,66.4063845738355,174270896.0,0,0,0,0,0,0,0,0,1
2022-06-02,3258.958740234375,3342.4593896484375,3438.4461755371094,51.96561625117466,-42.45078248663003,-61.89313707584688,3334.2131723415846,3032.6322866427904,3183.4227294921875,2648.935470247846,0.020207353914952764,0.31406711338257726,81.71721050701863,84.69130362447609,71.41847455296022,176928835.0,0,1,0,0,0,0,0,1,0
2022-06-03,3275.28662109375,3337.9648681640624,3439.031848144531,55.60587499740746,-31.81291763386116,-55.87709318744974,3338.7421667897443,3031.008736530568,3184.875451660156,2649.544935681909,0.0050101526778461025,0.3033397668681608,81.12720950186801,88.50731149569462,78.84669348962134,178842457.0,0,0,0,0,0,0,0,0,0
2022-06-06,3266.52783203125,3333.07861328125,3439.047723388672,50.17422952967532,-23.814574581733723,-49.464589466306535,3340.0585013583827,3030.5398628994294,3185.299182128906,2649.8848912957947,-0.0026742053675824495,0.30333417414043196,78.40904138641852,85.6613224210909,86.2866458470872,177758247.0,0,0,0,0,0,0,0,0,0
2022-06-07,3201.54833984375,3326.18443359375,3438.6937109375,45.89108998619424,-22.460224563465545,-44.06371648573834,3334.567530673864,3030.9808824120737,3182.774206542969,2650.5312665366855,-0.01989252672220254,0.3116812115530519,79.99682390291741,64.54756759501703,79.57206717060086,175449991.0,0,0,0,0,0,0,0,0,0
2022-06-08,3241.01220703125,3320.8814892578125,3438.1596472167967,63.16898607367586,-17.99505238532447,-38.849983665655564,3336.2812177814076,3030.6934160076553,3183.4873168945314,2651.185665773132,0.012326494245414432,0.3137006950672283,69.80371344849293,77.37054278665609,75.85981093425467,177635698.0,0,0,0,0,0,0,0,0,0
2022-06-09,3262.862548828125,3316.0108349609377,3437.6995007324217,62.696237478418254,-12.54857908377835,-33.58970274928012,3341.3926813232033,3029.5100042236713,3185.4513427734373,2651.5821472121534,0.006741826442205889,0.3144439056753879,72.00010476848433,84.47036373068434,75.46282470411914,178914895.0,0,0,0,0,0,0,0,0,0
2022-06-10,3198.8828125,3309.905029296875,3436.924405517578,54.61926464212073,-13.242192026591056,-29.520200604742307,3338.6381924725574,3029.203457918067,3183.9208251953123,2652.005456536336,-0.019608468138231472,0.3226095753427175,72.25045150547251,63.68145909026389,75.17412186920144,177387313.0,0,0,0,0,0,0,0,0,0
2022-06-13,3065.306884765625,3300.6321484375,3435.114431152344,46.94859844132226,-24.29034236200323,-28.474228956194494,3340.9370355234696,3014.089209593718,3177.5131225585938,2652.638746902447,-0.04175705568594501,0.3531372480371874,80.31108799643451,20.278697789653265,56.1435068702005,174356392.0,0,0,0,0,0,0,0,0,0
2022-06-14,3056.690185546875,3291.0280615234374,3433.375380859375,53.19676967666194,-33.35685960107867,-29.45075508517133,3333.706977126661,3000.5682181858388,3167.13759765625,2653.1714851659945,-0.0028110396585654396,0.3416028456112144,75.23787371511675,11.847362290595362,31.935839723504174,171744899.0,0,0,0,0,0,0,0,0,0
2022-06-15,3052.64404296875,3280.9874560546873,3431.4003283691404,48.32374557768413,-40.402890354721876,-31.641182139081444,3324.5285094176747,2988.855841168263,3156.692175292969,2653.454559395575,-0.0013237005821710168,0.3415630317103218,72.45980455344605,10.442930891095878,14.189663657114835,170340363.0,0,0,0,0,0,0,0,0,0
2022-06-16,2991.425537109375,3269.5030810546873,3429.058642578125,40.76483493448117,-50.34638055385403,-35.382221822035966,3332.964742686454,2971.077493641671,3152.0211181640625,2653.8006936594084,-0.020054256243986712,0.2916933365650719,76.52994538484677,2.5998449259998075,8.296712702563683,168308335.0,0,0,0,0,0,0,0,0,0
2022-06-17,2940.86962890625,3256.16685546875,3426.2366259765627,25.52771743799319,-61.596066343692655,-40.62499072636731,3347.093204466949,2939.6148765877388,3143.354040527344,2654.55690537274,-0.016900272988903287,0.29367473756955265,76.0437406581814,14.345529591667779,9.129435136254488,163067901.0,0,0,0,1,0,0,1,0,0
2022-06-20,2963.243896484375,3244.4025537109374,3423.6152880859377,28.921654019330134,-67.923131399657,-46.08461886102525,3353.544709464292,2915.3477465903957,3134.4462280273438,2654.789914297041,0.007608044694740856,0.2931219364608451,76.8156101736688,19.528127064858964,12.157833860842183,164570670.0,0,0,0,0,0,0,0,0,0
2022-06-21,3058.023193359375,3235.8805419921873,3421.0666882324217,39.590160543560536,-64.54543924094287,-49.776782937008775,3353.401234746348,2910.3452496286523,3131.8732421875,2655.3894539408375,0.03198498003739991,0.316257846736727,82.0792450022469,41.482049926470495,25.11856886099908,167535131.0,0,0,0,0,0,0,0,0,0
2022-06-22,3068.495849609375,3227.5396044921877,3418.907302246094,34.15448873824286,-60.32811309960425,-51.887048969527875,3351.4317684085395,2917.5797550289603,3134.50576171875,2656.0795644657815,0.0034246490584970424,0.29660599693335027,80.84495229946808,43.90785276579625,34.97267658570857,170871446.0,0,0,0,0,0,0,0,0,0
2022-06-23,3150.23193359375,3220.63005859375,3416.5827734375,40.61725391869742,-49.81618292060375,-51.472875759743054,3353.414941355531,2923.3893555194686,3138.4021484375,2656.9915291218945,0.026637182512331048,0.3041041351651967,83.61620045764403,66.39876836532976,50.5962236858655,174564024.0,0,0,0,0,0,0,0,0,0
2022-06-24,3135.283935546875,3213.521796875,3414.158536376953,40.24349563350717,-42.20506729212775,-49.61931406622,3354.3643691382663,2925.4675156273584,3139.9159423828123,2657.500660223014,-0.004745046828924293,0.30282154289185476,83.04834764822837,65.16999991836038,58.492207016495456,172431906.0,0,0,0,0,0,0,0,0,0
2022-06-27,3155.8486328125,3207.3761669921873,3411.790244140625,46.362543207746185,-34.120484413390386,-46.51954813565408,3348.8512713044465,2925.215769711179,3137.0335205078127,2658.0071296867254,0.006559117990070584,0.2757556509787434,82.69808969123763,70.39808074156574,67.32228300841864,174469592.0,0,0,0,0,0,0,0,0,0
2022-06-28,3159.13330078125,3203.8288427734374,3409.6084497070315,43.08458605996922,-27.13554728395593,-42.64274796531445,3344.666945645085,2925.001486972102,3134.8342163085936,2658.3568086832274,0.001040819237842383,0.27566521233113334,82.0146308557381,71.23312875594733,68.93373647195781,175869638.0,0,0,0,0,0,0,0,0,0
2022-06-29,3132.808837890625,3200.8170556640625,3407.4917248535157,39.09817982375357,-23.453738341526332,-38.80494604055682,3339.705024657453,2923.803471436297,3131.754248046875,2658.8608939398364,-0.008332811687343122,0.27696889067513636,80.5253174359133,72.23354845748445,71.28825265166584,173735644.0,0,0,0,0,0,0,0,0,0
2022-06-30,3110.530029296875,3195.7538818359376,3405.1823376464845,42.03707770281421,-22.079078022697104,-35.45977243698488,3323.5812301038686,2925.084394896131,3124.3328125,2659.4716345162055,-0.0071114484625722785,0.2662175320662481,79.21959935669273,71.74465845887708,71.73711189076963,171016041.0,0,0,0,1,0,0,1,0,0
2022-07-01,3156.22998046875,3190.245732421875,3402.847282714844,59.7368887531681,-17.10487137716609,-31.78879222502112,3305.376366260134,2931.383594677366,3118.37998046875,2659.842550578053,0.014692014139534137,0.2718511497326877,73.3371434669785,85.90195235586486,76.6267197574088,172518920.0,0,1,0,0,0,0,0,1,0
2022-07-04,3080.01611328125,3183.5178173828126,3399.9401208496092,52.18204349242064,-19.092512312266535,-29.249536242470203,3283.0967358658763,2935.012053196624,3109.05439453125,2660.3893033230697,-0.024147120982667136,0.2833056012445013,75.28889766160685,62.29181516465785,73.31280865979994,169896385.0,0,0,0,0,0,0,0,0,0
2022-07-05,3062.16455078125,3177.65,3396.6202758789063,50.86817985901094,-21.85625863107998,-27.77088072019216,3271.6376402135284,2932.5327699427216,3102.085205078125,2660.821560128384,-0.0057959315287419155,0.27634804737835394,77.46847653174707,56.76161632741089,68.31846128264453,167725758.0,0,0,0,0,0,0,0,0,0
2022-07-06,3104.48388671875,3172.6644970703123,3393.753474121094,60.67789841254323,-20.39661132879928,-26.296026841913587,3251.7507104455153,2938.7668676794847,3095.2587890625,2661.3008960225807,0.01382007244734873,0.27742939349106105,74.37082196642798,69.87163638277724,62.97502262494866,169907902.0,0,0,0,0,0,0,0,0,0
2022-07-07,3130.285888671875,3167.9132275390625,3391.371141357422,68.76710473163381,-16.962293641819542,-24.42928020189478,3225.1916643386144,2952.068247770761,3088.6299560546877,2661.7625016581246,0.00831120498434812,0.2781405859833762,70.32450255491007,74.46425721208728,67.03250330742513,171897823.0,0,0,0,0,0,0,0,0,0
2022-07-08,3108.958984375,3162.2984912109373,3388.9026708984375,64.46727798502488,-15.779577920524844,-22.699339745620797,3210.9875869459984,2957.279942350877,3084.1337646484376,2662.234677057485,-0.0068130851479267784,0.2709671774724735,69.32142120176852,58.96842077296552,67.76810478927668,169760907.0,0,0,1,0,0,0,0,0,1
2022-07-11,2964.57666015625,3154.507294921875,3385.5264331054686,41.55408223293846,-26.190802829604763,-23.397632362417593,3216.6461798486234,2941.548326987314,3079.0972534179687,2663.27302094121,-0.04644072982126379,0.2805847523262834,71.6403957250342,3.036222973656352,45.48963365290305,162786307.0,0,0,0,0,0,0,0,0,0
2022-07-12,2936.87109375,3146.2433056640625,3382.0154357910155,38.46283888611885,-36.25940538816167,-25.96998696756641,3224.504680301737,2921.707917354513,3073.106298828125,2663.7752566881727,-0.009345538868537728,0.2819390465873193,70.8515252757965,1.574369219644256,21.19300432208871,159051492.0,0,0,0,0,0,0,0,0,0
2022-07-13,2893.123291015625,3138.2893212890626,3378.2522509765627,25.85607417070358,-47.22455227879709,-30.220900029812547,3236.5514524262367,2893.709070034701,3065.130261230469,2664.209947929031,-0.014896058198630269,0.2856963491176762,69.48799765937065,1.1436424266883947,1.9180782066630009,155187962.0,0,0,0,0,0,0,0,0,0
2022-07-14,2862.576416015625,3129.0879541015624,3374.326671142578,25.12014390540304,-57.7140955432119,-35.719539132492415,3250.271447379585,2867.1041629719775,3058.6878051757812,2664.672552979007,-0.010558442184216976,0.279898515416409,71.03427702254089,8.20315264768906,3.640388098007237,150423054.0,0,0,0,0,0,0,0,0,0
2022-07-15,2858.614990234375,3121.3356103515625,3370.5431127929687,22.035362901799473,-65.59069935351499,-41.693771176696934,3259.8502949890467,2849.2998514953283,3054.5750732421875,2665.105826160077,-0.0013838672599573165,0.27434402441171657,71.46274355244135,11.206151922192054,6.850982332189837,145848248.0,0,0,0,0,0,0,0,0,0
2022-07-18,2924.3857421875,3114.6622607421873,3367.360716552734,30.237830203260188,-65.76768566614055,-46.50855407458566,3262.23704916623,2843.0272818884573,3052.6321655273437,2665.5107147855942,0.02300790843741174,0.28614922989693986,73.17423115812878,29.76615870413588,16.391821091338997,149051043.0,0,0,0,0,0,0,0,0,0
2022-07-19,2934.64794921875,3108.3142626953127,3364.1695666503906,32.85418003652798,-64.33822326281461,-50.074487912231454,3262.561638286468,2830.3651683541566,3046.4634033203124,2665.7552338142423,0.0035091837862586406,0.2599174638427002,72.29213030650034,32.66207936919856,24.5447966651755,150916117.0,0,0,0,0,0,0,0,0,0
2022-07-20,3021.086181640625,3104.200986328125,3361.4876306152346,43.0342808251735,-55.589717388802,-51.177533807545565,3260.21365364966,2827.9721861940898,3044.092919921875,2666.3431602921946,0.02945437882758184,0.2824717871949167,75.152306014593,57.05429501623175,39.827511029855394,154318368.0,0,0,0,0,0,0,0,0,0
2022-07-21,3033.018798828125,3100.3897216796877,3359.079014892578,39.87185718775374,-47.150084151882766,-50.37204387641301,3248.512284425998,2827.952241941189,3038.2322631835937,2666.7743068690575,0.003949777156313949,0.26432530913620517,72.37125248489426,62.71307660845011,50.80981699796015,156739008.0,0,0,0,0,0,0,0,0,0
2022-07-22,3027.005126953125,3096.3399609375,3356.4372766113283,45.07388950219588,-40.48023610555674,-48.39368232224176,3238.09339945524,2827.543246052572,3032.818322753906,2667.1371837846887,-0.0019827347846718135,0.2640935048105095,69.70144725808252,60.95170470864152,60.23969211110779,154663122.0,0,0,0,0,0,0,0,0,1
2022-07-25,3022.94775390625,3092.929697265625,3353.492576904297,46.259845636440005,-35.11692353618537,-45.73833056503048,3223.114445578116,2829.2321120390716,3026.1732788085938,2667.447271837717,-0.0013403918647997282,0.26233012060970773,67.82438690078395,59.76332213301149,61.14270115003438,152865618.0,0,0,0,1,0,0,0,0,0
2022-07-26,2974.406494140625,3087.1338134765624,3350.410704345703,37.73985990041802,-34.38694240432096,-43.468052932888575,3204.737444584214,2829.136432368911,3016.9369384765623,2667.8395746265464,-0.01605759137017837,0.2666708801641351,68.25561094225337,45.54585022738292,55.42029235634531,150226251.0,0,0,0,0,0,0,0,0,0
2022-07-27,3044.0439453125,3082.783642578125,3347.290701904297,42.491879683714686,-27.868021567590404,-40.348046659828945,3192.815622664926,2832.1817650303865,3012.4986938476563,2668.0925786352364,0.023412217297486437,0.2814488034199886,70.00141522432344,68.70104293904079,58.00340509981174,151616059.0,0,1,0,0,0,0,0,1,0
2022-07-28,3112.440185546875,3083.3355126953124,3344.3112756347655,50.28011231995235,-16.98691033416071,-35.6758193946953,3193.1316460831326,2832.0567572371797,3012.594201660156,2668.545013653338,0.022468874123745097,0.29268967102732685,71.38520688931658,98.87459750658371,71.04049689100248,153722392.0,0,0,0,0,0,0,0,0,0
2022-07-29,3151.9599609375,3084.09048828125,3342.707482910156,68.13862189182649,-5.115665486675425,-29.563788613091326,3192.211655360983,2832.5497460062043,3012.3807006835937,2669.1122560825675,0.01269736060282911,0.2914622287677972,64.41463750947128,95.77267170247988,87.7827707160348,156152649.0,0,0,0,0,0,0,0,0,0
2022-08-01,3149.001220703125,3084.242509765625,3341.2431872558595,71.56738976215144,4.0074406912235645,-22.84954275222835,3203.594499782765,2828.06541232661,3015.8299560546875,2669.4148846414855,-0.0009386985466321995,0.2771527494957935,64.42809373226217,92.45990669515207,95.70239196807188,154845736.0,0,0,0,0,0,0,0,0,0
2022-08-02,3142.3193359375,3084.89923828125,3339.7344128417967,77.40113297686423,10.576476767348595,-16.164338848312962,3215.040783894732,2824.6346067302675,3019.8376953125,2669.7043060364563,-0.0021219060576079807,0.2762185052068108,62.140313638464804,90.58831758888184,92.94029866217126,153576622.0,0,0,0,1,0,0,0,0,0
2022-08-03,3187.853271484375,3088.33939453125,3338.6267736816408,84.62561216353745,19.23496454278302,-9.084478170093766,3230.0781503958797,2817.934178705683,3024.0061645507812,2670.426871736459,0.014490550029756966,0.2766271007554418,60.90957175031661,97.60101189665875,93.54974539356421,156472446.0,0,0,0,0,0,0,0,0,0
2022-08-04,3202.601318359375,3090.9453369140624,3337.424364013672,85.79520511194576,26.975960533020498,-1.8723904294709133,3243.8339538370255,2811.4099182332866,3027.621936035156,2670.9774359809976,0.0046263254983918145,0.2757263990443874,61.22662530578441,91.18042615237445,93.12325187930502,158623013.0,0,0,0,1,0,0,0,0,0
2022-08-05,3212.24267578125,3093.090029296875,3336.331525878906,83.91637277858001,33.50253621107095,5.202594898637459,3261.736586457351,2803.835654753586,3032.7861206054686,2671.265508134676,0.0030104769415426613,0.2740990065993977,57.1151054517107,93.61465448796281,94.13203084566533,159729946.0,0,0,0,0,0,0,0,0,0
2022-08-08,3221.2158203125,3093.244404296875,3335.402972412109,83.86736760708865,38.949961320742204,11.952068183058408,3286.907177294399,2804.3289799321637,3045.6180786132813,2671.547983907405,0.0027934204968083076,0.2066371763019247,56.705995533159566,95.38436731021956,93.39314931685227,160798782.0,0,0,0,0,0,0,0,0,0
2022-08-10,3201.93310546875,3093.2206787109376,3334.7383984375,75.40568553086379,41.23579050664466,17.80881264777566,3304.0961568174284,2813.646201581009,3058.8711791992187,2672.0263107660476,-0.005986160480821012,0.20403555213949665,53.453569603006336,88.45231476135052,92.48377885317763,158920423.0,0,0,1,0,0,0,0,0,1
2022-08-11,3267.08447265625,3094.6742041015623,3334.558416748047,78.60480658780004,47.75401884096527,23.797853886413584,3326.5802043020863,2828.5582722604136,3077.56923828125,2672.4400768365595,0.02034751040745486,0.1980765402463928,55.805995012604434,98.13367220387308,93.99011809181438,160369671.0,0,0,0,0,0,0,0,0,0
2022-08-12,3247.085693359375,3094.4367431640626,3334.3062890625,76.0067462616294,50.72134333173926,29.18255177547872,3335.056935563566,2858.5324687333086,3096.7947021484374,2672.8457333000456,-0.006121292382934684,0.19368386785083336,54.97074030563158,91.82720363012147,92.80439686511504,158897317.0,0,0,0,0,0,0,0,0,0
2022-08-16,3238.63720703125,3093.7037548828125,3334.060773925781,75.22605868103025,51.794195880025654,33.70488059638811,3333.8354584189797,2897.756167557583,3115.7958129882813,2673.0734930079902,-0.0026018673746132093,0.19437941370721845,54.28890692286801,89.16303534598946,93.04130372666134,158057375.0,0,0,0,0,0,0,0,0,0
2022-08-17,3246.656005859375,3093.306318359375,3333.8216052246094,85.17519875542075,52.684178884145695,37.500740253939625,3337.6760729532875,2926.1425793904623,3131.909326171875,2673.5191161040702,0.002475979344248813,0.18442366853306164,52.54677736266818,91.33977140563186,90.7766701272476,159679701.0,0,0,0,0,0,0,0,0,0
2022-08-18,3227.707275390625,3093.8294970703123,3333.809141845703,77.30630936055573,51.26948987409287,40.254490177970276,3334.114833716272,2959.0097512446655,3146.562292480469,2673.8985442910403,-0.0058363837852092315,0.1885671688061692,49.47845502009428,79.10144666297906,86.53475113820014,158249042.0,0,0,0,0,0,0,0,0,0
2022-08-19,3232.00244140625,3093.6493017578123,3333.930964355469,71.96213232161517,49.91948192872724,42.18748852812167,3338.5742228886065,2975.641988048894,3157.10810546875,2674.2717903668354,0.0013307173325081134,0.1647981594733489,47.78065738789548,72.76429452385077,81.06850419748723,159647452.0,0,0,0,1,0,0,1,0,0
2022-08-22,3202.2197265625,3092.4364453125,3333.532626953125,59.5746066236796,45.917071306745584,42.93340508384645,3338.2392572627214,2992.8970464482163,3165.568151855469,2674.659457840871,-0.00921494193884076,0.1707656511369829,46.522627004131046,52.98028268233209,68.2820079563873,158110920.0,0,0,0,0,0,0,0,0,0
2022-08-23,3135.4462890625,3091.16771484375,3332.763603515625,47.92279770763605,36.93135205810768,41.7329944786987,3331.740009678073,3010.240410243802,3170.9902099609376,2675.0663132748477,-0.020852234762690602,0.18980898981098968,48.469306260789644,9.199792802618889,44.98145666960058,156261664.0,0,0,0,0,0,0,0,0,0
2022-08-24,3107.524169921875,3092.012060546875,3331.81697265625,44.99377211636342,27.242983005271526,38.83499218401327,3323.5402163545887,3026.897845168849,3175.219030761719,2675.4153866408583,-0.008905309345603185,0.193350833331321,49.59777079668116,2.8852242158978774,21.688433233616284,154569741.0,0,0,0,0,0,0,0,0,0
2022-08-25,3072.060791015625,3092.31947265625,3330.615614013672,32.8429273007724,16.51293163511218,34.370580074233054,3305.199775740879,3055.0037154700585,3180.1017456054688,2675.7834663588246,-0.011412100748726117,0.18841160780616067,49.01478478336711,1.6124963822335605,4.565837800250109,152622811.0,0,0,0,0,0,0,0,0,0
2022-08-26,3075.87939453125,3092.7841796875,3329.4611962890626,30.595003368423264,8.222632618311764,29.140990583048797,3300.1352470965953,3063.2517890362174,3181.6935180664063,2676.0613082742757,0.001243010400963529,0.17003921208486114,46.263530223995076,3.482203524595284,2.6599747075755737,154080773.0,0,0,0,0,0,0,0,0,0
2022-08-29,2990.30078125,3092.7616845703124,3327.8649633789064,22.426567826941508,-5.193105079602901,22.27417145051846,3319.021373705128,3032.151721997997,3175.5865478515625,2676.4408989422705,-0.0278224866142035,0.17768981446816842,54.38775250149433,14.825998400225064,6.640232769017969,151541600.0,0,0,0,0,0,0,0,0,0
2022-08-30,3065.3310546875,3095.2509130859376,3326.744892578125,33.36388696372646,-9.659509040737703,15.887435352267229,3322.7022889667114,3019.8079161114138,3171.2551025390626,2677.074722260683,0.025091212866598545,0.19575831862902815,57.86857445886172,37.43152046218123,18.57990746233386,154973125.0,0,0,0,0,0,0,0,0,0
2022-09-01,2989.4892578125,3095.7758203125,3325.227204589844,29.77003723445806,-19.09880637876904,8.890187006059975,3335.092482614072,2991.46652617499,3163.279504394531,2677.6001434014197,-0.02474179640695673,0.21264861275588087,60.6061722144728,14.581498278744338,22.279672380383545,151426190.0,0,0,0,0,0,0,0,0,0
2022-09-02,2988.248291015625,3094.380322265625,3323.5246520996093,19.768078991211382,-26.375611543316154,1.8370272961847487,3344.327125140627,2966.824779156248,3155.5759521484374,2677.9022339293247,-0.0004151099702506267,0.2127762337846931,58.441255456210946,14.508074297543473,22.17369767948968,149373290.0,0,0,0,0,0,0,0,0,0
2022-09-05,2991.112060546875,3092.832646484375,3321.7077893066407,21.175883884064405,-31.547786549590455,-4.839935472970292,3347.467978456767,2944.009804746358,3145.7388916015625,2678.220588255747,0.0009583439033029606,0.20373766960655346,58.06281342439398,15.389132752710028,14.826235109665946,151521202.0,0,0,0,0,0,0,0,0,0
2022-09-06,2985.05029296875,3089.529013671875,3319.8459851074217,21.290322937293183,-35.72410128666843,-11.01676863570992,3346.8794795846507,2922.843201079412,3134.8613403320314,2678.5014971355804,-0.002026593272141275,0.20174964759917308,58.55032932795075,13.524188133500274,14.473798394584591,149584749.0,0,0,0,0,0,0,0,0,1
2022-09-07,3006.576416015625,3086.95486328125,3318.254660644531,23.626174981923356,-36.8718468770885,-16.187784283985636,3340.704089109535,2908.451965577965,3124.57802734375,2678.701702114337,0.007211310006260074,0.20406721612423345,59.44014657795602,20.146848410609422,16.353389765606575,150876283.0,0,1,0,0,0,0,0,1,0
2022-09-08,3025.715576171875,3084.3522021484373,3316.977106933594,27.81958152642484,-35.824115154815445,-20.115050458151597,3330.2089517099625,2899.397078563475,3114.803015136719,2678.922273017006,0.006365765411548541,0.2058505908605547,59.08555625952457,26.0351430853176,19.902059876475764,152222396.0,0,0,0,1,0,0,1,0,0
2022-09-09,3071.536376953125,3082.600263671875,3316.0103173828124,33.85209858914784,-30.939770123135986,-22.279994391148477,3320.4543321524316,2896.1120252694436,3108.2831787109376,2679.2114875378525,0.015143789833419241,0.21529486025015063,60.09128563724367,45.08413279335286,30.422041429759958,153783581.0,0,0,0,0,0,0,0,0,0
2022-09-12,3095.687255859375,3081.85783203125,3315.136669921875,39.156596267056315,-24.833848261086587,-22.7907651651361,3298.2876036886573,2901.13903205353,3099.7133178710938,2679.5621487209487,0.00786280087302993,0.20228325525231244,61.03225264359532,62.07351561205939,44.39759716357662,155569509.0,0,0,0,1,0,0,0,0,0
2022-09-13,3082.704833984375,3081.301328125,3314.296998291016,43.97158766506842,-20.802634322032645,-22.39313899651541,3277.6014405854876,2905.3871092192003,3091.494274902344,2679.936729321803,-0.0041937123494718564,0.20195535460544922,57.88892328847948,65.35242013888643,57.5033561814329,153596831.0,0,0,1,0,0,0,0,0,1
2022-09-14,2978.70263671875,3077.75078125,3312.9250427246093,37.4570275190277,-25.7036803417177,-23.05524726555587,3257.508294926037,2899.4867978474003,3078.4975463867186,2680.6513277615345,-0.033737319291514134,0.23037083241179354,61.82656696990765,19.984940230886526,49.13695866061078,148506562.0,0,0,0,0,0,0,0,0,0
2022-09-15,2963.381591796875,3075.4180908203125,3311.471999511719,38.98622281998221,-30.472803395447045,-24.538758491534104,3231.77602263254,2896.8916287346474,3064.3338256835937,2680.935079728568,-0.005143529512819156,0.2290816929793083,60.0776293920063,12.367755690737917,32.568372020170294,146368539.0,0,0,0,0,0,0,0,0,0
2022-09-16,2872.074951171875,3071.616298828125,3309.3021020507813,32.4568589236261,-41.14574802135576,-27.860156397498436,3216.4587457141743,2876.645673231138,3046.552209472656,2681.411417205439,-0.030811637919919477,0.24749381534618264,64.4517052142959,3.2245972901363857,11.859097737253611,141046318.0,0,0,0,0,0,0,0,0,0
2022-09-19,2891.261962890625,3067.3518603515627,3307.0999853515623,40.37476587217036,-47.50825643136841,-31.78977640427243,3189.1477676305867,2869.882603463163,3029.515185546875,2681.6148379923147,0.006680540043330518,0.2502239804489474,58.5196305613223,14.539009423748746,10.043787468207682,143118538.0,0,0,0,0,0,0,0,0,0
2022-09-20,2902.239501953125,3062.7909326171875,3304.723114013672,31.89569896727734,-51.07602193928324,-35.64702551127459,3161.710997156494,2867.3213514763183,3014.5161743164062,2681.7741028912023,0.003796798492629483,0.2518749155866663,55.60131712666709,18.616933290424203,12.126846668103113,144662833.0,0,0,0,0,0,0,1,0,0
2022-09-21,2864.915283203125,3057.91005859375,3301.852333984375,34.878295550928456,-56.2666474433272,-39.770949897685114,3151.0857217319003,2850.8935263149747,3000.9896240234375,2681.9668479645047,-0.012860488848312479,0.24665700690452624,52.403470865701884,4.751774480324044,12.635905731499,142409015.0,0,0,0,0,0,0,0,0,0
2022-09-22,2870.833251953125,3056.0351904296876,3299.0227099609374,35.90731622124363,-59.220072796143995,-43.66077447737689,3141.195187298441,2837.1149689515587,2989.155078125,2682.1446519942365,0.0020656697196934637,0.2470647414526845,52.94553768737891,9.67291554372628,11.013874438158178,144426998.0,0,0,0,0,0,0,0,0,0
2022-09-23,2846.635009765625,3054.23046875,3296.5632373046874,33.50402296031007,-62.78948152004705,-47.486515885910926,3137.2903852415743,2818.4771928834257,2977.8837890625,2682.347938024759,-0.008428996066224714,0.24607663657064585,53.4773839881281,1.0488481078761045,5.157846043975476,141774624.0,0,0,0,0,0,0,0,0,0
2022-09-26,2858.423583984375,3053.536474609375,3293.935661621094,35.72875490944391,-63.93007808662287,-50.775228326053316,3127.931344460014,2806.090652610299,2967.0109985351564,2682.587621724777,0.00414123137610134,0.24706000929846803,57.92645409132245,19.871907092957983,10.19789024818679,144700113.0,0,0,0,0,0,0,0,1,0
2022-09-27,2880.427001953125,3053.893486328125,3291.2179663085935,35.797827076448115,-62.33990156336631,-53.08816297351592,3126.53961195211,2796.495007188515,2961.5173095703126,2682.7924599344556,0.007697745740706141,0.23250690679946537,57.18324407912223,26.578368786913753,15.833041329249278,146927560.0,0,0,0,0,0,0,0,0,0
2022-09-28,2897.80078125,3054.6772021484376,3288.7058544921874,35.541604461651815,-58.99766802928798,-54.27006398467034,3112.899096251871,2793.3824955450036,2953.1407958984373,2683.065928252128,0.006031667973218635,0.21226764702873505,59.64132946002373,31.873754508314622,26.108010129395453,149667327.0,0,0,0,0,0,0,0,0,0
2022-09-29,2861.192138671875,3053.413330078125,3285.8452526855467,25.7188222880565,-58.6271184515067,-55.14147487803761,3110.5893178026095,2782.8625620802027,2946.725939941406,2683.2719166763964,-0.012633250296224086,0.19957878097902879,59.69929262315135,20.715739900465902,26.389287731898094,147173425.0,0,0,0,0,0,0,0,0,1
2022-09-30,2868.113037109375,3052.0826318359377,3283.1474084472657,22.64158142450772,-57.116592058498554,-55.5364983141298,3106.9640760270563,2774.474278465131,2940.7191772460938,2683.5130784494067,0.0024188862900735852,0.2001515883351505,60.8891214953875,23.254831999075876,25.281442135952133,149990778.0,0,0,0,0,0,0,0,0,0
2022-10-03,2849.40283203125,3048.64896484375,3280.2892248535154,22.33400635422825,-56.7747818473199,-55.78415502076783,3102.887587550573,2764.379844090052,2933.6337158203123,2683.648431335523,-0.006523524294907879,0.2004599774859971,61.45164754445039,27.33384695195279,23.76813961716486,148227447.0,0,0,0,0,0,0,1,0,0
2022-10-04,2950.78076171875,3047.0042041015627,3278.1902307128908,46.668162140430816,-47.77284746921896,-54.18189351045806,3099.6696036417516,2764.170874873874,2931.9202392578127,2683.913411874392,0.03557865828863194,0.24150012787726702,61.28126273910574,77.98250373057712,42.8570608938686,150373322.0,0,0,0,0,0,0,0,0,0
2022-10-06,2961.090087890625,3045.6859033203127,3276.089678955078,49.723251258136465,-39.35323357557991,-51.216161523482434,3094.3390467179483,2764.9527989851763,2929.6459228515623,2684.1426735101704,0.003493762161398184,0.24028998657435252,60.947141820992165,88.85799700702471,64.72478256318487,152164138.0,0,0,0,0,0,0,0,0,0
2022-10-07,2925.72265625,3043.7414013671873,3273.7993090820314,57.491332199217936,-35.12953366357033,-47.99883595150001,3083.0091203923384,2766.2834333185992,2924.646276855469,2684.3589306133017,-0.011944057962052557,0.24198053984782783,57.02990242178722,70.13650728231494,78.99233600663892,150224259.0,0,0,0,0,0,0,0,0,0
2022-10-10,2976.936279296875,3043.7919970703124,3271.8945776367186,60.981301977198875,-27.334613276762866,-43.86599141655259,3064.8912879232744,2774.9412560220385,2919.9162719726564,2684.772034755253,0.017504606233769593,0.24427725615265797,61.652847952811854,95.79395437447958,84.92948622127308,153288322.0,0,1,0,0,0,0,0,1,0
2022-10-11,2930.161376953125,3041.514345703125,3269.5133508300783,53.278068287738996,-24.647307596266273,-40.022254652495334,3031.0013664832795,2792.278589571408,2911.6399780273437,2685.3058015031233,-0.01571242981216847,0.24667859761037453,64.41435764377073,65.53224960772516,77.15423708817322,148557677.0,0,0,0,0,0,0,0,0,0
2022-10-12,2959.9443359375,3038.4644287109377,3267.175070800781,61.35765861925485,-19.88513909460289,-35.99483154091684,2997.2573935919395,2813.7465126580605,2905.501953125,2685.515929143736,0.010164272595574397,0.2507027866518786,64.72799817055713,79.78520739710501,80.37047045976992,150222924.0,0,0,0,0,0,0,0,0,0
2022-10-13,2962.379150390625,3034.6728125,3264.6981506347656,61.03322218861334,-15.733253912199416,-31.94251601517336,2993.9563807268123,2815.415176890375,2904.6857788085936,2685.7770635187867,0.0008225879194967423,0.22073637354812356,65.20529386004907,80.95041424050727,75.42262374844582,152277705.0,0,0,0,1,0,0,0,0,0
2022-10-14,2958.4169921875,3030.8611279296874,3262.16271484375,64.16293254326438,-12.617125675384159,-28.07743794721552,2993.0460956522506,2815.829002003999,2904.437548828125,2686.057852779869,-0.0013374919286083253,0.22001422887743524,67.62586057830991,77.28892754422615,79.34151639394615,150031728.0,0,0,1,0,0,0,0,0,1
2022-10-17,2978.13232421875,3027.5773876953126,3259.606905517578,64.86860371394418,-8.459196716122733,-24.153789700996967,3002.777680058177,2816.7031549027606,2909.7404174804688,2686.2608847095153,0.006664149132226349,0.18832225189672946,64.71758945616787,84.89398131751929,81.04444103408424,151548733.0,0,0,0,0,0,0,0,0,0
2022-10-18,3009.667724609375,3024.0136767578124,3257.159443359375,65.68122707964287,-2.5895144893452198,-19.84093465866662,3018.3187432073487,2813.002667925464,2915.6607055664062,2686.5264866537705,0.010588985631757586,0.1901455916801255,64.35711320577681,94.9967659333939,85.72655826504645,153342455.0,0,0,0,0,0,0,0,0,0
2022-10-19,2987.79931640625,3019.71763671875,3254.6585791015623,60.80201837873318,0.29426112499595547,-15.813895501934105,3027.266547840312,2812.6108447378133,2919.9386962890626,2686.6911355795323,-0.007266053998025046,0.19285374640910183,62.80056492644807,82.84191421691047,87.5775538226079,152148166.0,0,0,0,0,0,0,0,0,0
2022-10-20,3021.72705078125,3015.90732421875,3252.143026123047,69.39290607955104,5.25676201372471,-11.599763998802342,3040.9352722653734,2814.6232970705637,2927.7792846679686,2686.934359808061,0.011355426112021672,0.18799411214426803,62.07045722144374,98.75873109977304,92.19913708335913,153735767.0,0,0,0,0,0,0,0,1,0
2022-10-21,3002.68115234375,3011.536630859375,3249.5105297851565,65.79341124341906,7.565524236219062,-7.766706351798061,3048.912928484532,2819.830430890468,2934.3716796875,2687.0818367360234,-0.0063029843918482875,0.19071602477519115,59.608057813637025,88.14903446434137,89.9165599270083,152713854.0,0,0,0,0,0,0,0,0,0
2022-10-24,3025.938232421875,3008.0167333984373,3246.6195361328123,70.50005471678536,11.143432374191889,-3.9846786066000717,3057.0287532381794,2829.644928402445,2943.3368408203123,2687.12224691186,0.007745437793144072,0.1872403341079564,59.19933749537735,90.98236359494989,92.63004305302144,152974803.0,0,0,0,0,0,0,0,0,0
2022-10-25,3026.32080078125,3003.2014599609374,3243.4141955566406,61.46012815289455,13.850164347149985,-0.4177100158500604,3063.8072350836433,2839.6561682366696,2951.7317016601564,2687.4427692269237,0.00012642966577303127,0.18749332011159997,53.75375381812377,88.15557891547698,89.09565899158942,155044446.0,0,0,0,0,0,0,0,0,0
2022-10-27,3021.822509765625,2998.6961962890623,3240.298707275391,59.379043666317784,15.454148639848881,2.756661715289728,3069.7714790303057,2847.8314750712566,2958.801477050781,2687.814624761044,-0.0014863893525312033,0.1872256946131445,54.22441614451899,85.64224482384371,88.26006244475688,152606025.0,0,0,0,1,0,0,1,0,0
2022-10-28,3027.421630859375,2994.471884765625,3237.463746337891,67.29584451971695,16.981369370782886,5.601603246388359,3076.392407053474,2854.1726320090256,2965.28251953125,2688.0244752041967,0.001852895421771139,0.18675669994922398,53.31665551467803,88.77064667228429,87.522823470535,153961764.0,0,1,0,0,0,0,0,1,0
2022-10-31,3056.037353515625,2990.65951171875,3234.5544982910155,64.57276351677137,20.26712566109245,8.534707729329178,3081.7897295448556,2868.2598310020194,2975.0247802734375,2688.3461440978613,0.009452176189983508,0.17972595799452415,47.44198805938715,96.21423514446316,90.2090422135304,155881178.0,0,0,0,0,0,0,0,0,0
2022-11-01,3119.72998046875,2988.4999658203124,3231.8393322753905,82.87490336178216,27.691365068153118,12.366039197093967,3100.4520561042664,2874.7591987785463,2987.6056274414063,2688.932924016581,0.020841573444726924,0.19004738028725193,45.940571938754765,98.67044506180378,94.55177562618375,158872238.0,0,0,0,0,0,0,0,0,0
2022-11-02,3102.502685546875,2985.909970703125,3228.8678662109373,75.84803496697279,31.81824859765902,16.256481077206978,3104.2710929744358,2896.2501472599392,3000.2606201171875,2689.1971824510083,-0.0055220467892180825,0.1893241108526703,45.95585891292051,87.45169292670033,94.11212437765577,157466283.0,0,0,0,0,0,0,0,0,0
2022-11-03,3069.0537109375,2983.246650390625,3225.9934887695313,67.38635811984653,32.02066650979896,19.409318163725374,3111.7764566857986,2900.5720784704517,3006.174267578125,2689.4426229513488,-0.010781287882585366,0.15651515911000205,45.217460044001754,69.43386657885088,85.185334855785,156043631.0,0,0,0,0,0,0,0,0,0
2022-11-04,3079.246337890625,2982.1226513671877,3222.990703125,69.30137581440117,32.62743521204084,22.052941573388466,3120.2535379017672,2903.9106222544824,3012.082080078125,2689.701641093139,0.00332109761285726,0.15649469146156816,43.515538891567886,73.50808648123383,76.797881995595,157507644.0,1,0,0,1,0,0,0,0,0
2022-11-07,3094.84619140625,2981.869091796875,3219.7343212890623,68.8923665449487,33.97543393199976,24.437440045110726,3126.707798408647,2914.368715263228,3020.5382568359373,2689.9725996775555,0.005066127163541934,0.14779238500592745,42.8831959277195,77.99994018449485,73.64729774819318,158982142.0,0,0,0,1,1,0,0,0,0
2022-11-09,3077.9541015625,2981.9869580078125,3216.1527490234375,61.603529916423355,33.29685671443758,26.2093233789761,3132.6327511248837,2918.545544773554,3025.589147949219,2690.1770259754117,-0.0054581354933423976,0.1398677927737715,43.19422194014224,67.30297585296935,72.93700083956601,157819875.0,0,0,1,0,0,0,0,0,1
2022-11-10,3068.000732421875,2981.829384765625,3212.656170654297,64.20332452178545,31.591755581603593,27.2858098195016,3131.070514408993,2933.8917170363197,3032.4811157226563,2690.44627464215,-0.0032337613922093222,0.12553513447023573,43.74111355750769,60.99997630343961,68.76763078030127,156246783.0,0,0,0,0,0,0,0,0,0
2022-11-11,3173.56396484375,2985.4946484375,3210.0134436035155,71.44778515935376,38.31682872677948,29.49201360095718,3154.1675487981092,2932.156645537828,3043.1620971679686,2691.1598778667094,0.03440782503938444,0.16793587673208815,49.274945205717486,88.04744740333231,72.11679985324709,159512177.0,0,0,0,0,0,0,0,0,0
2022-11-14,3192.275146484375,2988.0335302734375,3207.8808544921876,76.80652543864797,44.64173153576485,32.521957187918716,3177.429007143931,2931.884786801382,3054.6568969726563,2691.4639095197717,0.005895952263103688,0.16781146224746663,49.726137695344406,93.71069128087909,80.91937166255035,160854251.0,0,0,0,0,0,0,0,0,0
2022-11-15,3189.49951171875,2992.0337353515624,3205.701522216797,74.5475024421201,48.86698388018158,35.79096252637129,3194.2300695234403,2938.191976374997,3066.2110229492187,2691.7790743773344,-0.000869484815142485,0.1676296833175313,50.22855090777288,92.35957697791666,91.37257188737603,159453543.0,0,0,0,0,0,0,0,0,0
2022-11-16,3211.272705078125,2996.4942236328125,3203.924934082031,76.08312577597302,53.3573709834759,39.30424421779221,3214.299613388617,2941.436470595758,3077.8680419921875,2692.1890584115527,0.006826523496672898,0.16766721110652885,51.141166332916136,94.62649512814009,93.56558779564529,161201778.0,0,0,0,0,0,0,0,0,0
2022-11-17,3205.1953125,3000.775888671875,3202.1248181152346,75.74576139885664,55.78261308400215,42.599917991034204,3231.328192284813,2943.9606504886247,3087.644421386719,2692.51723197992,-0.0018925183677220847,0.1668434699353881,51.3189127407067,91.52090488083913,92.83565899563196,159783792.0,0,0,0,0,0,0,0,0,0
2022-11-18,3199.8837890625,3005.07255859375,3200.868642578125,74.23346431112475,56.623320973058526,45.40459858743907,3242.210272277564,2954.287017761498,3098.248645019531,2692.783646039393,-0.0016571606156996488,0.16332597913323516,51.88289473497223,87.88117226626177,91.34285742508034,158619252.0,0,0,0,0,0,0,0,0,1
2022-11-21,3142.50732421875,3007.7911767578125,3199.132657470703,61.24167858500872,52.05967530346652,46.73561393064456,3244.8260188118015,2963.749298571011,3104.2876586914062,2693.047955998288,-0.017930796437004348,0.17710877074380227,54.25510744440125,58.165773380362,79.1892835091543,157315058.0,0,0,0,0,0,0,0,0,0
2022-11-22,3172.607666015625,3010.7290185546876,3197.3287158203125,57.53236572908704,50.292063650933414,47.44690387470233,3247.89983012966,2977.6681386203395,3112.783984375,2693.296293651009,0.009578447618847852,0.1761794074209479,53.86199778406304,73.75480741255356,73.26725101972578,158464797.0,0,0,0,0,0,0,0,1,0
2022-11-23,3166.24267578125,3012.62314453125,3195.1884338378904,59.369645934552906,47.82630528736354,47.522784157234575,3250.4242352881533,2989.1741777977845,3119.799206542969,2693.5411377432756,-0.002006233012217584,0.17595958374726572,53.25016579899553,70.45836479911651,67.45964853067737,157314786.0,0,0,0,0,0,0,0,0,0
2022-11-24,3235.008056640625,3015.409560546875,3193.129306640625,72.10029696860533,50.834971648991996,48.18522165558606,3262.744632944659,2997.722505727216,3130.2335693359373,2693.856999641707,0.02171829133166736,0.18861566976980504,55.84454916062883,94.35624371551926,79.52313864239646,158611377.0,0,0,0,0,0,0,0,0,0
2022-11-25,3244.099609375,3018.6374560546874,3191.2650598144533,72.0182370384573,53.33812503763647,49.215802331996144,3272.8554998622185,3009.8393487705944,3141.3474243164064,2694.250083191677,0.0028103647889570205,0.18775211187268148,55.94366948039884,94.12890350778048,86.31450400747208,160200358.0,0,0,0,0,0,0,0,0,0
2022-11-28,3249.45947265625,3024.0525927734375,3189.4734802246094,71.2313097584852,55.119010660433105,50.39644399768354,3280.9158712242292,3023.982761588271,3152.44931640625,2694.797554388726,0.001652188257648124,0.18777853037557213,56.20002508269032,91.1943314894634,93.22649290425437,162395795.0,0,0,0,0,0,0,0,0,0
2022-11-29,3251.468994140625,3029.8143408203123,3187.8617041015623,74.84223617421236,56.04645825356647,51.52644684886013,3289.5351125441985,3034.906684330802,3162.2208984375,2695.191321148971,0.0006184171556176121,0.18674920458951338,56.05303774256039,87.77994148108863,91.03439215944417,163971823.0,0,0,0,0,0,0,0,0,0
2022-11-30,3245.20068359375,3037.27685546875,3186.3866845703124,75.64038161127114,55.6343487372842,52.34802722654494,3299.3099646668843,3037.6789025206153,3168.49443359375,2696.031991497172,-0.0019278395574956475,0.1753106275111565,55.02077306973826,78.04000070887007,85.67142455980736,160561121.0,0,0,0,0,0,0,0,0,0
2022-12-01,3326.40673828125,3045.9797509765626,3185.2368371582033,73.79309820614168,61.15543711142482,54.10950920352092,3324.3198900191405,3035.059382441797,3179.6896362304688,2696.6474707657535,0.025023430784432144,0.1907096889916586,51.82487250490629,98.06446843248396,87.96147020748089,162741977.0,0,0,0,0,0,0,0,0,0
2022-12-02,3291.47412109375,3053.764443359375,3183.865986328125,64.69994059519132,61.99750056781522,55.687107476379786,3333.817461968438,3047.8038515081244,3190.810656738281,2697.289036978678,-0.010501607270537727,0.19043316107491237,53.37324640073325,81.82420576498724,85.97622496878041,160330228.0,0,0,0,0,0,0,0,0,0
2022-12-05,3278.793701171875,3062.04201171875,3182.7882641601564,62.854831215516796,60.939169201500135,56.737519821403865,3338.777693839346,3062.7983559653417,3200.7880249023438,2697.6723882616866,-0.003852504821657665,0.1922522998712521,52.29313249492299,75.9290462594722,85.2725734856478,158855163.0,0,0,0,0,0,0,0,0,0
2022-12-06,3239.984375,3069.4250341796874,3181.3330285644533,53.940081466477,56.31962807513264,56.653941472149626,3337.582478847205,3078.507389316858,3208.0449340820314,2697.955088254221,-0.01183646478215572,0.19932393460049633,53.07591878145198,57.88649171519555,71.879914579885,157688164.0,0,0,0,0,0,0,0,0,0
2022-12-07,3235.438720703125,3077.2011083984376,3179.4576306152344,54.16780217465761,51.69589405130273,55.66233198798025,3330.4356388891474,3101.4026911889778,3215.9191650390626,2698.2352466687976,-0.0014029864872033837,0.19772546292520646,52.90159389860686,55.7732054595267,63.196247811398145,156520659.0,0,0,0,0,0,0,0,0,0
2022-12-08,3206.678955078125,3084.1662158203126,3177.4606579589845,50.8795869957773,45.18995709900037,53.56785701018428,3314.085047160538,3131.6211051832115,3222.853076171875,2698.5269125549303,-0.008888984804740763,0.20092066130049574,52.860590714798164,42.4027171992662,52.02080479132949,155235040.0,0,0,0,0,0,0,1,0,0
2022-12-09,3151.360595703125,3089.5848876953123,3175.3237487792967,51.15213317633931,35.164867205042356,49.887259049155894,3315.9907928596335,3127.4950225700536,3221.7429077148436,2698.8898949021404,-0.017250981513879715,0.17314688424287628,54.72680896994403,16.685071087527096,38.286997915440004,153437144.0,0,0,0,0,0,0,0,0,0
2022-12-12,3145.331298828125,3094.535498046875,3173.1108276367186,46.21310006250263,26.428743267268146,45.19555589277835,3318.9239203657316,3119.8675102983307,3219.395715332031,2699.1937478727273,-0.0019132361060872904,0.17165619067862542,54.46703188102395,20.64368587111103,26.577158052634775,151909534.0,0,0,0,0,0,0,0,0,0
2022-12-13,3189.021240234375,3101.092080078125,3171.4686303710937,52.86547286552201,22.768256952219872,40.710096104666654,3318.9304767575964,3119.813126758029,3219.3718017578126,2699.4942983262995,0.013890410025337419,0.17927254470529097,56.493942932051205,39.360465158746415,25.563074039128185,153287550.0,0,0,0,0,0,0,0,0,0
2022-12-14,3220.843505859375,3108.146689453125,3170.6144384765626,48.03555490545824,22.179415564905867,37.0039599967145,3319.3370845594854,3120.3635990342646,3219.850341796875,2699.7758034218905,0.009978693532521454,0.18119113090040273,53.77652322666339,52.99312986290249,37.66576029758665,154500861.0,0,0,0,0,0,0,0,0,0
2022-12-15,3163.18017578125,3114.422236328125,3169.5787951660154,40.10993929527133,16.865391958186592,32.97624638900892,3320.267497314225,3115.2316726076506,3217.7495849609377,2700.0675739342896,-0.017903176597442116,0.19223231221905232,54.53195222749913,28.29014818511203,40.21458106892032,153085167.0,0,0,0,0,0,0,0,0,0
2022-12-16,3101.11474609375,3117.428916015625,3168.999559326172,34.076359675835135,7.558696542430425,27.89273641969322,3327.7196675695936,3097.9025980554065,3212.8111328125,2700.549234090813,-0.01962121227323732,0.20378384205601724,56.476846607890856,5.906609422435704,29.06329582348341,150381487.0,0,0,0,0,0,0,0,0,0
2022-12-19,3064.5556640625,3119.4982275390626,3167.6743591308596,31.321736304626697,-2.7354069401271772,21.767107747729142,3338.245517119766,3079.581582489609,3208.9135498046876,2700.8918626434324,-0.011789012991957448,0.1983036818101526,56.81865454823021,2.6445057182400284,12.280421108595926,148260522.0,0,0,0,0,0,0,0,0,0
2022-12-20,3104.65625,3123.0768994140626,3166.391492919922,36.844895590056716,-7.570507862329578,15.899584625717399,3342.2236556246735,3068.8083023831387,3205.515979003906,2701.165829118654,0.013085285546531988,0.20119692809386075,59.9256963304681,25.383317077478697,11.31147740605148,149790493.0,0,1,0,0,0,0,0,1,0
2022-12-21,3128.2001953125,3126.102177734375,3165.2644091796874,29.202705569041512,-9.394269268045264,10.840813846964867,3343.6406746440916,3063.5870353168457,3203.6138549804687,2701.4369655309883,0.0075834306334234824,0.20343167598293846,56.77084927521245,34.365412445386944,20.79774508036856,151223059.0,0,0,0,0,0,0,0,0,0
2022-12-22,3119.72998046875,3129.8935498046876,3164.1032482910155,30.919760707721878,-11.391771618827534,6.394296753806387,3341.8690510252172,3053.830851318533,3197.849951171875,2701.69340946929,-0.002707695900167284,0.18571201242856097,55.83088577447175,34.86386628631817,31.53753193639461,149838958.0,0,0,0,0,0,0,0,0,0
2022-12-23,3089.726318359375,3132.489189453125,3162.886878662109,29.77373495083556,-15.220400106156376,2.0713573818138347,3340.1363839182827,3040.126189323905,3190.1312866210938,2701.927066924011,-0.009617390702789885,0.18690210137201668,57.04089684713212,26.483978178056052,31.904418969920396,148478677.0,0,0,0,0,0,0,0,0,0
2022-12-26,3113.221435546875,3135.50603515625,3161.9745239257813,35.979618343490856,-16.172331594306343,-1.577380413410201,3334.350587654075,3032.288181877175,3183.319384765625,2702.08543424713,0.007604271306455246,0.1897727110035755,56.29229103691451,38.79569410666736,33.38117952368054,149348834.0,0,0,0,0,0,0,0,0,0
2022-12-27,3119.538330078125,3138.7284619140623,3160.549735107422,37.2310804122824,-16.22993497319294,-4.507891325366749,3326.7424178942674,3026.703285230733,3176.7228515625,2702.2397845756354,0.0020290540400125234,0.19010367425130548,56.470037260403124,44.180575609368184,36.48674929803054,150184717.0,0,0,0,0,0,0,0,0,0
2022-12-28,3117.241455078125,3141.51064453125,3158.9590759277344,39.53641415618603,-16.273335797412074,-6.860980219775815,3318.9558557289542,3021.6939245444833,3170.3248901367188,2702.4069129299914,-0.0007362868338093298,0.1901567944988005,56.398250441406425,43.80120512477233,42.2591582802693,149273922.0,0,0,0,0,0,0,0,0,0
2022-12-29,3128.39111328125,3143.8851123046875,3157.4792529296874,47.00298736057869,-15.232456748361074,-8.535275525492867,3290.500537930026,3030.3476798434117,3160.424108886719,2702.602320187809,0.003576770796808626,0.16314044967099356,52.689641402787956,49.26166706693761,45.74781593369271,150311849.0,0,0,0,0,0,0,0,0,0
2022-12-30,3116.8583984375,3146.4662939453124,3156.0448449707033,46.337511109157084,-15.163352617712917,-9.860890943936878,3267.377785171179,3036.0088603366335,3151.693322753906,2702.815160906022,-0.0036864683558232025,0.16076801983213376,52.2042846336985,43.61360599216033,45.55882606129009,149148718.0,0,0,0,0,0,0,0,0,0
2023-01-02,3121.40478515625,3148.4598486328123,3154.4258239746096,40.328518259589345,-14.573734741576118,-10.803459703464727,3243.3946148700343,3044.2531390362155,3143.823876953125,2702.9463176793975,0.0014586439733768053,0.16135549371590618,49.67492726457392,45.840164977183036,46.238479345427,149858265.0,0,0,0,1,0,0,0,0,0
2023-01-03,3169.16259765625,3151.7894775390623,3153.2777673339842,42.930141373793916,-10.135960938430799,-10.66995995045794,3230.004579676096,3050.5609964957794,3140.2827880859377,2703.202530722392,0.015300102289556028,0.16889870739416998,51.71210233796536,73.44646018244269,54.300077050595355,151103443.0,0,0,0,0,0,0,0,0,0
2023-01-04,3172.320556640625,3154.7171240234375,3151.852331542969,51.469531911753506,-6.291646148741165,-9.794297190114586,3216.6121601211435,3057.641599644481,3137.1268798828123,2703.4574027204903,0.000996464803260766,0.16904698564812026,49.98594442981656,92.24180430562492,70.5094764884169,152335111.0,0,0,0,0,0,0,0,0,0
2023-01-05,3168.9228515625,3157.5691650390627,3150.3302294921873,63.43646774477571,-3.4790609362844407,-8.531249939348557,3209.3830142508755,3061.095135163187,3135.2390747070312,2703.832029176552,-0.0010710472089626721,0.16642287017423174,48.30766966507667,84.91220760353282,83.53349069720015,150509054.0,0,0,0,0,0,0,0,0,0
2023-01-06,3073.648193359375,3158.6056787109374,3148.549501953125,51.46161375219088,-8.836078749723129,-8.592215701423472,3209.9515130427467,3052.755396136941,3131.3534545898438,2704.2371853881796,-0.030065313251835035,0.1882711887476047,52.416146044385904,27.58467355370296,68.24622848762023,148020678.0,0,0,0,0,0,0,0,0,0
2023-01-09,3177.392578125,3161.60509765625,3146.9364013671875,59.70625298914071,-4.656571086643453,-7.8050867784674685,3214.023982012459,3051.8890550969163,3132.9565185546876,2704.837429566691,0.03375284946070445,0.22534590269181856,54.47375340337875,87.3632091336472,66.62003009696099,150905738.0,0,0,0,0,0,0,0,0,0
2023-01-10,3145.282958984375,3163.390009765625,3145.10861328125,52.22864976395187,-3.8904128081362614,-7.022151984401228,3207.7244388245513,3053.814770159824,3130.7696044921877,2705.584626123902,-0.010105650577044267,0.22266150404401058,57.67306958811816,62.92735143079841,59.29174470604952,147041083.0,0,0,0,1,0,0,0,0,0
2023-01-11,3185.766845703125,3164.7107470703127,3143.306160888672,57.951126880215874,-0.01632732110829238,-5.620987051742641,3198.5701292240515,3059.4614137446983,3129.015771484375,2706.1573830039974,0.012871301961278059,0.22471101125366585,59.68632749160809,86.08683880026463,78.79246645490342,149761595.0,0,0,0,0,0,0,0,0,0
2023-01-12,3191.17431640625,3166.4841796875,3141.7312353515626,62.983810037439326,3.450476091726159,-3.8066944230488806,3203.8813829928617,3056.9495740383886,3130.415478515625,2706.635462572747,0.001697384323783302,0.21508710276338142,58.63355063619156,89.56666396739601,79.52695139948635,152011986.0,0,0,0,0,0,0,0,0,0
2023-01-13,3229.648193359375,3169.6960693359374,3140.3475,64.35064536436636,9.196452128336205,-1.2060651127718636,3221.1965938650405,3052.4877078927716,3136.842150878906,2707.034416666417,0.012056338243675802,0.20487845881021896,60.48273160260955,97.51398155602226,91.0558281078943,153754823.0,0,0,0,0,0,0,0,0,0
2023-01-16,3198.4697265625,3172.080537109375,3138.818983154297,59.16716523711633,11.106311191702844,1.256410148123078,3224.9405765062174,3062.1351315015954,3143.5378540039064,2707.430638412198,-0.009653827578180896,0.20308941941839,62.28493253143938,79.31426969399548,88.79830507247125,151911216.0,0,0,0,0,0,0,0,0,0
2023-01-17,3241.01611328125,3175.003935546875,3137.3793090820313,63.14623150577445,15.870085624136209,4.179145243325705,3240.4271015723084,3060.2845927636295,3150.355847167969,2707.8243531439225,0.013302107056200274,0.20324469290162467,63.70988819890054,98.20464089419777,91.6776307147385,153599691.0,0,0,0,0,0,0,0,0,0
2023-01-18,3252.144287109375,3178.4877392578123,3135.955557861328,63.144549513549,20.309249423595247,7.4051660793796135,3256.69805540054,3056.4080481150854,3156.5530517578127,2708.3996694652506,0.0034335447400348773,0.20232647486056865,63.2509886577609,91.24855124557453,89.58915394458926,156020880.0,0,0,0,0,0,0,0,0,0
2023-01-19,3235.931884765625,3181.8463623046873,3134.361845703125,62.52299959380008,22.26248526841573,10.376629917186836,3266.8999898929437,3057.8263040523684,3162.363146972656,2708.76443489575,-0.004985142389903108,0.20319220614006336,61.628675252529156,83.44397865239208,90.96572359738813,154435836.0,0,0,0,0,0,0,0,0,0
2023-01-20,3226.33837890625,3182.9018505859376,3132.6653161621093,60.919974186860706,22.773800801718608,12.856064094093192,3271.577289417527,3066.810210582473,3169.19375,2709.1095092824994,-0.0029646810257472067,0.19952654765122707,62.14086997585381,78.82571102523332,84.50608030773331,152906487.0,0,0,0,1,0,0,1,0,0
2023-01-23,3276.031494140625,3184.5769775390627,3131.007069091797,61.07675575441681,26.878996798909156,15.660650635056387,3286.635763740489,3068.032742118886,3177.3342529296874,2709.373319716369,0.015402325918219884,0.20417285887525144,61.37867996676433,98.1904809473447,86.82005687499003,153974403.0,0,0,0,0,1,0,0,0,0
2023-01-24,3296.562255859375,3186.718232421875,3129.7325854492187,62.42977788807059,31.426786656905733,18.813877839426258,3304.110912502375,3068.259985935125,3186.18544921875,2709.7282094825878,0.006266961033637886,0.2045611079750076,61.10447119929667,93.97003926094885,90.32874374450894,155362266.0,0,0,0,0,0,0,0,0,0
2023-01-25,3290.2783203125,3188.2983447265624,3128.763358154297,62.07131193483116,34.130447252372505,21.87719172201551,3316.7867508453714,3072.8878341155664,3194.837292480469,2709.9491165086115,-0.0019062086680468049,0.2048744741653824,59.465477099124236,91.44618443144736,94.53556821324696,154488156.0,0,0,0,0,0,0,0,0,0
2023-01-27,3272.3388671875,3189.6412158203125,3127.6973388671877,73.35748763154133,34.42868140406472,24.387489658425352,3324.4625630832757,3079.606797268287,3202.0346801757814,2710.3859899640224,-0.00545226007607047,0.20690777763164034,56.2355357870705,82.84657259671627,89.42093209637083,152702277.0,0,0,0,0,0,0,0,0,0
2023-01-30,3294.019775390625,3191.523935546875,3126.6888916015623,66.98807468842483,35.9995221328013,26.70989615330054,3333.008084527024,3088.7774135198506,3210.8927490234373,2710.8815740859673,0.006625508262767088,0.20616567865680904,53.33865754442864,89.49186058486274,87.9282058710088,154656075.0,0,0,0,0,0,0,0,0,0
2023-01-31,3222.117431640625,3193.1161376953123,3125.3459936523436,60.02917796904,31.08418733756298,27.58475439015303,3330.5843729960334,3101.2723896992793,3215.9283813476563,2711.507457508526,-0.02182814574677938,0.22404274398086696,53.91171988096231,48.86052822974185,73.73298713710696,151835700.0,0,0,1,0,0,0,0,0,1
2023-02-01,3269.7490234375,3195.05896484375,3124.3790881347654,60.761361197645705,30.678576945174882,28.203518901157402,3335.800592604997,3106.1148126684407,3220.9577026367188,2712.041298905051,0.014782698895186464,0.22363282585343291,52.94112387501059,68.93729878727568,69.09656253396008,154040861.0,0,0,0,0,0,0,0,0,0
2023-02-02,3319.681884765625,3198.1277490234374,3124.295,64.7802341286444,33.994425809847144,29.361700282895352,3348.800574141969,3107.8509639439685,3228.3257690429687,2712.5188894501293,0.01527116025426034,0.22875467466254754,54.7420203819208,94.9951533980586,70.93099347169205,155854708.0,0,0,0,0,0,0,0,0,0
2023-02-03,3340.691162109375,3200.2414111328126,3124.58146484375,63.30610668710615,37.88086598127302,31.065533422570887,3363.8741086082528,3109.9542605323722,3236.9141845703125,2713.009680954717,0.006328701988032037,0.22878570838507506,53.184850825296216,89.4634869603216,84.46531304855196,157659177.0,0,0,0,0,0,0,0,0,0
2023-02-06,3319.250244140625,3201.744423828125,3124.3592724609375,64.81876319849032,38.78372034050972,32.60917080615865,3355.4926065818995,3142.895967636851,3249.194287109375,2713.3084354353364,-0.006418108387849841,0.19700221697600004,51.60534341316809,75.92911400076876,86.79591811971632,156520463.0,0,0,0,0,0,0,0,0,0
2023-02-07,3331.337890625,3203.3819921875,3123.857774658203,61.97689039447938,40.013361847604756,34.09000901444787,3363.5922740422125,3150.190831426538,3256.891552734375,2713.6975222545993,0.0036416797756400054,0.1625069248746991,49.703800628191956,79.44462299919051,81.61240798676029,157976110.0,0,0,0,0,0,0,0,0,0
2023-02-08,3376.954345703125,3205.89169921875,3123.660487060547,65.16322305470034,44.15968295657467,36.10394380287323,3374.45821222257,3162.4920319180546,3268.4751220703124,2714.2669990306895,0.013693133682565861,0.16012067216901313,51.80405511726115,89.51836997223973,81.63070232406632,159963056.0,0,0,0,0,0,0,0,0,0
2023-02-09,3396.8603515625,3208.924892578125,3123.86701171875,69.3773557949248,48.492924373107144,38.581739916920014,3392.137159404728,3165.9224353218347,3279.0297973632814,2714.754942774924,0.005894662415174112,0.15664497559619503,52.715445037674044,96.56663381829765,88.50987559657597,161618483.0,0,0,0,0,0,0,0,0,0
2023-02-10,3393.6943359375,3210.27064453125,3124.0666882324217,70.46810690987094,51.082728517135365,41.08193763696309,3405.36496625391,3172.9466304257776,3289.155798339844,2715.103005063833,-0.0009320417377605139,0.15726955112659752,52.383130934305946,94.88798729851094,93.65766369634942,160430662.0,0,0,0,0,0,0,0,0,0
2023-02-13,3340.787109375,3211.256904296875,3123.931376953125,57.858015982726755,48.30911849374297,42.52737380831907,3409.5616198133457,3179.8638684679045,3294.712744140625,2715.3966555728916,-0.015589862057475035,0.16678242155548315,53.21913668839433,66.36359068743407,85.93940393474755,159342723.0,0,0,1,0,0,0,0,0,1
2023-02-14,3357.767578125,3212.8363818359376,3123.7717358398436,57.491744638123784,46.94009825041576,43.40991869673841,3411.352098480519,3194.0031749569807,3302.67763671875,2715.834145585851,0.00508277486534503,0.16154428860763784,53.58911850784667,75.30311229175646,78.85156342590048,160922541.0,0,0,0,0,0,0,1,0,0
2023-02-15,3377.481689453125,3215.586328125,3123.8884619140626,60.33422734518984,46.90520980959218,44.108976919309164,3419.007482208698,3199.9943488459894,3309.5009155273438,2716.2416225275856,0.0058711959268882286,0.1570337359963133,55.95660527123021,85.68178479617659,75.7828292584557,162351990.0,0,1,0,0,0,0,0,1,0
2023-02-16,3413.36083984375,3219.1447705078126,3124.204913330078,66.03050765799719,49.205497702676894,45.12828107598271,3432.8719252194837,3202.2515611086415,3317.5617431640626,2716.7275150921,0.010623048084217546,0.15988470546152544,55.31590880042284,92.433055548974,84.47265087896902,163970921.0,0,0,0,0,0,0,0,0,0
2023-02-17,3358.7744140625,3222.1866796875,3124.5446728515626,56.84856697412296,46.09249843747011,45.321124548280196,3433.6690478657015,3213.7386913921114,3323.7038696289064,2717.0207661610148,-0.015991988055897632,0.17107428547095685,54.983587487806645,67.03113204519109,81.7153241301139,162909552.0,0,0,0,0,0,0,0,0,0
2023-02-20,3345.48828125,3226.0692333984375,3124.6588903808592,64.89466997969151,42.0684058151578,44.67058080165572,3429.8961458318013,3229.426583660386,3329.6613647460936,2717.371097997677,-0.003955649047722165,0.1714852401693834,51.48543895951382,60.136461114523144,73.2002162362294,161613470.0,0,0,0,0,0,0,0,0,0
2023-02-21,3310.664306640625,3229.3758935546875,3124.9810510253906,55.09737662535169,35.65823378251025,42.868111397826624,3428.8858471834615,3233.900163558726,3331.3930053710938,2717.661734945924,-0.010409235269048245,0.1689281181858449,51.495710517617454,19.94838390973861,49.038659023150935,160473929.0,0,0,0,0,0,0,0,0,0
2023-02-22,3263.2255859375,3230.85998046875,3125.0069128417967,42.92248259887773,26.445372176255205,39.58356355351235,3430.8005132019425,3228.6518305480577,3329.726171875,2717.9473428651395,-0.014329063991166735,0.1754267157126292,51.17708030907813,3.638929858995551,27.907924961085765,159255499.0,0,0,0,0,0,0,1,0,0
2023-02-23,3274.976806640625,3231.942646484375,3125.1215576171876,41.56609669005814,19.863365763897036,35.639523995589286,3431.513532010814,3226.408660371999,3328.9610961914063,2718.292144302022,0.0036011058364353588,0.175908915945622,51.15988773200778,10.444145599774554,11.3438197895029,160697069.0,0,0,0,0,0,0,1,0,0
2023-02-24,3262.169677734375,3233.9224365234377,3125.2986560058594,42.5081422787101,13.458508681763306,31.20332093282409,3432.2800300017925,3224.6252434357075,3328.45263671875,2718.5203527175936,-0.0039106014064835826,0.1753797684541045,51.58475444056668,9.418741600786776,7.833939019852289,159719477.0,0,0,0,0,0,0,0,0,0
2023-02-27,3196.359375,3235.8273291015626,3125.1625427246095,34.4735686258651,3.0372602234265287,25.57010879094458,3442.327872915525,3204.8113604829127,3323.569616699219,2718.751592132906,-0.020173782861007128,0.1871580816673335,55.106887026236045,6.119728696472027,8.660871965677782,158591455.0,0,0,0,0,0,0,0,0,0
2023-02-28,3178.13232421875,3238.0988623046874,3124.9057385253905,25.591718193180228,-6.6161579783151865,19.132855437092626,3449.313162651665,3193.427560004585,3321.370361328125,2719.561372945159,-0.005702441009546977,0.17199529988025153,56.80286783347583,4.707454302047891,6.7486415331022265,154475238.0,0,0,0,0,0,0,1,0,0
2023-03-01,3248.019775390625,3240.9661328125,3125.1785327148436,33.72492403731209,-8.528912225475779,13.600501904578945,3450.42261024297,3190.145187608592,3320.283898925781,2719.9388869863756,0.021990101116716287,0.18216425740520617,59.12239628823545,31.188724083548266,14.00530236068939,156144545.0,0,0,0,0,0,0,0,0,0
2023-03-02,3186.382568359375,3242.1297802734375,3124.789442138672,29.90138970876093,-14.847241473174563,7.910953229028244,3456.8795850576334,3170.3582811533042,3313.618933105469,2720.249382863454,-0.018976857067884434,0.1839653945094338,61.417927210633444,7.833579767889113,14.576586051161753,154588007.0,0,0,0,0,0,0,0,0,0
2023-03-03,3206.240478515625,3243.859990234375,3124.5128820800783,36.06275292893029,-18.044193304654073,2.7199239222917804,3457.2507495010173,3156.5420483505454,3306.8963989257813,2720.4661008290336,0.006232117371416157,0.18390782647941503,58.74204588040944,15.358001782525081,18.126768544654148,155631197.0,0,0,0,0,0,0,0,0,0
2023-03-06,3234.73291015625,3246.7601220703127,3125.262313232422,37.552118325890206,-18.07039528328869,-1.438139918824314,3456.2786039942494,3149.0624604588756,3302.6705322265625,2720.759219091778,0.008886554777019162,0.18701576908825635,60.136493555909155,26.154156977121588,16.44857950917859,156965329.0,0,0,0,0,0,0,0,0,0
2023-03-08,3252.528564453125,3249.5462646484375,3125.9539001464846,37.30875399601861,-16.46539711428295,-4.443591357916041,3453.2821812182115,3144.177950617726,3298.7300659179687,2721.1779515403473,0.0055014292651491825,0.18777233820017233,60.088513741471125,32.89716326039423,24.80310734001363,158809919.0,0,0,0,0,0,0,0,0,0
2023-03-09,3201.15625,3251.178623046875,3126.2526806640626,29.10442235515967,-19.11835642982078,-7.3785443722969895,3445.7514881416428,3134.1288341239824,3289.9401611328126,2721.5154863018706,-0.015794577491055062,0.1860644703781317,60.4448349132933,15.460316735643833,24.837212324386545,157161419.0,0,0,0,0,0,0,0,0,0
2023-03-10,3195.5439453125,3252.7446728515624,3126.6829858398437,32.21114448150426,-21.426718017580242,-10.18817910135364,3432.5824279350195,3127.166253705606,3279.8743408203127,2721.7225451958957,-0.001753211730136539,0.1833924925341632,59.01952434069052,17.672391925412477,22.009957307150174,156137015.0,0,0,0,0,0,0,0,0,0
2023-03-13,3148.488037109375,3253.146611328125,3127.3461987304686,30.00280040543923,-26.744831961315413,-13.499509673345996,3421.2163301713163,3114.0117215864966,3267.6140258789064,2722.0682384565266,-0.014725476791564884,0.18782530744468995,62.503970463147134,4.200052126402868,12.444253595819722,154235782.0,0,0,1,0,0,0,0,0,1
2023-03-14,3084.21337890625,3252.4937109375,3127.405744628906,28.31014009479958,-35.7339842016836,-17.946404579013517,3424.652107985003,3084.9185707259344,3254.7853393554688,2722.4797866508247,-0.02041445209432513,0.19260405821104426,64.61794004984371,2.2839745910368134,8.052139547617381,151565448.0,0,0,0,0,0,0,0,0,0
2023-03-15,3068.81591796875,3251.44193359375,3127.224783935547,30.161428712367098,-43.597829886995896,-23.07668964060999,3422.063140112116,3058.6123725831962,3240.337756347656,2722.7420204345963,-0.004992346198485209,0.18965748611732183,65.46424109176795,2.649736240971971,3.0445876528038798,149784926.0,0,0,0,0,0,0,0,0,0
2023-03-16,3055.481201171875,3249.1683056640627,3126.434704589844,27.67368285123966,-50.32585927225364,-28.52652356693872,3411.7667155891854,3036.708748278002,3224.2377319335938,2723.010797563505,-0.004345231891817458,0.1857304709788636,65.25530173999034,4.962783072863004,3.2988313016239244,147883866.0,0,0,0,0,0,0,0,0,0
2023-03-17,3050.012939453125,3246.7221533203124,3125.669172363281,28.09310369167784,-55.45980791037891,-33.91318043562676,3386.729633678429,3025.411040149696,3206.0703369140624,2723.9446083150665,-0.0017896564759268818,0.17696169026316427,67.01979244190304,13.527515705278043,7.046678339704335,141143900.0,0,0,0,0,0,0,0,0,0
2023-03-20,3015.476806640625,3243.653232421875,3124.774515380859,30.032809046176837,-61.605130880728666,-39.45157052464714,3373.663710201714,3004.1472028842236,3188.9054565429688,2724.2271292258456,-0.011323274195253918,0.17406100995204296,67.00609107164772,15.569537587174693,11.353278788438574,138854432.0,0,0,0,0,0,0,0,0,0
2023-03-21,2979.789794921875,3241.776064453125,3123.378670654297,28.91809567899473,-68.56461698172143,-45.274179816062,3362.38166005752,2978.8594043956045,3170.6205322265623,2724.423348206792,-0.01183461654891882,0.17548342300345873,64.75850329453397,3.565746541751113,10.88759994473461,137039135.0,0,0,0,0,0,0,0,0,0
2023-03-22,3003.4853515625,3238.297919921875,3122.0196643066406,21.178180185831565,-71.34559881621863,-50.48846361609333,3348.9909304221487,2961.5322385231634,3155.261584472656,2724.555944981563,0.007952090003464862,0.1809837537273479,62.103200334547054,11.536055539901785,10.223779889609192,138163074.0,0,0,0,1,0,0,0,0,0
2023-03-23,2997.585205078125,3235.34396484375,3120.674951171875,24.381632231185932,-73.18204243668697,-55.02717938021206,3340.897642695101,2943.0614881642746,3141.9795654296877,2724.7142409845246,-0.0019644332479615834,0.1776356808094725,60.5717045416568,9.55146444849872,8.217755510050536,136790856.0,0,0,0,0,0,0,0,0,0
2023-03-24,2993.6044921875,3231.5007177734374,3119.635231933594,19.84770086888608,-74.1044178977113,-58.84262708371191,3327.023868832137,2928.7980305819256,3127.9109497070312,2724.865208078263,-0.0013279732245413678,0.17562342853187077,62.452702610956294,8.21249983785913,9.766673275419874,135461279.0,0,0,0,0,0,0,0,0,0
2023-03-27,2995.3310546875,3227.5838525390627,3118.406826171875,13.26360114788369,-73.8448504623575,-61.84307175944103,3311.5516061615326,2917.586430947842,3114.5690185546873,2725.0391777480418,0.0005767503705000898,0.17651724609646743,61.35289050967991,9.054748319567574,8.939570868641804,136985496.0,0,0,0,0,0,0,0,0,0
2023-03-28,2989.19091796875,3222.77470703125,3117.038468017578,8.091529261653491,-73.28976038131259,-64.13240948381534,3304.8381539539528,2903.583037452297,3104.210595703125,2725.184405621023,-0.0020499025338588384,0.16618385466894534,59.588416248443636,7.190849461312015,8.152699206246234,135681966.0,0,0,0,0,0,0,1,0,0
2023-03-29,3011.255615234375,3219.0304248046873,3116.10033203125,16.669394821077347,-70.25950301022976,-65.35782818909823,3297.4280587598505,2894.305461747962,3095.8667602539062,2725.394267655079,0.007381494816202094,0.17011095983079064,58.65306241834229,15.959945408631265,10.73518106317028,137422582.0,0,0,0,0,0,0,0,0,0
2023-03-31,3075.531005859375,3215.72072265625,3116.1514526367187,32.53276707394987,-61.957310056985534,-64.67772456267569,3275.7284961266882,2898.7561474279996,3087.242321777344,2725.745509481028,0.02134504633210854,0.16888327924069355,60.49293350589934,40.34577873101104,21.165524533651435,139805163.0,0,0,0,0,0,0,0,0,0
2023-04-03,3069.871337890625,3212.075263671875,3116.2173583984377,36.990069248608165,-55.19816020158578,-62.781811690457715,3264.1144682288277,2898.719052278985,3081.4167602539064,2725.9658660985683,-0.001840224649976685,0.15751022210248664,57.29971400699891,50.13143453680087,35.47905289214771,138283333.0,0,0,0,0,0,0,0,0,0
2023-04-05,3108.052734375,3209.5176806640625,3116.494401855469,54.31797518687671,-46.22768170413974,-59.47098569319412,3250.1337851738162,2902.8809609199334,3076.507373046875,2726.3922443533465,0.012437458213024,0.16315354055640358,56.193059117582735,85.49910036558832,58.658771211133406,140938398.0,0,1,0,0,0,0,0,1,0
2023-04-06,3089.7294921875,3206.7855029296875,3116.9859216308596,53.74830660659714,-40.134400985153206,-55.60366875158594,3226.3909544094663,2912.1234498874087,3069.2572021484375,2726.6521943597327,-0.005895409040150845,0.15905381059220483,54.41143742013982,74.21739542470468,69.94931010903129,139234934.0,0,0,0,0,0,0,1,0,0
2023-04-10,3130.692626953125,3203.8787255859374,3117.935036621094,62.265316815331865,-31.63537655467053,-50.81001031220286,3198.287997462774,2928.042813084101,3063.1654052734375,2727.0257208925973,0.013257838548391243,0.1662814688033299,55.041853651366345,95.1398097828281,84.95210185770702,141438121.0,0,1,0,0,0,0,0,1,0
2023-04-11,3083.1103515625,3199.6096875,3118.5343688964845,54.74561046696832,-28.411816686682414,-46.330371587098774,3176.369990100773,2938.1562306023516,3057.2631103515623,2727.3763216391167,-0.015198641661903878,0.16563105119660285,55.27484563334152,66.75110451360482,78.70276990704586,139089342.0,0,0,1,0,0,0,0,0,1
2023-04-12,3109.827392578125,3196.0006689453126,3118.793389892578,63.83857785569722,-23.431180279614182,-41.75053332560186,3156.249717407527,2949.70484802216,3052.9772827148436,2727.7635442050364,0.008665612958707491,0.1697683632287235,53.746753401771976,82.16506538498054,81.35199322713781,141507069.0,0,0,0,0,0,0,0,0,0
2023-04-13,3059.17431640625,3191.7373779296877,3118.7467822265626,61.153802615917094,-23.302651503973266,-38.06095696127614,3141.6181365384105,2955.4050568209645,3048.5115966796875,2728.3418338137185,-0.01628806675661898,0.1714886825864889,53.907802196560496,51.090183462611,66.66878445373212,137332999.0,0,0,0,0,0,0,0,0,0
2023-04-17,3011.831298828125,3186.0936083984375,3118.0547790527344,51.099567378053685,-26.713046013575877,-35.79137477173609,3137.7826945291517,2952.002290822411,3044.8924926757813,2728.9927405479675,-0.015475750212802786,0.16499208124762185,59.471936791475365,34.16371880424515,55.80632255061223,131827951.0,0,0,0,1,0,0,0,0,0
2023-04-18,3003.4375,3181.720009765625,3117.395546875,50.76599886622837,-29.7501761368635,-34.58313504476157,3135.5645049158206,2947.682638638867,3041.623571777344,2729.2920053775365,-0.002786941895248529,0.16449327734891878,59.53360189238843,29.847198754539225,38.36703367379846,129210649.0,0,0,1,0,0,0,0,0,1
2023-04-19,2963.96044921875,3175.60423828125,3116.436105957031,46.44981936538716,-34.939827137523025,-34.65447346331386,3136.87791050412,2937.2171578552548,3037.0475341796873,2729.6140087282597,-0.013143956144001656,0.16973034292259143,59.841958441368625,9.546083051175497,24.51900020331995,125912615.0,0,0,0,0,0,0,0,0,0
2023-04-20,2978.542236328125,3168.7814453125,3115.5331506347657,48.04942541059727,-37.444398868488406,-35.21245854434877,3136.4183981693204,2930.5295998775546,3033.4739990234375,2729.864390582874,0.004919696925516748,0.1712244895692457,59.03680208872772,17.044782711126796,18.812688172280506,128332614.0,0,0,0,0,0,0,0,0,0
2023-04-21,3032.31298828125,3162.6138818359377,3115.030671386719,54.5108058301223,-34.69054865724638,-35.10807656692829,3136.915321195854,2931.7162950150837,3034.315808105469,2730.106711358532,0.018052707561875048,0.17957655077572032,60.69848981345883,44.69644957211051,23.76243844480427,130261798.0,0,0,0,0,0,0,0,0,0
2023-04-24,3045.6962890625,3157.142802734375,3114.706502685547,53.66932792584612,-31.070026080051775,-34.30046646955299,3137.0208446592906,2938.201420965709,3037.6111328125,2730.321600803094,0.004413561803471966,0.17414717356137577,61.30836314314206,51.578826352447884,37.77335287856173,131902474.0,0,0,0,0,0,0,0,0,0
2023-04-25,3046.84716796875,3151.45298828125,3114.159588623047,46.469076734897506,-27.787551942091795,-32.99788356406075,3137.9387118873074,2941.6197353783173,3039.7792236328123,2730.5872714355273,0.00037787054158444633,0.1722897161638927,59.22522893694021,52.170667064303665,49.48198099628735,133926564.0,0,0,0,0,0,0,0,0,0
2023-04-26,3068.095947265625,3145.2758203125,3114.099987792969,49.78953071601234,-23.20408636938555,-31.039124125125714,3140.1394193762,2946.4701021081755,3043.3047607421877,2730.866954476483,0.006974022038342298,0.17332460063044922,57.93694784204494,63.09787460702072,55.615789341257425,135926593.0,0,0,0,0,0,0,0,0,0
2023-04-27,3058.31103515625,3138.504833984375,3114.080720214844,43.67754099907153,-20.129180845427527,-28.857135469186076,3140.669050409154,2952.4111253720957,3046.540087890625,2731.1969016054272,-0.0031892457985531752,0.17381270458716377,54.490191763080084,58.06597306046409,57.77817157726283,133492147.0,0,0,0,0,0,0,0,0,0
2023-04-28,3088.338134765625,3132.3977099609374,3113.999991455078,49.8282600899834,-15.095350271260486,-26.10477842960096,3143.845362883624,2958.5355209054387,3051.1904418945314,2731.629696862383,0.009818196796926193,0.17649967799241936,54.281181418454125,73.50744123862589,64.89042963537024,136423459.0,0,0,0,0,0,0,0,0,0
2023-05-02,3088.482177734375,3127.351611328125,3113.7909729003904,44.205965147453085,-10.967948527369117,-23.07741244915459,3145.400064546442,2966.909945219183,3056.1550048828126,2731.97180036409,4.664093193951224e-05,0.17608282161308797,52.08841664040373,73.58151548979156,68.38497659629384,138744618.0,0,0,0,0,0,0,0,0,0
2023-05-03,3050.58837890625,3121.20802734375,3113.4991198730468,45.41387686977214,-10.632105488929483,-20.58835105710957,3144.900141521762,2971.3431446110503,3058.1216430664062,2732.2962782269765,-0.01226939209858835,0.18139965921353246,49.720917095294645,57.4986342011378,68.19586364318508,136276333.0,0,0,0,0,0,0,0,0,0
2023-05-04,3089.7294921875,3115.4529833984375,3114.124884033203,47.26181725047482,-7.125448994907856,-17.895770644669227,3146.4381068945386,2971.2250278710862,3058.8315673828124,2732.5841008651414,0.012830676715317235,0.17076000385564039,48.65879660052925,91.32024305630836,74.13346424907924,138229586.0,0,0,0,0,0,0,0,0,0
2023-05-05,3099.32275390625,3109.1722216796875,3114.9371423339844,56.158990400172584,-3.531592413823546,-15.022934998500093,3149.664547105451,2970.9437292617363,3060.3041381835938,2732.842460782584,0.0031048872540482275,0.1708457775626029,46.76065994858079,92.34530336510014,80.38806020751544,139939613.0,0,0,0,0,0,0,0,0,0
2023-05-08,3118.413818359375,3104.365009765625,3116.063594970703,67.9020982462126,0.8472871706230762,-11.84889056467546,3151.459156646037,2970.1852281195875,3060.8221923828123,2732.9898487887267,0.0061597535878001874,0.16644034769443894,40.28860935220363,97.68203623514094,93.78252755218314,140867848.0,0,0,0,0,0,0,0,0,0
2023-05-09,3149.73583984375,3100.4499609375,3117.4993920898437,72.81563304797832,6.767000386015752,-8.125712374537217,3162.1361842082065,2965.5088353230435,3063.822509765625,2733.1798111582907,0.010044215844596804,0.16828109234756644,40.68262161937979,93.48786791656308,94.50506917226805,141975223.0,0,0,0,0,0,0,0,0,0
2023-05-10,3153.14111328125,3097.2994970703126,3118.972022705078,83.24346957617026,11.59948126618383,-4.180673646393007,3166.917584595783,2962.972283568279,3064.944934082031,2733.4493075172322,0.0010811298504540545,0.16196450527784167,38.760522691437245,91.37857615551466,94.1828267690729,143535210.0,0,0,0,1,0,0,1,0,0
2023-05-11,3148.680419921875,3095.00859375,3120.09349609375,80.99993594374438,14.897586402705201,-0.36502163657336517,3176.6661746610525,2959.780700338947,3068.2234375,2733.742828177947,-0.0014146824385963264,0.151395227434431,38.945534150481926,86.81186251635675,90.55943552947816,141815587.0,0,0,0,0,0,0,0,0,0
2023-05-12,3141.149658203125,3092.33205078125,3121.126004638672,73.8491760760871,16.71105431953538,3.050193554648384,3181.614103000918,2957.964998561582,3069.78955078125,2733.914830144314,-0.0023917199316585425,0.14913355509119838,36.639711644992886,80.71365585333164,86.30136484173435,140788108.0,0,0,0,0,0,0,1,0,0
2023-05-15,3122.6826171875,3089.5423095703127,3121.6339868164064,66.50220422927333,16.468268881964832,5.733808620111674,3187.103199495169,2958.826732145456,3072.9649658203125,2734.098510319028,-0.005879070730488212,0.1376905130069167,35.87565965287159,66.30708860528424,77.94420232499088,139637718.0,0,0,0,0,0,0,0,0,0
2023-05-16,3125.656494140625,3088.128251953125,3122.0971752929686,66.76196875490055,16.327612140733436,7.852569324236027,3191.30104325158,2966.0114079202954,3078.6562255859376,2734.25705759497,0.0009523468497107945,0.12309230512122059,35.24867261431067,62.92709092395819,69.98261179419136,140624024.0,0,0,0,1,0,0,0,0,0
2023-05-17,3078.217041015625,3086.1299462890624,3122.353234863281,51.936870433011265,12.246997497139091,8.73145495881664,3189.348018809366,2975.4423864640717,3082.3952026367188,2734.481264556813,-0.015177436552586743,0.13646127874946987,38.630361779358054,27.364119911677683,52.19943314697337,139035209.0,0,0,0,0,0,0,0,0,0
2023-05-18,3069.727294921875,3082.5640966796873,3122.5871325683593,52.19560981335838,8.233123116507159,8.631788590354745,3179.3455694303134,2996.021520413437,3087.683544921875,2734.669502198178,-0.0027580076325446345,0.12653455977994507,39.000384216627445,19.553404060133403,36.61487163192309,137665845.0,0,0,0,0,0,0,0,0,0
2023-05-19,3091.791748046875,3080.6722802734375,3123.1740588378907,50.685195590258274,6.754652291322145,8.256361330548225,3169.258617752155,3017.4334232634706,3093.3460205078127,2734.8381797795796,0.007187756763117115,0.12753201801935063,38.68172929278593,36.39684915478748,27.77145770886619,138818294.0,0,0,0,0,0,0,0,0,0
2023-05-22,3164.5576171875,3079.838623046875,3123.7766271972655,61.71694922009838,11.32401482649675,8.86989202973793,3176.522033251685,3023.394470654565,3099.958251953125,2735.0728596356425,0.023535178003690538,0.13781322225781356,43.23171053085256,91.94447205264261,49.2982417558545,140151537.0,0,0,0,0,0,0,0,0,0
2023-05-23,3162.974609375,3078.40345703125,3124.029299316406,69.48932675128493,14.648671291218307,10.025647882034006,3182.850597918102,3028.793738019398,3105.82216796875,2735.3684213394467,-0.0005002303651866491,0.1378571118896534,42.656094153627855,79.3931636028675,69.2448282700992,138464119.0,0,0,0,0,0,0,1,0,0
2023-05-24,3169.018310546875,3076.733251953125,3124.114591064453,65.53280346806986,17.568641306733753,11.534246566973955,3188.643398523968,3035.2180516713447,3111.9307250976562,2735.54879406331,0.0019107649975949048,0.1377360302576396,42.2963433048639,81.49678933416985,84.27814166322666,139480674.0,0,0,0,0,0,0,0,1,0
2023-05-25,3159.56884765625,3075.90150390625,3124.1674291992185,61.808957212341866,18.902351358306987,13.007867525240563,3193.1202969388632,3039.888443295512,3116.5043701171876,2735.787201264227,-0.0029818265357369755,0.1375041153614785,42.63553317126135,74.08797539987984,78.32597611230572,138105757.0,0,0,0,1,0,0,1,0,0
2023-05-26,3193.529296875,3075.8612109375,3124.4234790039063,63.912550791823385,22.440965138576303,14.894487047907713,3202.091778009046,3044.438788397204,3123.265283203125,2736.1222305958786,0.010748444125198153,0.14006901251353304,44.245816666103075,93.21266714003576,82.9324772913618,139896872.0,0,0,0,0,0,0,0,0,0
2023-05-29,3185.3271484375,3076.5979931640627,3124.410848388672,57.20950704225352,24.303343408575074,16.776258320041187,3209.776556862663,3046.4529109107743,3128.1147338867186,2736.3442991815127,-0.0025683648637656598,0.13802238946707454,44.79400782066513,70.81926749534225,79.37330334508594,138686500.0,0,0,0,0,0,0,0,0,0
2023-05-30,3181.345947265625,3078.54064453125,3124.304571533203,55.69997602129072,25.167921806874347,18.45459101740782,3215.484793084604,3050.031051641958,3132.757922363281,2736.588483992187,-0.0012498562899034837,0.1382902693775963,43.776421450501694,68.47465733298318,77.50219732278707,137342276.0,0,0,0,1,0,0,0,0,0
2023-05-31,3155.7314453125,3080.278955078125,3124.0220153808596,51.31271902513078,23.515162028006216,19.4667052195275,3211.6156156930133,3064.414535674174,3138.0150756835938,2737.5811409309213,-0.008051467013557856,0.1334380829028147,45.47924706140049,53.38975732659173,64.22789405163904,131526852.0,0,0,0,0,0,0,0,0,0
2023-06-01,3188.82861328125,3082.9459033203125,3123.860079345703,58.10502463135964,24.592515634342817,20.491867302490565,3216.2257824599433,3069.714281016619,3142.9700317382812,2737.797390144463,0.010487954549463385,0.13109150483845497,46.88399580991073,72.88135119857115,64.91525528604869,132704166.0,0,0,0,0,0,0,0,0,0
2023-06-02,3171.176513671875,3085.3691748046876,3123.706296386719,58.266461466239726,23.74819480853921,21.143132803700293,3217.8261988753084,3075.299240577817,3146.5627197265626,2738.1553167898746,-0.005535606252357161,0.13335479731839173,46.52767438738705,62.48567151689781,62.918926680686894,130673505.0,0,0,1,0,0,0,0,0,1
2023-06-05,3155.15576171875,3088.16275390625,3123.146652832031,54.81441459533161,21.538046486551593,21.222115540270554,3218.492654037748,3078.306979751315,3148.3998168945313,2738.4707824093143,-0.005051989974085291,0.13373982802427425,47.034744394521695,53.05072557563554,62.80591609703483,128812037.0,0,0,0,0,0,0,0,0,0
2023-06-06,3100.858154296875,3090.58412109375,3122.4155151367186,53.614225874892234,15.229567904484611,20.023606013113366,3219.1905964793077,3072.7212687550673,3145.9559326171875,2738.768455500082,-0.017209168587067336,0.14293857624046297,46.113042325834904,21.073762679999174,45.536719924177504,126789188.0,0,0,0,0,0,0,0,0,0
2023-06-07,3141.72509765625,3093.348916015625,3121.9309545898436,60.41636790703424,13.373512441169169,18.693587298724527,3218.561929754825,3072.20833391705,3145.3851318359375,2739.0247317704493,0.013179236626075674,0.1511989276137925,46.97640917574368,42.52733203894086,38.88394009819186,128356384.0,0,0,0,0,0,0,0,0,0
2023-06-08,3104.838623046875,3095.493984375,3121.221867675781,51.809947395016955,8.824422437638987,16.71975432650742,3218.5484289384426,3067.837655045932,3143.1930419921873,2739.2857273699265,-0.011740834561525637,0.15669793386133302,47.473232341635466,12.519854940977037,25.373649886639026,126597018.0,0,0,0,0,0,0,0,0,0
2023-06-09,3078.79296875,3097.19775390625,3120.4772961425783,36.330199545496995,3.0820413520727925,13.992211731620495,3220.7582642473126,3059.3921507917503,3140.0752075195314,2739.530025490945,-0.008388730449158,0.15900853463057607,44.2697391792263,2.3702089319218036,19.13913197061323,124821329.0,0,0,0,0,0,0,0,0,0
2023-06-12,3114.864013671875,3099.5884130859376,3119.891604003906,43.09131436849268,1.4253641266404884,11.478842210624494,3220.79678513733,3058.5717695501703,3139.68427734375,2739.8832593504094,0.01171596963095567,0.16396968964464534,44.766551814648174,24.932513805807584,13.274192559568808,127145934.0,0,0,0,0,0,0,0,0,0
2023-06-13,3111.7939453125,3102.0404736328123,3119.439475097656,41.71179269068029,-0.13375156442180014,9.156323455615235,3220.841936194289,3057.1403636103987,3138.9911499023438,2740.089713725384,-0.0009856187447990772,0.16395297737144565,43.72499184407908,23.01219742856058,16.771640055429987,125774006.0,0,0,0,0,0,0,0,0,0
2023-06-14,3118.84521484375,3104.192265625,3119.3564697265624,44.060448090700625,-0.7912622821122568,7.166806308069737,3218.417923941017,3063.6271932464833,3141.02255859375,2740.343722492986,0.002265982148937473,0.15417883791818668,43.115135811507834,27.422740379466987,25.122483871278387,127432550.0,0,0,0,0,0,0,0,0,0
2023-06-15,3108.45556640625,3104.8507568359373,3119.3611267089846,36.675858841235396,-2.126192636774249,5.30820651910094,3214.5650622491094,3071.352882086828,3142.9589721679686,2740.681863315969,-0.0033312484980183577,0.15436270316368744,42.435280482030166,20.924053798940253,23.78633053565594,125158740.0,0,0,1,0,0,0,0,0,1
2023-06-16,3068.443603515625,3104.8222021484376,3119.3430407714845,33.35259717635179,-6.339685622308934,2.9786280908189657,3217.5508807803794,3066.032249102433,3141.7915649414062,2741.231263252337,-0.012871975177333406,0.15947034925140563,42.48657024324877,11.861112286349094,20.069302154918777,121002551.0,0,0,0,0,0,0,0,0,0
2023-06-19,3102.753662109375,3104.716220703125,3119.477412109375,39.69647038640236,-6.831623479595692,1.0165777767360344,3215.5842986685734,3061.818435706427,3138.7013671875,2741.445204372737,0.01118158357365262,0.13975980692077516,43.49373750269793,34.14029261810018,22.308486234463174,122470737.0,0,0,0,0,0,0,0,0,0
2023-06-20,3119.473388671875,3105.3110986328124,3120.1232751464845,45.13302235467691,-5.805424257617233,-0.347822630134619,3212.977992359637,3060.0746199450505,3136.5263061523438,2741.6779526573882,0.0053886735407584485,0.1415621438074369,41.37866504300272,44.997219666641044,30.332874857030106,123999189.0,0,0,0,0,0,0,0,0,0
2023-06-21,3148.950439453125,3105.6762548828124,3120.5413720703127,44.594554346336906,-2.5838176908087007,-0.7950216422694354,3210.695106931938,3060.3507182633743,3135.522912597656,2741.947809925792,0.00944936760425441,0.14583849122105091,40.50350126005664,65.81939105428295,48.31896777967472,125645176.0,0,0,0,0,0,0,0,0,0
2023-06-22,3129.9111328125,3106.6122705078124,3121.2434814453127,44.427476385935414,-1.5491268341193063,-0.9458426806394097,3208.380474699616,3059.699579011321,3134.0400268554686,2742.186549662822,-0.006046238899819478,0.14699325712136388,40.46095617794809,56.33733091138807,55.71798054410402,124115573.0,0,0,1,0,0,0,0,0,1
2023-06-23,3108.50390625,3106.58580078125,3121.8447595214843,43.79041723914266,-2.428516722506629,-1.2423774890128536,3199.3778365302032,3060.1996781182343,3129.7887573242188,2742.351458258633,-0.006839563698175621,0.14243982924140733,40.36498114184214,54.05294848467155,58.736556816780855,122996068.0,0,0,0,0,0,0,0,0,0
2023-06-26,3082.69873046875,3107.0562890625,3122.3026928710938,47.38451108455884,-5.148354541000572,-2.0235728994103974,3192.1053559754337,3057.2093168761285,3124.657336425781,2742.6220653372643,-0.008301477675278335,0.14454966187388665,38.67748234010124,30.138495960471758,46.842925118843795,121017265.0,0,0,0,0,0,0,0,0,0
2023-06-27,3090.140869140625,3108.62248046875,3122.8281457519533,41.778798077858404,-6.626936019944878,-2.944245523517294,3183.6261682273957,3056.567996811667,3120.0970825195313,2742.742603739169,0.002414163472517883,0.1452497019726834,37.37578893754581,37.035355468647715,40.40893330459701,121880807.0,0,0,0,0,0,0,0,0,0
2023-06-28,3107.6337890625,3110.70640625,3123.3334326171876,50.474830145265095,-6.314401560735405,-3.6182767309609165,3179.1492349635337,3056.235164450529,3117.6921997070312,2742.9734235907486,0.00566088106097884,0.1450936646591613,37.09684883170644,53.24658404261732,40.1401451572456,123456679.0,0,0,0,0,0,0,0,0,0
2023-06-30,3191.5234375,3115.257666015625,3124.162471923828,66.00479162131772,0.6944723389101455,-2.755726916986704,3179.948881022092,3055.705000813846,3117.826940917969,2743.4540819800727,0.026994702121194036,0.17145364302434668,40.65757136163695,94.96752799256971,61.74982250127825,126129085.0,0,0,0,0,0,0,0,0,0
2023-07-03,3162.578125,3118.9383837890623,3124.6176806640624,56.91405622603622,3.8688133162522718,-1.430818870338909,3178.066424681249,3056.7276182875007,3117.397021484375,2743.737452784141,-0.00906943441489294,0.17344086927076438,41.02227056485987,71.43740058755807,73.21717087424837,124441821.0,0,0,0,0,0,0,0,0,0
2023-07-04,3197.90234375,3122.2501708984373,3125.1287561035156,61.410960215963826,9.129629955864402,0.6812708949017532,3188.279048732501,3050.7896524393736,3119.5343505859373,2744.038749034786,0.01116943751389532,0.17679791936160932,42.18835690240043,93.88806497922576,86.76433118645117,126098502.0,0,0,0,0,0,0,0,0,0
2023-07-05,3208.6298828125,3125.5088427734377,3125.7583813476563,61.783323571517364,14.003069129140385,3.34563054174948,3203.6712843855744,3046.174589637863,3124.9229370117187,2744.3089130989024,0.0033545549267526287,0.16370460177560772,41.789444233683945,94.76875331187786,86.6980729595539,127551510.0,0,0,0,1,0,0,1,0,0
2023-07-06,3211.4814453125,3128.8015283203126,3126.922275390625,63.79402546766334,17.889186639494255,6.254341761298436,3215.977812454479,3040.843696334583,3128.410754394531,2744.6542179908133,0.0008887165563329358,0.15804929373182242,41.03007563999817,96.47424295185371,95.04368708098578,129399748.0,0,1,0,0,0,0,0,1,0
2023-07-07,3217.6181640625,3131.79197265625,3128.193458251953,71.96530524354128,21.219539043453096,9.24738121772937,3229.4042568443556,3038.695206046269,3134.0497314453123,2744.9924185985083,0.0019108685055482244,0.15053679919411425,40.65728521814416,84.96471787933882,92.06923804769013,131189074.0,0,0,0,0,0,0,0,0,0
2023-07-10,3162.2392578125,3133.870537109375,3129.6442797851564,58.24728484379939,19.169280866571626,11.23176114749782,3230.6540768095647,3045.7900149873103,3138.2220458984375,2745.2269671973745,-0.01721114918747213,0.1613475759664762,42.31752827104856,53.80638180292752,78.41511421137335,129781643.0,0,0,0,0,0,0,0,0,0
2023-07-11,3162.674560546875,3135.357265625,3131.0013427734375,56.27280268279368,17.379224896355026,12.461253897269263,3232.9740108443416,3048.251135640033,3140.6125732421874,2745.4119845146733,0.00013765648291785837,0.15668375352573263,42.50737050990919,54.05130012672769,64.27413326966467,130891815.0,0,0,0,0,0,0,0,0,0
2023-07-12,3150.593505859375,3136.5994921875,3132.2431127929685,50.25126641258766,14.8149746893896,12.931998055693331,3233.9905974750313,3051.114505064031,3142.5525512695312,2745.656940789759,-0.003819885497612141,0.1574352687571745,42.61781413832254,47.25402680371711,51.70390291112411,129376575.0,0,0,0,0,0,0,0,0,0
2023-07-13,3228.53955078125,3140.158515625,3134.0612341308592,62.780212312827985,18.85503324249339,14.116605093053344,3246.38620251996,3049.6883336128526,3148.0372680664063,2746.538717188272,0.024740114767872523,0.17917485030033017,47.450188539621195,86.16618847330805,62.49050513458428,133961721.0,0,0,0,0,0,0,0,0,0
2023-07-14,3396.801513671875,3146.2999560546873,3136.691075439453,77.05909446085384,35.22805583528816,18.33889524150031,3309.068419757324,3015.840711102051,3162.4545654296876,2748.167728963904,0.05211705176413539,0.25161476378993175,57.39445614825013,97.10098465750868,76.84039997817796,140267822.0,0,0,0,0,0,0,0,0,0
2023-07-17,3374.62109375,3151.8059228515626,3139.331005859375,77.58701678873072,45.88508498590045,23.848133190380338,3345.4684113625544,3010.0584685202584,3177.7634399414064,2748.8496781576882,-0.0065297957012208085,0.246746298221643,59.430910258409476,84.16758501868512,89.14491938316728,137524594.0,0,0,0,0,0,0,1,0,0
2023-07-18,3379.598876953125,3157.0296240234375,3141.936882324219,77.48213552247164,54.10879041656244,29.90026463561676,3377.911878252275,3005.299523114912,3191.6057006835936,2749.4998057365747,0.0014750643301388866,0.24586219230350256,61.61583196336778,85.11936941603854,88.79597969741077,140124684.0,0,0,0,0,0,0,0,0,0
2023-07-19,3353.697265625,3161.1088525390624,3144.303233642578,72.9949496147872,57.8690146746203,35.49401464341747,3399.7053521261805,3006.9284369363195,3203.31689453125,2750.0753786791342,-0.007664108159331828,0.24950072186927916,63.93882058840135,76.22104330640084,81.8359992470415,137719314.0,0,0,1,0,0,0,0,0,1
2023-07-20,3355.877685546875,3165.163583984375,3146.5936181640627,68.1274857485991,60.329520002483605,40.461115715230704,3419.564696759433,3007.7618169124416,3213.6632568359373,2750.4866628352383,0.000650154068533304,0.24878487323478207,60.28428115180778,74.11817580993728,78.4861961774589,139434718.0,0,0,0,0,0,0,0,0,0
2023-07-21,3263.82421875,3167.4664599609373,3148.606778564453,59.8023661601096,54.22645394789606,43.21418336176377,3423.4835719304,3017.2342503352247,3220.3589111328124,2751.2514968020155,-0.027430519054175262,0.2701078534674383,64.04461768221329,42.347913827247275,64.22904431452847,135664495.0,0,0,0,0,0,0,0,0,0
2023-07-24,3289.45361328125,3170.4325390625,3150.7134814453125,59.033318301651164,50.87139430707521,44.74562555082606,3427.613427050929,3031.1993659178206,3229.406396484375,2751.6086032050234,0.00785256582876448,0.26859352920702223,64.2218612772563,51.19334471701771,55.88647811806742,137344627.0,0,0,0,0,0,0,0,0,0
2023-07-25,3293.717041015625,3173.8532275390626,3152.9350524902343,58.50398630839587,48.00315783445012,45.39713200755087,3427.4588412414237,3052.455782782014,3239.957312011719,2751.880997686067,0.0012960899394238723,0.265394605665337,64.40613033176858,52.66477453686626,48.73534436037708,138617607.0,0,0,0,1,0,0,0,0,0
2023-07-26,3283.20361328125,3177.004169921875,3154.5971667480467,57.06010318564283,44.370241487235035,45.19175390348771,3424.060880309442,3075.1600181280583,3249.61044921875,2752.104638079903,-0.0031919644594403662,0.2664279821180948,65.06149087249992,49.03629247008861,50.96480390799086,137550804.0,0,0,1,0,0,0,0,0,1
2023-07-27,3291.537109375,3181.2705712890624,3156.249401855469,57.24501320877522,41.68307604333813,44.49001833145779,3420.680145953203,3096.9310845155474,3258.805615234375,2752.466592518,0.00253822091936029,0.2662707649033654,63.11261391551313,51.91241830589634,51.20449510428373,139252573.0,0,0,0,1,0,0,0,0,0
2023-07-28,3251.32421875,3184.902509765625,3157.8774096679685,58.9990135148466,35.89486026343775,42.77098671785378,3420.617799600232,3102.973508993518,3261.795654296875,2752.97744203146,-0.01221705522033012,0.2555901077116039,63.252142341078006,38.03380933338907,46.327506703124676,136652742.0,0,0,0,0,0,0,0,0,0
2023-07-31,3315.3251953125,3189.3731787109373,3159.5693542480467,63.665236595541934,36.056366141568105,41.42806260259665,3422.7616613651157,3116.104354259884,3269.4330078125,2753.5845141229743,0.019684587649984042,0.26081709153156074,65.82260163204874,60.12236138135664,50.02286300688068,139396420.0,0,0,0,0,0,0,0,0,0
2023-08-01,3344.976318359375,3192.981552734375,3161.643428955078,66.87039036636364,38.13733507955021,40.76991709798736,3429.777644814704,3123.795768271233,3276.7867065429687,2754.039344282469,0.008943654483366537,0.2599526522049391,66.2414426448134,67.9331337823896,55.36310149904511,141352587.0,0,0,0,0,0,0,0,0,0
2023-08-02,3333.9296875,3196.400654296875,3163.5133557128906,60.34845654625375,38.45189762531845,40.30631320345358,3434.5456916327284,3131.557701921959,3283.0516967773438,2754.4755917654606,-0.003302454130614918,0.260693313381888,61.478116984446224,52.29065043300834,60.11538186558486,139437688.0,0,0,0,0,0,0,0,0,0
2023-08-03,3294.492431640625,3198.91013671875,3165.1739221191406,36.55180912501941,35.1141595783738,39.26788247843763,3434.9421263911067,3139.4623657963934,3287.20224609375,2754.9051455685785,-0.011829060464963681,0.2653082866478876,53.78355013505978,32.88144668455895,51.0350769666523,137411337.0,0,0,0,0,0,0,0,0,0
2023-08-04,3336.740234375,3202.453564453125,3167.065538330078,45.270210127529964,35.46915637421171,38.508137257592445,3438.674604822078,3147.642094396672,3293.158349609375,2755.4182477715203,0.012823766820230897,0.2683929060924723,53.67206271526639,61.21506236345287,48.795719827006714,139659830.0,0,0,0,0,0,0,0,0,0
2023-08-07,3375.98388671875,3206.10265625,3169.054796142578,49.58421201901612,38.47362862202817,38.50123553047959,3439.970199040973,3167.720963068402,3303.8455810546875,2755.8691352977744,0.011761075057465709,0.2605432717478632,52.83479397973828,86.60169084115873,60.23273329639019,141513719.0,0,0,0,0,0,0,0,0,0
2023-08-08,3362.951416015625,3209.6551416015627,3170.8212145996094,51.09686246117358,39.34948666753826,38.67088575789133,3434.8864168655377,3192.832430790712,3313.859423828125,2756.2577132055285,-0.0038603474247597136,0.26159197390925415,50.22783820285723,87.82646477460351,78.54773932640502,139879494.0,0,0,0,0,0,0,0,0,0
2023-08-09,3355.102294921875,3213.1302685546875,3172.6577294921876,49.90931424897008,38.96113232343623,38.72893507100031,3418.708554721168,3229.4611718413316,3324.08486328125,2756.6783358727475,-0.002333997766476692,0.26111571568017294,50.41474589354058,82.73029314372218,85.71948291982814,138084905.0,0,0,0,1,0,0,0,0,0
2023-08-10,3335.335205078125,3216.72234375,3174.225770263672,60.065483770979995,36.63600272358781,38.31034860151781,3412.721454583651,3246.1278374085364,3329.4246459960937,2756.9266128917634,-0.005891650419621697,0.25012709413978196,45.61134208252305,69.89618327541932,80.150980397915,136988204.0,0,0,0,0,0,0,0,0,0
2023-08-11,3341.826904296875,3219.7823095703125,3175.9214990234377,57.79153279496509,34.91467203205593,37.631213287625435,3404.027151837004,3249.3246792176838,3326.675915527344,2757.310785346243,0.0019463408681881234,0.1650487710744244,46.130450132721954,74.1110263132151,75.57916757745221,138668178.0,0,0,0,0,0,0,0,1,0
2023-08-14,3342.844970703125,3223.2156787109375,3177.506032714844,57.379985564820416,33.249376394094725,36.75484590891929,3399.54299880193,3250.6312199480703,3325.087109375,2757.5831771508397,0.00030464366809090926,0.16365920892895175,47.33475058891155,74.77202275802927,72.92641078222124,139858603.0,0,0,0,0,0,0,0,0,0
2023-08-16,3351.12939453125,3227.1351513671875,3179.1300756835935,60.27258777468125,32.22661303560926,35.84919933425729,3394.743456543832,3252.5838139639804,3323.6636352539062,2757.8911500220925,0.00247825546824032,0.16385208747111235,46.985221518722355,80.15082188557813,76.34462365227417,141187048.0,0,0,0,0,0,0,0,0,0
2023-08-17,3329.18212890625,3231.701630859375,3180.666873779297,55.467996436798565,29.30726883838406,34.540813235082645,3392.16970298352,3252.706053852418,3322.437878417969,2758.3021495060502,-0.006549214620245936,0.1632406626393529,48.438712358225466,65.90119684888427,73.60801383083054,139343807.0,0,0,0,0,0,0,0,0,0
2023-08-18,3262.660888671875,3234.1203466796874,3181.8430700683593,51.529754692378795,21.37950970404563,31.908552528875244,3390.495101469209,3245.0589756792283,3317.7770385742188,2758.7990567775605,-0.019981255953764654,0.17743118845072764,49.36275354707732,7.943073771972095,51.33169750214483,136817058.0,0,0,0,0,0,0,0,0,0
2023-08-21,3296.139892578125,3237.9463720703125,3183.043582763672,47.17877173192677,17.595351039132765,29.045912230926753,3388.4048705948417,3250.3807739364083,3319.392822265625,2759.0871122999074,0.010261257620272746,0.15265731946678604,47.383340691169096,33.83327037265728,35.89251366450455,138192637.0,0,0,0,0,0,0,0,0,0
2023-08-22,3277.244140625,3241.9153955078127,3183.831153564453,39.71453040251214,12.922684111227227,25.82126660698685,3389.112921362979,3248.451775902646,3318.7823486328125,2759.333756502229,-0.0057326911384048,0.15163541191621419,47.449089550330164,19.220687084512956,20.332343743047446,136970625.0,0,0,0,0,0,0,0,0,0
2023-08-23,3292.84521484375,3245.47501953125,3184.7828662109373,43.846238234197074,10.359025810674211,22.728818447724326,3389.135792544134,3248.3417221043032,3318.7387573242186,2759.610017462452,0.0047604247804908795,0.15256712454641969,46.58738447633271,31.285409196209777,28.113122217793336,138300671.0,0,0,0,0,0,0,0,0,0
2023-08-24,3282.670654296875,3248.8925537109376,3185.850950927734,48.05916068780312,7.420764183302708,19.667207594840004,3389.1661624703247,3248.2580562796757,3318.712109375,2759.8446837692754,-0.003089899428314835,0.1525389585536544,43.978076588991826,23.417153210403935,24.64108316370889,137147790.0,0,0,1,0,0,0,0,0,1
2023-08-25,3276.421142578125,3252.044072265625,3186.836824951172,38.76969202755271,4.535603692177119,16.64088681430743,3389.945411399336,3245.967210670977,3317.9563110351564,2760.0773744386734,-0.0019037888283339743,0.1523872739766138,41.655943863874526,22.22622952155992,25.64293064272454,135989744.0,0,0,0,0,0,0,0,0,0
2023-08-28,3270.849365234375,3255.2919482421876,3187.7168408203124,27.61981579513575,1.7789902578369947,13.668507503013343,3387.5684685352526,3250.296668183498,3318.932568359375,2760.283414761734,-0.0017005681203013934,0.14580560123633,40.76654956621318,18.110173743079383,21.25118549168108,134952259.0,0,0,0,0,0,0,0,0,1
2023-08-29,3271.4306640625,3259.351689453125,3188.6842236328125,29.42724082710538,-0.35465158913530104,10.863875684583615,3388.5911917819576,3244.884491811792,3316.737841796875,2760.471060915423,0.0001777210636184634,0.12666392379926478,40.157488174416066,22.184041388342898,20.840148217660733,135896776.0,0,0,0,0,0,0,0,0,0
2023-08-30,3285.771728515625,3263.01205078125,3189.773078613281,34.85728485013949,-0.8782501557261639,8.515450516521659,3385.610785970258,3241.944438639117,3313.7776123046874,2760.7135436609215,0.004383728688083011,0.12307322068790823,39.21618721226706,34.96579830350768,25.086671144976652,137084976.0,0,0,0,0,0,0,0,0,0
2023-08-31,3252.680908203125,3265.676201171875,3190.1686633300783,32.94011767243204,-3.918191961822231,6.0287220208528804,3385.8129717659253,3233.617374913762,3309.7151733398437,2761.365879482738,-0.010070943159356083,0.12713017942111315,41.9085847521689,10.69121252148757,22.613684071112715,133667324.0,0,0,0,0,0,0,0,0,0
2023-09-01,3274.38623046875,3268.1849169921875,3190.57921875,36.90274910602611,-4.5237822905728535,3.9182211585677345,3386.173396662317,3231.246329900183,3308.70986328125,2761.620117371514,0.006673056127603827,0.12353090627076418,40.49319658743924,29.05617902986751,24.90439661828759,134945274.0,0,0,0,0,0,0,0,0,0
2023-09-04,3312.467041015625,3271.83603515625,3191.1940563964845,44.842875734641936,-1.9089091165892569,2.7527951035363363,3383.8634610687195,3231.1289461578426,3307.496203613281,2762.0103917136553,0.011629907978639276,0.12191371190911249,41.79440497185562,61.176945330607396,33.64144562732083,136773606.0,0,0,0,0,0,0,0,0,0
2023-09-05,3322.98095703125,3276.125576171875,3191.75259765625,45.25726819042667,1.0002515892497286,2.4022864006790146,3374.5983253463137,3235.0937889114985,3304.846057128906,2762.33667562043,0.0031740439634386775,0.11417677830421713,42.55921276735398,73.15436791191908,54.46249742413133,138275448.0,0,0,0,0,0,0,0,0,0
2023-09-06,3323.513427734375,3280.9418701171876,3192.344188232422,48.9705946246942,3.310585969409658,2.5839463144251433,3367.77086937427,3237.9774460554177,3302.874157714844,2762.622287031964,0.00016023886685179178,0.1136223014018612,42.434608951550445,83.45397290525916,72.59509538259522,139590266.0,0,0,0,1,0,0,1,0,0
2023-09-07,3348.0771484375,3286.100595703125,3193.085155029297,68.29973774202895,7.0424486199904095,3.4756467755381966,3366.29566234559,3238.7501384356606,3302.522900390625,2763.0491804141852,0.0073908895622756265,0.11681339389351376,39.558755246747424,95.91749195451374,84.175277590564,141475358.0,0,0,0,0,0,0,0,0,0
2023-09-08,3335.141357421875,3290.6507470703127,3194.0483251953124,59.16224661154598,8.854101856435591,4.551337791717676,3366.265027905601,3238.7613881100237,3302.5132080078124,2763.3851023951715,-0.0038636478319090672,0.11569137736652609,38.67969276709674,80.96411487821759,86.77852657933016,139956441.0,0,0,0,0,0,0,0,0,1
2023-09-11,3372.68896484375,3294.2740576171873,3195.0487316894532,70.61534599897487,13.16783758409656,6.2746377501934525,3373.0900112094882,3235.0226108608244,3304.0563110351563,2763.804930390314,0.011258175710699092,0.12227946713817471,38.53085826597502,96.44487319261053,91.10882667511396,141740045.0,0,0,0,0,0,0,0,0,0
2023-09-12,3469.73291015625,3300.4171533203125,3196.5661828613283,78.26290479117971,24.13888158273039,9.84748651670084,3410.6908069864285,3210.110609029197,3310.4007080078127,2765.0234730666925,0.02877346423701299,0.1581953188334252,44.2928580252679,96.30462649458109,91.23787152180307,146216061.0,0,0,0,0,0,0,0,0,0
2023-09-13,3457.1845703125,3305.6027978515626,3197.6770654296874,77.67370373094747,31.45833473848097,14.169656161056867,3434.5578979646953,3196.849035629055,3315.703466796875,2765.4915978477047,-0.003616514633452028,0.15938057002054234,44.90886427273612,91.04573467710173,94.59841145476446,144461132.0,0,0,0,1,0,0,1,0,0
2023-09-14,3449.62646484375,3310.4227294921875,3198.704699707031,77.3526724267555,36.23152370073876,18.582029668993247,3454.809462715029,3188.641904472471,3321.72568359375,2766.1776578432646,-0.002186202476330834,0.1571562727731222,45.919391370153825,85.18011484570975,90.84349200579753,141856411.0,0,0,0,0,0,0,1,0,0
2023-09-15,3486.689697265625,3315.92689453125,3199.8908508300783,81.00205913129346,42.514917939002316,23.36860732299506,3481.848628400587,3184.005619646288,3332.9271240234375,2766.995849880236,0.010744129197638674,0.13718761156498305,46.84683098570307,96.568047388846,90.9312989705525,144809308.0,0,0,0,0,0,0,0,0,0
2023-09-18,3494.29638671875,3321.460458984375,3201.1049877929686,81.37788563336129,47.56010611123611,28.20690708064327,3507.0345111699066,3178.6353862910305,3342.8349487304686,2767.386021017634,0.0021816364843394442,0.13477433380462872,48.19648513544894,95.2294037935048,92.32585534268685,146205061.0,0,0,0,0,0,0,0,0,0
2023-09-20,3494.199462890625,3328.0996630859377,3202.349981689453,80.57131971042975,50.96316154067108,32.75815797264883,3527.9919916426443,3179.373438044856,3353.68271484375,2767.846495230108,-2.773772382147488e-05,0.13137412173810672,49.09969615350334,93.26462839073525,95.02069319102868,144555665.0,0,0,0,0,0,0,0,0,0
2023-09-21,3474.09326171875,3334.328037109375,3203.0884143066405,83.7618597697401,51.44468280596902,36.49546293931287,3542.497956013726,3182.992278361274,3362.7451171875,2768.3897371177923,-0.00575416526314787,0.13501398931543354,49.397301980271585,85.19766990757788,91.2305673639393,142551592.0,0,0,0,1,0,0,1,0,0
2023-09-22,3491.8740234375,3341.1536474609375,3204.0904138183596,83.56515671250384,52.65408720727373,39.72718779290504,3557.6256846207043,3188.784886668358,3373.205285644531,2768.9416541752926,0.005118101438057909,0.13346685423768315,51.92356318778853,88.58547249816222,89.01592359882511,144540675.0,0,1,0,0,0,0,0,1,0
2023-09-25,3466.19580078125,3345.9067724609376,3205.0274243164063,74.66955019334516,50.95317446412491,41.97238512714902,3565.6700258484293,3199.7180112609453,3382.6940185546873,2769.2727625101325,-0.007353708204791309,0.13753157845036676,51.823207365188374,75.98118276600387,83.25477505724798,143301897.0,0,0,0,0,0,0,0,0,0
2023-09-26,3474.480712890625,3347.4603564453123,3206.1999060058592,74.4870312567823,49.70079223289986,43.51806654829919,3572.274187063226,3213.4769848117744,3392.8755859375,2769.7390694188366,0.0023902031464893003,0.13649723586747234,53.00673975096067,79.60949715267436,81.3920508056135,145027959.0,0,0,0,0,0,0,0,0,0
2023-09-27,3477.96923828125,3349.5273193359376,3207.41255859375,74.72852024674933,48.43147721415016,44.50074868146939,3576.8521785339235,3229.5528507629515,3403.2025146484375,2770.156954393305,0.0010040422379327119,0.13629725113358152,53.871919522453645,78.97848223890234,78.18972071919352,146569093.0,0,0,0,1,0,0,1,0,0
2023-09-28,3427.049072265625,3350.4763232421874,3208.5144091796874,61.65949007640852,42.823066423693945,44.1652122299143,3575.071326691102,3245.4614369807728,3410.2663818359374,2770.5982276033687,-0.014640775270568174,0.1499655511325007,56.48471166417234,51.182550258225696,69.92350988326747,144813340.0,0,0,0,0,0,0,0,0,0
2023-09-29,3419.15234375,3351.7854248046874,3209.8533679199218,62.59080620764298,37.31106177552374,42.79438213903619,3565.7549692341627,3271.4249379923995,3418.589953613281,2771.154523733291,-0.0023042356117779494,0.14398645254514014,58.7652782111078,44.29165282830103,58.150895108476355,142569549.0,0,0,0,0,0,0,1,0,0
2023-10-03,3404.859619140625,3352.7650634765623,3211.1510095214844,55.182704991988246,31.42718196238593,40.52094210370614,3556.0342231035565,3294.1930229901936,3425.113623046875,2771.6261122820665,-0.00418019531522229,0.14500238229079038,59.4781925269703,21.96552657500523,39.146576553843985,140621401.0,0,0,0,0,0,0,0,0,0
2023-10-04,3428.01806640625,3356.0489404296877,3212.3459936523436,41.18004753144157,28.30655759479305,38.07806520192353,3550.599194617268,3311.1831540155445,3430.8911743164062,2772.0741574943363,0.006801586513417002,0.14172296919819,56.81001217134082,38.63849763934962,34.96522568088529,142409539.0,0,1,0,0,0,0,0,1,0
2023-10-05,3478.01806640625,3359.8202294921875,3213.631866455078,53.802681582568646,29.527646109132093,36.36798138336524,3548.611495877672,3328.6745636926403,3438.643029785156,2772.8791928277114,0.01458568742387567,0.1488498036155456,59.744667503226346,71.62059877901049,44.074874331121784,145400307.0,0,0,0,0,0,0,0,0,0
2023-10-06,3509.073486328125,3364.1273583984375,3215.3613330078124,59.99348255598722,32.62519743340317,35.61942459337283,3547.843159196821,3347.998906232867,3447.921032714844,2773.4613946805175,0.00892905652843945,0.15040543063670223,60.284532700727986,91.40498145208636,67.22135929014883,147475998.0,0,0,0,0,0,0,0,0,0
2023-10-09,3525.497802734375,3368.9732421875,3217.4832482910156,57.01038693447834,35.990458640856104,35.693631402869485,3550.7142040157455,3362.86992684363,3456.7920654296877,2774.6723086944585,0.004680527914346033,0.14960478232754276,60.99744640111385,79.84634951402647,80.95730991504111,151709072.0,0,0,0,0,0,0,1,0,0
2023-10-10,3516.3408203125,3373.46931640625,3219.7421740722657,53.9599783173491,37.486440092917746,36.05219314087914,3543.997645899931,3387.7064312485063,3465.8520385742186,2775.193335376264,-0.002597358709108488,0.14894218690954264,61.177390241300536,75.16112254463062,82.13748450358115,149860924.0,0,0,0,0,0,0,0,0,0
2023-10-11,3497.930419921875,3378.4014404296877,3221.708544921875,50.6288402378746,36.76267350604485,36.194289213912285,3537.924666992279,3406.303555663971,3472.114111328125,2775.8593116924003,-0.005235670070510623,0.14786120246993628,61.177390700992454,65.74132675890601,73.5829329391877,147434507.0,0,0,0,0,0,0,0,0,0
2023-10-12,3432.669189453125,3380.7483203125,3223.230889892578,43.940462083827065,30.570647983141043,35.069560967758036,3538.4000007937857,3402.121849792152,3470.2609252929688,2776.9155229200055,-0.018657097950566914,0.12788383115370974,60.744833963095516,32.350012572508575,57.75082062534839,143193226.0,0,0,0,0,0,0,0,0,0
2023-10-13,3460.091552734375,3383.050625,3224.9326977539063,45.478385124147216,27.55850143369389,33.56734906094521,3538.4402244519106,3402.3723243762142,3470.4062744140624,2777.6633866790944,0.007988641423853249,0.13074276466852836,59.58897950415456,46.38083518312745,48.15739150484735,146083583.0,0,0,0,0,0,0,0,1,0
2023-10-16,3414.7431640625,3384.66689453125,3226.557781982422,43.06793587306182,21.26696528085813,31.107272304927797,3540.6148370346255,3396.7093817153745,3468.662109375,2778.0663457128967,-0.013106123922078883,0.13874779052189415,59.18752382161275,23.17805026606201,33.96963267389935,144412479.0,0,0,0,0,0,0,0,0,0
2023-10-17,3398.270263671875,3386.742451171875,3227.983026123047,39.95403077144887,14.781262961511857,27.84207043624461,3542.1490381640515,3386.333237226573,3464.2411376953123,2778.4586079432747,-0.0048240525272850165,0.13293998340523053,57.239166568731925,14.74958839744956,28.10282461554634,142740414.0,0,0,0,0,0,0,0,0,0
2023-10-18,3379.08447265625,3387.5893359375,3229.2807568359376,37.483126733681765,8.000934362924909,23.87384322158067,3543.723778967935,3373.2373050164406,3458.4805419921877,2778.7783794778943,-0.005645751964087342,0.13316336706999518,55.88258415507367,4.933059179171,14.28689928089419,141332169.0,0,0,0,0,0,0,0,0,0
2023-10-19,3357.12890625,3387.212236328125,3230.480194091797,40.4491414355318,0.8460911679449055,19.26829281085352,3546.2980131881714,3356.956015132141,3451.6270141601562,2779.1093446317086,-0.006497489655531208,0.13410050643661464,52.48893890842809,1.7233061946351609,7.135317923751907,139817624.0,0,0,0,0,0,0,0,0,0
2023-10-20,3394.919677734375,3387.8516015625,3231.8128369140627,46.93981998469555,-1.7545488369805753,15.063724481286702,3544.968638066073,3350.368031855802,3447.6683349609375,2779.4537975465114,0.011256872327428225,0.14113548373878748,51.9832350416029,22.39913037787872,9.685165250561626,141298835.0,0,1,0,0,0,0,0,1,0
2023-10-23,3312.926025390625,3387.008076171875,3232.7931750488283,40.08558998322323,-10.312896619406729,9.988400261148016,3550.707903727251,3326.733966389936,3438.7209350585936,2779.6765683677822,-0.024151868122685327,0.16085701851390022,54.70961920387325,3.2996610286913235,9.140699200401734,140192563.0,0,0,0,0,0,0,0,0,0
2023-10-25,3293.447998046875,3386.17033203125,3233.653391113281,35.3714133756268,-18.454431717168973,4.299833865484619,3558.5788065868232,3301.5882832569264,3430.083544921875,2779.9708959953928,-0.005879403039629749,0.16036082793723408,53.13320810290491,4.413250853574388,10.037347420048144,138674026.0,0,0,0,1,0,0,1,0,0
2023-10-26,3241.618896484375,3384.166171875,3234.015672607422,24.40375771026889,-28.757335616786804,-2.3116000309696663,3570.1076709694617,3266.773237233663,3418.4404541015624,2780.316251516395,-0.0157370335263336,0.1658386567956242,51.33402976008324,1.9881896879564567,3.2337005234073892,136689555.0,0,0,0,0,0,0,0,0,0
2023-10-27,3255.413818359375,3382.417548828125,3234.4311389160157,21.468421087319,-35.40124278894564,-8.929528582564862,3572.633073329284,3241.9922928816536,3407.3126831054688,2780.5147627946944,0.004255565603335176,0.1673811027104355,48.94031325980551,6.170680573098799,4.19070703820988,137798406.0,0,0,0,1,0,0,0,0,0
2023-10-30,3282.22705078125,3381.039501953125,3234.997659912109,23.261857163940803,-38.06420288403251,-14.756463442858392,3574.2038177629443,3225.9393462995554,3400.07158203125,2780.686925825549,0.008236505070617461,0.16642464653947642,48.360804910877995,15.631999908965428,7.93029005667356,138709378.0,0,0,0,0,0,0,0,0,0
2023-10-31,3272.70654296875,3379.909990234375,3235.9929516601565,23.24328324433428,-40.47625824973784,-19.900422404234284,3575.6010454651578,3209.897538519217,3392.7492919921874,2780.8721582159437,-0.0029006243825313582,0.16644762182597198,48.52876485451274,12.476644590601579,11.426441690888602,137709567.0,0,0,0,0,0,0,0,0,0
2023-11-01,3235.692626953125,3379.370625,3236.284451904297,22.33080235382124,-44.85745437796459,-24.89182879898035,3579.9837146189334,3188.5981701466912,3384.2909423828123,2781.1397618105175,-0.011309879309266968,0.1695060497396274,49.619347777200474,7.321454096251678,11.810032865272895,136146092.0,0,0,0,0,0,0,0,0,0
2023-11-02,3264.302978515625,3378.73388671875,3236.879552001953,30.74624265449843,-45.49651213865036,-29.012765466914352,3577.7036992862563,3174.506676690306,3376.105187988281,2781.36609834091,0.008842110441572126,0.17113654348546542,47.79328828442203,19.122253695365888,12.97345079407305,137391476.0,0,0,0,0,0,0,0,0,0
2023-11-03,3255.364990234375,3378.2963037109375,3237.2275427246095,25.554752270898675,-46.19172156175273,-32.44855668588203,3567.4636254967536,3162.4814428626214,3364.9725341796875,2781.616040193234,-0.0027381000906093744,0.15896211349145195,47.219696678518304,15.68230403543748,14.042003942351682,135988878.0,0,0,0,0,0,0,0,0,1
2023-11-06,3283.87841796875,3378.1169677734374,3237.691063232422,33.719651760635244,-43.935424492076436,-34.74593024712091,3547.314694699337,3160.110866824101,3353.712780761719,2781.8236337171934,0.008758903477770197,0.15879019858131202,46.24777763526975,32.35539424341801,22.38665065807379,137088730.0,0,0,0,0,0,0,0,0,0
2023-11-07,3274.357666015625,3377.9507080078124,3237.914610595703,34.31319340218626,-42.42647196375219,-36.282038590447165,3519.847895025694,3162.463652825869,3341.1557739257814,2782.0440050298002,-0.002899240087887889,0.15601624293041846,46.763332427139076,29.342152703888264,25.793283660914586,135897586.0,0,0,0,0,0,0,1,0,0
2023-11-08,3285.141845703125,3378.1251220703125,3238.347971191406,37.848781211809246,-39.900475199096036,-37.00572591217694,3489.494979970426,3169.696670420199,3329.5958251953125,2782.2315693080823,0.0032935252612835697,0.1579289952478421,46.333089634170456,37.42727132167446,33.04160608966024,136890485.0,0,0,0,0,0,0,0,0,0
2023-11-09,3252.013671875,3377.748408203125,3238.402958984375,36.78557091101948,-40.109414960095364,-37.62646372176063,3459.5417878142107,3175.058187771727,3317.2999877929688,2782.6038847372847,-0.010084244572713286,0.1596265082458752,47.93605195576457,19.336856171854834,28.702093399139187,134778133.0,0,0,1,0,0,0,0,0,1
2023-11-10,3238.41259765625,3377.088046875,3238.3343005371094,29.05078832457417,-40.90101283063541,-38.28137354353559,3443.0255127227324,3172.1488036835176,3307.587158203125,2782.832681416467,-0.004182354562767943,0.1494501282783759,45.830009628555935,13.366899967708681,23.377009153745988,133439576.0,0,0,0,0,0,0,1,0,0
2023-11-13,3236.567138671875,3376.103955078125,3238.3374768066406,36.9868439666148,-41.20231828544502,-38.86556249191747,3414.661293720608,3178.160581279392,3296.4109375,2783.008036582263,-0.0005698653055236091,0.14420103391417594,41.37158185209065,18.02636648814721,16.910040875903576,132408586.0,0,0,0,0,0,0,0,0,0
2023-11-15,3307.242919921875,3377.1951953125,3238.741999511719,52.00164938403158,-35.33088766416631,-38.15862752636724,3395.6222763400324,3186.4495742459053,3291.035925292969,2783.4124993423343,0.021836649209446612,0.16457137064717928,43.70661262980749,91.47062957930808,40.95463201172132,134468388.0,0,0,0,0,0,0,0,0,0
2023-11-16,3398.125732421875,3379.6699853515624,3239.352470703125,70.397479954181,-23.07822179092318,-35.14254637927843,3395.5838670834223,3186.4735303775155,3291.028698730469,2784.3210988345113,0.027479932590541933,0.19345361028230335,48.21361857506544,85.573614564553,65.0235368773361,138420372.0,0,0,0,0,0,0,0,0,0
2023-11-17,3402.5947265625,3381.4725390625,3239.8826330566408,69.65994673888159,-12.859054160600863,-30.685847935542917,3401.355475836671,3183.0529470148913,3292.204211425781,2784.7881520135606,0.0013151350163373987,0.1923012086341677,48.67855590585951,87.68039129234613,88.24154514540241,140441664.0,0,0,0,0,0,0,0,0,0
2023-11-20,3419.256103515625,3383.3980419921877,3240.5275219726564,68.81415428470675,-3.3769291757903375,-25.224064183592404,3415.2451770105426,3175.375965567582,3295.3105712890624,2785.137856843413,0.004896668070122345,0.19111757644405863,48.23096341874829,93.5846595936177,88.94622181683894,141917285.0,0,0,0,0,0,0,0,0,0
2023-11-21,3410.12353515625,3385.130244140625,3241.2164453125,68.88753917706356,3.3620456773824117,-19.506842211397444,3418.8233656389048,3173.3181626814076,3296.070764160156,2785.5594649757136,-0.002670922587514002,0.1875513276534481,47.47459577117089,87.34921760711822,89.538089497694,140110049.0,0,0,0,0,0,0,1,0,0
2023-11-22,3429.504638671875,3386.7587939453124,3241.893869628906,77.9958612109132,10.149626305161291,-13.5755485080857,3438.331614178571,3165.467775469867,3301.899694824219,2785.9913653295525,0.005683402174677221,0.1644623553018828,46.846576409431954,95.8928394328291,92.27557221118833,141908100.0,0,1,0,0,0,0,0,1,0
2023-11-23,3408.2294921875,3388.220556640625,3242.8244299316407,71.24007664143898,13.654703415862514,-8.129498123296056,3451.999998469688,3163.2775405928123,3307.63876953125,2786.624328936437,-0.006203562533338425,0.1646665210352138,46.756378810693704,83.8709912481958,89.03768276271438,139178296.0,0,0,0,0,0,0,0,0,0
2023-11-24,3358.53759765625,3387.937529296875,3243.2683728027346,63.59098186196725,12.281211521003115,-4.0473561944362215,3456.0472293261205,3170.922179853567,3313.4847045898437,2787.048063353809,-0.014579973163531434,0.1630789561200963,47.564827800926615,60.79401569878105,80.18594879326865,137188563.0,0,0,0,0,0,0,0,0,0
2023-11-28,3371.21533203125,3385.967177734375,3243.5260400390625,62.00583155348343,12.076486294021834,-0.8225876967446104,3461.3121711400036,3177.2373894068714,3319.2747802734375,2787.4152718219434,0.0037747781605443897,0.1629927436828479,48.040146148614504,66.68157078102618,70.4488592426677,138877758.0,0,0,0,0,0,0,0,0,0
2023-11-29,3413.572509765625,3385.0949365234374,3243.8904467773436,67.55265575094624,15.157385422131938,2.3734069270306994,3472.7300470474734,3178.9540593978395,3325.8420532226564,2787.751010345469,0.012564364350126977,0.1659568716437137,48.713272548442355,86.35229503372452,71.27596050451058,140319392.0,0,0,0,0,0,0,0,0,0
2023-11-30,3388.167724609375,3383.86576171875,3244.2350341796873,62.52795078998463,15.371868995257046,4.973099340675969,3478.785572446729,3184.444652162646,3331.6151123046875,2788.479520633578,-0.0074422866611362215,0.16850466699048924,48.93879650435929,74.55428227089398,75.86271602854823,137053157.0,0,0,0,0,0,0,0,0,0
2023-12-01,3411.531982421875,3382.362607421875,3244.6360046386717,69.8692447529736,17.228549124539313,7.424189297448638,3484.4250209153465,3196.3891392409037,3340.407080078125,2788.7506964140275,0.006895838609994875,0.16200179310601592,47.54401615534802,85.40467168259593,82.10374966240481,138225298.0,0,0,0,0,0,0,0,0,0
2023-12-04,3412.3095703125,3380.72287109375,3244.812780761719,72.37499465977086,18.54890610457369,9.649132658873649,3490.564753186867,3205.0500661490705,3347.807409667969,2789.1267694287085,0.00022792923960013312,0.16054822086504417,49.25800006287451,83.98999612540071,81.31631669296354,139850511.0,0,0,0,0,0,0,0,0,0
2023-12-05,3430.91357421875,3379.4571533203125,3244.983046875,73.97236099943686,20.856070362311584,11.890520199561237,3496.977933066356,3216.191744668019,3356.5848388671875,2789.4547091471054,0.005452026998988391,0.15979161036853157,49.688227789885005,91.55143894490078,86.98203558429914,141228167.0,0,0,0,0,0,0,0,0,0
2023-12-06,3501.3466796875,3380.0022216796874,3245.52130859375,73.95676958503407,28.044596979274502,15.121335555503892,3517.4959271827356,3217.4205767235144,3367.458251953125,2789.95513585585,0.020528965228973517,0.1708146855689578,50.12195311423842,95.59527465404317,90.37890324144821,143124739.0,0,0,0,0,0,0,0,0,0
2023-12-07,3511.83837890625,3380.4015087890625,3246.3765649414063,67.50926086737505,34.19398162278594,18.9358647689603,3535.7976807458203,3222.8668944494925,3379.3322875976564,2790.4812208440253,0.0029964754074813804,0.1692674200203354,44.140362542142775,92.07787861053505,93.07486406982633,145092392.0,0,0,0,0,0,0,0,0,0
2023-12-08,3523.302001953125,3381.5436328125,3247.204237060547,68.19436685853998,39.53667762217947,23.056027339604135,3553.6602629134104,3228.820327906902,3391.2402954101562,2790.92638881639,0.0032642797902462384,0.16926806392684793,44.90367573832649,91.36789712808552,93.01368346422124,146733547.0,0,0,0,0,0,0,0,0,0
2023-12-11,3539.040283203125,3382.83482421875,3248.012030029297,68.10561151588867,44.52746555478461,27.350314982640235,3566.9331973924,3244.2500545607254,3405.5916259765627,2791.2315623315967,0.004466912357009356,0.16141051418165714,44.581008815182294,95.40904820754992,92.95160798205683,147836050.0,0,1,0,0,0,0,0,1,0
2023-12-12,3567.407958984375,3384.6235986328124,3248.782265625,72.4674011222593,50.19314003091631,31.91887999229545,3578.631061240644,3265.4517268452937,3422.041394042969,2791.873422536907,0.008015640826663617,0.15870665229382608,46.61765777907798,90.09050187264354,92.28914906942633,150072916.0,0,0,0,0,0,0,0,0,0
2023-12-13,3491.09716796875,3385.904560546875,3249.4438793945315,57.567435099547126,47.972586675859475,35.12962132900826,3567.433095096025,3302.1026959196,3434.7678955078127,2792.86747264193,-0.021391102978127075,0.18349223752559493,50.61121076006183,60.49356090877989,81.99770366299111,146221948.0,0,0,0,0,0,0,0,0,0
2023-12-14,3562.69580078125,3388.7754296875,3250.5299169921873,66.88963942800518,51.397712600092746,38.38323958322516,3577.6743839660744,3317.4066951354885,3447.5405395507814,2793.8014514776874,0.020508920080892112,0.181819480676957,53.41811014832784,88.26290362219794,79.6156554678738,149512344.0,0,0,0,0,0,0,0,0,0
2023-12-15,3750.92236328125,3395.6966845703123,3252.7312072753907,82.92835536877854,68.51071125753924,44.40873391808798,3650.8885845646296,3279.472157622871,3465.18037109375,2796.8027517773626,0.052832622549116914,0.23893396903211186,65.49232111302182,92.45060041322917,80.40235498140233,158043574.0,0,0,0,0,0,0,0,0,0
2023-12-18,3749.173583984375,3402.119794921875,3255.160947265625,82.31036729603117,80.99807868048856,51.7266028705681,3704.720761138379,3260.2978667913085,3482.509313964844,2797.68463890853,-0.00046622647111926874,0.23938719575131295,69.00356985578871,84.59839722952546,88.43730042165085,155521962.0,0,0,0,1,0,0,0,0,0
2023-12-19,3707.399658203125,3406.7074267578123,3257.3230615234374,75.14335806340011,86.5261806882213,58.686518434098744,3738.3893919353477,3255.4435914630894,3496.9164916992186,2798.353762657513,-0.011142169026181925,0.24612546430298388,70.48506297866886,74.82147088199373,83.95682284158279,153517527.0,0,0,0,0,0,0,0,0,0
2023-12-20,3672.2802734375,3409.9715625,3259.373614501953,73.9144605295551,87.06971503561726,64.36315775440245,3759.972385627194,3260.0762715993687,3510.0243286132813,2799.1823046783625,-0.009472780925552149,0.24978835784532077,77.18835003746855,66.06678164982219,75.16221658711379,150931444.0,0,0,0,0,0,0,0,0,0
2023-12-21,3679.517822265625,3413.051962890625,3261.7894067382813,73.18651448811259,87.08066789196755,68.90665978191548,3780.3992707284515,3264.650704857486,3522.5249877929687,2799.6718019585846,0.0019708595992729006,0.24976977955755922,79.54767424299432,67.16936950073986,69.35254067751859,152449006.0,0,0,0,0,0,0,0,0,0
2023-12-22,3714.97705078125,3417.0246875,3264.473630371094,74.70459527320553,88.92553331181398,72.91043448789519,3803.485991631734,3272.2387398135784,3537.8623657226562,2800.4803494235543,0.009636922615526622,0.24781112070548283,81.91740847111964,75.3636474419482,69.53326619750341,154862064.0,0,0,0,0,0,0,0,0,0
2023-12-26,3687.338134765625,3420.812841796875,3266.670222167969,70.62590063968247,87.15273048780546,75.75889368787725,3813.8245116938083,3294.7802734624415,3554.302392578125,2800.8974134167056,-0.007439861845125684,0.24176809507290936,82.51766045671482,66.95551688342644,69.8295112753715,153576833.0,0,0,0,0,0,0,0,0,0
2023-12-27,3702.542236328125,3426.210302734375,3269.2510205078124,67.76156100572054,85.98345169919139,77.80380529014008,3823.3870112885634,3318.350464297374,3570.8687377929687,2801.324114415359,0.00412332718259556,0.2417518652193528,79.9154386888987,67.81426159169264,70.04447530568909,154870809.0,0,0,0,0,0,0,0,0,0
2023-12-28,3691.564208984375,3430.839755859375,3271.677639160156,65.85259968103446,83.21174161574208,78.88539255526048,3831.36509432386,3338.171551183953,3584.7683227539064,2801.871706733349,-0.002964997194640273,0.24142671338328522,80.40463982906924,64.72677788824072,66.49885212111994,153187920.0,0,0,0,0,0,0,0,0,1
2023-12-29,3685.24951171875,3436.2498828125,3273.9302221679686,64.415411917032,79.58815539679927,79.02594512356823,3831.720005711192,3367.5248185075584,3599.622412109375,2802.3799489364287,-0.0017105749509264134,0.23865567174695862,81.39349482427318,62.95081903066425,65.16395283686587,151612924.0,0,0,0,1,0,0,0,0,0
2024-01-01,3702.445068359375,3442.33337890625,3276.1798046875,64.50749102637465,77.21390113509278,78.66353632587315,3832.7000629841923,3395.636069828308,3614.16806640625,2802.651417070576,0.0046660494997543545,0.2384672352486406,82.85072960346095,67.78693386598937,65.15484359496479,152438831.0,0,0,0,0,0,0,0,0,0
2024-01-02,3675.34033203125,3448.25849609375,3278.550725097656,59.6040471205303,72.31159873139677,77.39314880697788,3825.404139245764,3429.235069738611,3627.3196044921874,2803.0795526946094,-0.00732076663601533,0.24162161107083102,81.2165603999747,60.16394030994845,63.63389773553402,151094763.0,0,0,0,0,0,0,0,0,0
2024-01-03,3586.49755859375,3452.845869140625,3280.5054931640625,58.303731791758146,60.55952690179038,74.02642442594038,3811.7690798332765,3458.428527588598,3635.0988037109373,2803.5948077669073,-0.0241726657700837,0.26107970938625413,80.31790874004251,21.284043302021004,49.74497249265294,149291688.0,0,0,0,0,0,0,0,0,0
2024-01-04,3562.259033203125,3456.19265625,3282.574348144531,49.95856745769086,48.72836857789707,68.96681325633172,3807.03511880636,3469.253723967078,3638.144421386719,2804.5892360101047,-0.006758271822197681,0.25373898545899387,79.17642032582724,5.683470837593198,29.043818149854218,145693544.0,0,0,0,0,0,0,0,0,0
2024-01-05,3631.33154296875,3462.5607666015626,3285.3099389648437,35.34170099995451,44.413691256117545,64.05618885628888,3802.311893045693,3485.9262661339944,3644.1190795898438,2805.180053565193,0.01939008621265703,0.2620032277771111,68.88554373414935,31.258855558124363,19.408789899246187,147656671.0,0,0,0,0,0,0,0,0,0
2024-01-08,3573.43115234375,3468.1604296875,3287.8330151367186,31.065515686739715,35.90827254952501,58.42660559493611,3798.208732825609,3495.0423413931408,3646.625537109375,2805.4785651502457,-0.015944672068600063,0.26935050934112525,66.69969155390774,11.016960120695254,15.986428838804272,146588866.0,0,0,0,0,0,0,0,0,1
2024-01-09,3584.699951171875,3475.02205078125,3290.4791088867187,35.85023908680776,29.734207400455034,52.688125956039904,3794.9430592368217,3502.8739817788037,3648.9085205078127,2805.867100043117,0.0031534954355378897,0.26915630798447887,67.03623515243326,15.697952597343013,19.324589425387543,147959810.0,0,0,0,0,0,0,1,0,0
2024-01-10,3607.1904296875,3482.0575830078124,3293.264996337891,42.26862839259574,26.352237750430504,47.42094831491803,3793.296517639798,3508.4987704461396,3650.8976440429688,2806.243536763143,0.006274019812529286,0.26860539852686455,60.72155107698034,31.82872580903196,19.514546175690075,149252037.0,0,0,0,0,0,0,0,0,0
2024-01-11,3629.049072265625,3488.9940234375,3296.3328576660156,44.2065508126299,25.1459454069236,42.96594773331915,3779.4569512196226,3536.1335272960027,3657.7952392578127,2806.7749978956367,0.0060597417863572645,0.2560581883604048,60.90545051960079,43.37022198264215,30.298966796339045,151029946.0,0,0,0,0,0,0,0,0,0
2024-01-12,3772.100830078125,3498.9819091796876,3300.2944128417967,55.25846790451024,35.32581732332801,41.43792165132092,3791.499806968282,3545.03117447703,3668.265490722656,2809.1585908116417,0.03941852396148304,0.28164633199108313,66.85581730350681,91.17012699801694,55.456358263230356,157843396.0,0,0,0,0,0,0,0,0,0
2024-01-15,3792.502197265625,3510.1181005859376,3304.2394970703126,59.81150160035496,44.5263865226666,42.05561462559006,3800.6501682607964,3540.0387965829536,3670.344482421875,2810.15593963954,0.005408489355539725,0.2120900580481719,69.51700140254437,80.50957383558675,71.68330760541528,160644901.0,0,0,0,0,0,0,0,0,0
2024-01-16,3751.2138671875,3519.856318359375,3308.0076403808594,54.33016547935494,47.93373051565777,43.231237803603605,3801.014960470733,3539.8780326933293,3670.446496582031,2810.6437918889455,-0.010886830891724597,0.21599753064331684,69.3816908002856,66.97454137441943,79.55141406934105,159212229.0,0,0,0,0,0,0,0,0,0
2024-01-17,3773.849365234375,3530.226005859375,3311.908864746094,57.171893938362224,51.862729436804784,44.957536130243845,3811.482969897378,3536.0549939698094,3673.7689819335938,2811.8477555292293,0.006034179561147157,0.21270518918890705,72.95538522604726,74.39485118737217,73.95965546579278,162670925.0,0,0,0,0,0,0,0,1,0
2024-01-18,3791.33642578125,3540.375166015625,3315.8888916015626,59.069793653907965,55.744955878059955,47.11502007980707,3827.117137626745,3532.3264414748173,3679.721789550781,2812.6397197273122,0.004633746303699837,0.20938479591408038,72.23369691279011,80.12741367426604,73.83226874535255,164910035.0,0,0,0,1,0,0,0,0,0
2024-01-19,3839.487548828125,3551.677763671875,3320.1403747558593,61.12733538332718,61.99243135710685,50.090502335267026,3851.5180565833316,3523.922495174481,3687.7202758789062,2813.729439020045,0.01270030343903139,0.21301576177364728,73.00475392632767,93.61310651956863,82.7117904604023,167852010.0,0,0,0,1,0,0,1,0,0
2024-01-23,3756.914794921875,3561.11322265625,3323.8686706542967,56.07621947560285,59.59371033697744,51.99114393560912,3856.1384422548886,3523.4958839169863,3689.8171630859374,2814.61959853258,-0.021506191348752424,0.22685908322498347,76.93801831562489,67.19317988968068,80.31123336117179,165233156.0,0,0,0,0,0,1,0,0,0
2024-01-24,3740.89697265625,3570.890888671875,3327.195500488281,62.90026476935692,55.75746490871279,52.74440813022985,3860.3658080163705,3524.6244019445667,3692.4951049804686,2815.5059219480845,-0.004263557503959348,0.2256321904327941,75.69452795874064,62.068127508493646,74.29147130591433,162575447.0,0,0,0,0,0,0,0,0,0
2024-01-25,3710.22412109375,3580.327119140625,3330.397264404297,62.23116028164978,49.66960964900409,52.1294484339847,3860.88179572171,3524.8766027157894,3692.87919921875,2816.2157027897833,-0.008199330745193079,0.2274693535732338,76.7000395873291,48.85173862192306,59.371015340032464,160370293.0,0,0,0,0,0,0,0,0,0
2024-01-29,3701.16845703125,3589.6191455078124,3333.362843017578,56.408790365799234,43.611497886138295,50.42585832441542,3861.4010822472787,3525.317740994909,3693.359411621094,2816.7396515739624,-0.0024407323565753813,0.22738018261930443,73.80574451256305,45.74782533912434,52.22256382318036,158723546.0,0,0,0,1,0,0,0,0,0
2024-01-30,3700.73046875,3597.488896484375,3336.417847900391,63.05928319182508,38.33317766332448,48.007322192197236,3862.160458288622,3526.1064606566906,3694.1334594726563,2817.1880740518827,-0.00011833784015369275,0.22727046861954106,73.36097517917226,43.655895079063306,46.085153013370245,157311925.0,0,0,1,0,0,0,1,0,1
2024-01-31,3715.7255859375,3603.8408935546877,3339.3430126953126,63.339568793798804,34.95708794629627,45.39727534301705,3863.067576541673,3526.527394161452,3694.7974853515625,2817.981480680009,0.004051934425952641,0.2271246301957024,70.83421006435661,48.038190855662876,45.81397042461685,159771283.0,0,0,0,0,0,0,0,0,0
2024-02-01,3752.922119140625,3610.84744140625,3342.692071533203,64.4054175762809,34.880876851480025,43.293995644709646,3868.6266339978874,3528.726515416175,3698.6765747070312,2818.774049470722,0.010010570571707067,0.22776736344854917,74.91659426341708,58.73223814195163,50.142108025559274,162134390.0,0,0,0,0,0,0,0,0,0
2024-02-02,3862.127197265625,3619.70486328125,3346.4535705566404,69.6468583564508,43.13518063786023,43.262232643339765,3888.6921993835067,3536.223913897743,3712.458056640625,2819.8308943963093,0.02909867955107126,0.22773323283064975,79.39596683906272,91.20086162672513,65.99043020811321,164960900.0,0,0,0,0,0,0,0,0,0
2024-02-05,3868.943115234375,3628.8812548828123,3350.5024145507814,60.596987173527644,49.65437870574624,44.540661855821064,3902.361093607293,3553.223427877082,3727.7922607421874,2820.466468331605,0.0017648092930693249,0.22447569945347787,71.78632405036004,79.98359316542695,76.63889764470123,166652423.0,0,0,0,0,0,0,1,0,0
2024-02-06,4027.369873046875,3640.8385595703126,3355.580107421875,69.7381563019348,66.83418261627594,48.99936600791204,3961.506395082589,3533.6819594095987,3747.5941772460938,2822.397448225206,0.040948329580933196,0.25478154211374904,78.36525875951936,96.25541538388993,89.146623392014,171126819.0,0,0,0,0,0,0,0,0,0
2024-02-07,3976.151123046875,3652.1969921875,3360.4436755371094,68.59326976439131,75.4466736274735,54.28882753182433,3988.3269381539208,3547.1334134085796,3767.73017578125,2823.2731641753235,-0.0127176672653736,0.2514467052527224,80.65432351740404,80.97260479675874,85.73720444869188,169002552.0,0,0,0,0,0,0,0,0,0
2024-02-08,4025.51953125,3665.536630859375,3365.7514709472657,69.92253557329899,85.27278121510062,60.4856182684796,4021.1915371461955,3558.350772424117,3789.7711547851563,2824.2797380545235,0.012416129738372472,0.2524618975802412,79.08415046198236,93.69894302083597,90.3089877338282,171347725.0,0,0,0,0,0,0,0,0,0
2024-02-09,4025.130126953125,3678.6149267578126,3370.9844104003905,69.02233570419186,91.9684653787026,66.78218769052421,4048.0718879418478,3573.264391355027,3810.6681396484373,2825.17961508549,-9.673392312525841e-05,0.25335942130892203,81.73117192335611,87.42770131021913,87.36641637593794,169247129.0,0,0,0,1,0,0,1,0,0
2024-02-12,4012.4716796875,3690.59291015625,3375.885203857422,64.93736805422915,95.15650743009428,72.45705163843823,4067.41523102837,3592.263309010693,3829.8392700195313,2825.6088238375223,-0.003144854170269218,0.2552452393833341,80.62531367762871,84.22615275727334,88.45093236277614,168233413.0,0,0,0,0,0,0,1,0,0
2024-02-13,4040.515869140625,3703.639873046875,3380.8593017578123,77.03522308137727,98.80699984918192,77.72704128058697,4096.886216969053,3589.6338269762605,3843.2600219726564,2826.15335368852,0.006989255424553864,0.22119455582098493,79.80459561861088,91.31903170823342,87.65762859190863,169490828.0,0,0,0,0,0,0,0,0,0
2024-02-14,3992.41259765625,3715.2574853515625,3385.58712890625,72.59440140434234,96.70376855086215,81.52238673464201,4114.113074352994,3592.398009631381,3853.2555419921873,2826.7314434251616,-0.01190523018403733,0.2276910717897541,81.33134665441887,79.1528508188149,84.89934509477389,168099545.0,0,0,0,0,0,0,0,0,0
2024-02-15,3995.431396484375,3726.919921875,3390.223806152344,76.9605564697221,94.19471637407105,84.05685266252783,4129.061386072259,3601.8714508418034,3865.466418457031,2827.1857773935126,0.0007561339802146794,0.22218188688071738,80.00983163373407,79.80943837837783,83.42710696847539,169191127.0,0,0,0,0,0,0,0,0,0
2024-02-16,4019.8720703125,3738.699091796875,3395.031611328125,79.27542641235918,93.10517407513544,85.86651694504936,4146.27689701024,3609.2582104116354,3877.7675537109376,2827.7409143653404,0.006117155171186495,0.2221958695217801,80.61495240678889,85.80773122244666,81.59000680654646,170498683.0,0,0,0,0,0,0,0,0,0
2024-02-19,3996.015380859375,3748.5924658203126,3399.569997558594,76.00538389261456,89.28741870990643,86.55069729802076,4158.237092775713,3617.7659101539753,3888.001501464844,2828.0619994325575,-0.00593468872537295,0.22448100814819735,81.48435413467294,79.15274826193088,81.58997262091846,169726392.0,0,0,0,0,0,0,0,0,0
2024-02-20,3924.78662109375,3756.8514306640627,3403.7515197753905,66.75244582101489,79.59671308678662,85.15990045577395,4161.970113188904,3622.562796967346,3892.266455078125,2828.5276752381633,-0.017824946347004933,0.23249970528089875,85.39667479052302,59.41535352163516,74.79194433533756,168532744.0,0,0,0,0,0,0,0,0,0
2024-02-21,3886.664794921875,3764.1186865234376,3407.931901855469,60.701178084824924,68.05613749841768,81.7391478643027,4160.88483992547,3636.6230702307794,3898.753955078125,2829.237070267011,-0.009713095220766799,0.2206928966278738,84.20733680382568,38.20933990575155,58.925813896439195,166646805.0,0,0,0,0,0,0,1,0,0
2024-02-22,3979.754638671875,3772.9329736328127,3412.3820275878907,59.66088780343042,65.66477792065325,78.52427387557282,4164.167271978749,3657.226404779063,3910.6968383789062,2830.455405709932,0.023951086255657117,0.23282042764183378,83.76911715968653,56.14220534053703,51.25563292264125,169628857.0,0,1,0,0,0,0,0,1,0
2024-02-23,3945.673583984375,3780.4982861328126,3416.6137817382814,56.0318249932444,60.324172431144234,74.8842535866871,4157.969553225323,3686.9690698215527,3922.4693115234377,2831.4596305101713,-0.008563607001378704,0.23306046055852064,85.41752585745179,37.94154298606411,44.0976960774509,167090785.0,0,0,0,0,0,0,0,0,0
2024-02-26,3895.96435546875,3788.5956298828123,3420.501534423828,37.54046985542661,51.48707386197839,70.20481764174536,4144.101780689363,3720.316432201262,3932.2091064453125,2831.980292634174,-0.01259841379616311,0.23902365097674386,77.9580293958725,14.058408768577763,36.047385698392965,165711501.0,0,0,0,0,0,0,0,0,0
2024-02-27,3996.599609375,3797.2737060546874,3424.7358532714843,51.772746725613594,52.00455735886362,66.56476558516903,4130.222161590239,3763.7829653628855,3947.0025634765625,2833.2016545896345,0.02583064030475235,0.25237716391262205,81.01485978883748,62.4092954716032,38.13641574208169,168671976.0,0,1,0,0,0,0,0,1,0
2024-02-28,4010.767578125,3802.4706103515623,3429.023985595703,48.637976349873995,52.94755695204822,63.84132385854487,4110.913143464686,3812.596182707189,3961.7546630859374,2834.0100320467523,0.0035450057886123876,0.2523814431812859,80.40975110732805,69.2163916456877,48.561365295289555,170611201.0,0,0,0,0,0,0,0,0,0
2024-02-29,3987.5439453125,3807.238017578125,3433.2183032226562,46.67013309258689,51.23038584540291,61.319136255916476,4085.858146469922,3861.113362319141,3973.4857543945313,2835.548562018359,-0.005790321268966836,0.25357541399913297,79.63076632724814,62.361486373373026,64.66239116355464,166838482.0,0,0,0,1,0,0,1,0,0
2024-03-01,3986.813720703125,3812.826298828125,3437.446623535156,47.6778085601242,49.24295027055541,58.90389905884427,4079.171686213293,3880.268474919519,3979.720080566406,2836.379574590418,-0.0001831264104896757,0.2344219625880402,79.57162296419344,61.98464215845235,64.52084005917102,164795217.0,0,0,0,0,0,0,1,0,0
2024-03-04,3973.522216796875,3818.8511376953124,3441.700821533203,43.77033564080141,46.06437849408712,56.33599494589284,4069.8024596119617,3900.095611677101,3984.9490356445312,2837.0818561780484,-0.0033338662996037494,0.2350987124578494,76.33742928594201,59.651994912001506,61.332707814608966,163045946.0,0,0,0,0,0,0,0,0,0
2024-03-05,3906.72412109375,3823.395263671875,3445.6061596679688,42.29965230181115,37.72047127986343,52.61289021268696,4068.114732261269,3889.718763832481,3978.916748046875,2837.8633236739934,-0.016810802119277435,0.19175574126359865,76.38605223420498,22.349050971866948,47.99522934744027,160975087.0,0,0,0,0,0,0,0,0,0
2024-03-06,3957.55322265625,3828.246787109375,3450.002840576172,46.86544753373884,34.80810226196945,49.05193262254346,4067.6925581596583,3888.2811478950293,3977.986853027344,2838.551896236765,0.013010670829828097,0.19344579007889226,79.88108442704586,53.88158060728902,45.29420883038583,162719291.0,0,1,0,0,0,0,0,1,0
2024-03-07,4000.689697265625,3834.513818359375,3454.6576525878904,48.46023570616411,35.57074442747853,46.35569498353048,4064.3437594002503,3889.1469632559997,3976.745361328125,2839.6526146328683,0.010899783826639808,0.19220880895455067,82.55537592286669,76.4319007241954,50.887510767783795,165408196.0,0,0,0,0,0,0,0,0,0
2024-03-11,4014.07861328125,3840.7445458984375,3459.2690869140624,51.474713586212744,36.83095316321214,44.45074661946682,4062.6379081782725,3889.74766311079,3976.1927856445313,2840.6049979074837,0.0033466519597298294,0.19263101780694955,81.90853892878424,83.43118253627702,71.24822128925382,167712264.0,0,0,0,0,0,0,0,0,0
2024-03-12,4082.14208984375,3848.556103515625,3463.857009277344,62.913515064378444,42.82813530971862,44.12622435751718,4077.1842058071106,3882.168406497577,3979.676306152344,2842.3677588666474,0.01695618923289155,0.20138786709643344,82.9588146742859,86.11409414940682,81.99239246995974,171752065.0,0,0,0,0,0,0,0,0,0
2024-03-13,4040.028564453125,3855.6516845703127,3468.2422790527344,62.504010898497,43.67922886559609,44.03682525913296,4077.0960524418847,3882.2078293940526,3979.6519409179687,2843.5608506951894,-0.010316526094327316,0.20384408407571383,84.7915314068526,67.43939607865343,78.99489092144576,168914805.0,0,0,0,0,0,0,0,0,1
2024-03-14,4097.08935546875,3863.5445703125,3472.8826342773436,60.163614992993786,48.4001290389333,44.90948601509303,4095.5619650271274,3874.2095925900603,3984.885778808594,2844.844524536883,0.014123858310726822,0.20449786513586754,85.83829953087408,88.17904550555996,80.57751191120673,171834413.0,0,0,0,0,0,0,0,0,0
2024-03-15,4108.43359375,3872.206435546875,3477.6269580078124,64.67648614103287,52.4522250599789,46.41803382407021,4114.248768591653,3866.8230087520965,3990.535888671875,2846.3377418769733,0.0027688530312641735,0.20454208529970935,84.33595824936076,92.30228881818756,82.64024346746699,175207556.0,0,0,0,0,0,0,0,0,0
2024-03-18,4043.4365234375,3881.34521484375,3481.876494140625,62.9411437043131,49.844246532337365,47.103276365723644,4117.041695185299,3866.3865274709506,3991.714111328125,2846.977759421583,-0.015820401822090435,0.2126013951273444,89.03421932397009,65.49104809364313,81.99079413913022,173680652.0,0,0,0,0,0,0,0,0,0
2024-03-19,3872.83837890625,3887.5568017578125,3485.3140502929687,40.327272144430516,33.623964116081424,44.4074139157952,4121.6377251668755,3849.4727972940623,3985.5552612304687,2850.175864635043,-0.04219137447623811,0.2604478770624157,93.26994348525815,6.361880193050529,54.718405701627084,164749443.0,0,0,0,0,0,0,0,0,0
2024-03-20,3866.605712890625,3892.26228515625,3488.740349121094,38.59132071170087,20.035393832969476,39.53300989923006,4126.465907195521,3838.826524445104,3982.6462158203126,2850.820433237235,-0.0016093276831720127,0.25317293246286304,92.70657813996006,4.2016435954086315,25.351523960700764,162931530.0,0,0,0,0,0,0,1,0,0
2024-03-21,3868.601806640625,3898.1656982421873,3492.3047009277343,40.25991058551255,9.319987057506296,33.49040533088531,4128.301388017865,3835.1847447946348,3981.74306640625,2852.1782611477483,0.0005162392801896232,0.25089627317554597,91.79195196263062,8.133629815693125,6.232384534717428,166761112.0,0,0,0,0,0,0,0,0,0
2024-03-22,3808.181640625,3902.63533203125,3495.401466064453,36.67462292750818,-4.001327643120476,25.992058736084154,4139.027151604249,3807.3016814035623,3973.164416503906,2854.12341540981,-0.015618088662397667,0.2396211444797173,96.29546641253556,13.983703718876699,8.772992376659486,160908627.0,0,0,0,0,0,0,0,0,0
2024-03-26,3775.6591796875,3906.00470703125,3498.4238793945315,35.65172684483413,-16.987040287991476,17.39623893126903,4152.4384496870525,3776.888942891073,3964.6636962890625,2855.2245045777518,-0.008540154857782034,0.23961275794168166,98.60808805796007,5.628566037822641,9.248633190797488,157467702.0,0,0,0,1,0,0,0,0,0
2024-03-27,3740.02001953125,3908.2241259765624,3501.348200683594,37.339101154429514,-29.810457098711595,7.954899725272905,4168.133933257631,3745.599025726744,3956.8664794921874,2855.828916740189,-0.009439188883356708,0.23803247476598674,96.16680486123235,2.7036520282036536,7.438640594967665,155499127.0,0,0,1,0,0,0,0,0,1
2024-03-28,3774.49072265625,3908.271923828125,3504.7163635253905,35.74243810575585,-36.76777364302234,-0.9896349483861435,4171.115389120593,3720.4066811919065,3945.76103515625,2857.2013826292396,0.009216716206059239,0.21886488469293938,93.45077464613762,11.02631214837572,6.452843404800672,159810910.0,0,0,0,0,0,0,0,0,0
2024-04-01,3813.8779296875,3908.6994384765626,3508.0771276855467,35.36496125596692,-38.65765728472752,-8.52323941565442,4166.456333175159,3705.3767722935904,3935.916552734375,2857.7214121649704,0.010435105004982459,0.22282952045071286,91.41285714252925,20.536020610522012,11.421994929033795,161380586.0,0,0,0,0,0,0,0,0,0
2024-04-02,3781.7939453125,3909.3110400390624,3511.461904296875,32.32043151735702,-42.25719840959937,-15.27003121444341,4164.674321103583,3686.583784365167,3925.629052734375,2858.4065710208865,-0.00841243085554888,0.2235489230412023,90.00437882335584,12.7896135736323,14.783982110843342,159237920.0,0,0,0,0,0,0,1,0,0
2024-04-03,3843.626220703125,3910.7065771484376,3515.2860705566404,31.67232027182328,-39.663298992971704,-20.14868477014907,4158.374619183229,3678.564736285522,3918.469677734375,2859.759252422175,0.016349985293954372,0.23335873995859147,91.47191127708973,27.718494213720817,20.348042799291708,163211010.0,0,1,0,0,0,0,0,1,0
2024-04-04,3898.155517578125,3912.842958984375,3519.202528076172,39.30251874367663,-32.8291227877171,-22.684772373662675,4153.329521064119,3676.073164482756,3914.7013427734373,2860.9759463632868,0.014186940598252207,0.23994947606925818,90.37992316705095,40.88413237424458,27.130746720532567,166605647.0,0,0,0,0,0,0,0,0,0
2024-04-05,3874.736572265625,3913.547939453125,3523.0172412109373,32.338162965870396,-28.968768147130504,-23.941571528356242,4152.383157394327,3673.8207732697356,3913.1019653320313,2861.54836751123,-0.006007699078935169,0.2333916730972815,83.68901295675794,35.22982583161196,34.61081747319245,164968828.0,0,0,0,1,0,0,0,0,0
2024-04-08,3868.212890625,3915.7739013671876,3526.7640795898437,30.77163294866594,-26.134553010912896,-24.380167824867577,4147.757732500012,3669.5121649609255,3908.6349487304688,2862.3473299056573,-0.0016836452024429072,0.22803766692656802,84.4297404268473,33.65473800035298,36.58956540206984,162666290.0,0,0,1,0,0,0,1,0,1
2024-04-09,3842.895751953125,3917.813876953125,3530.4362805175783,32.85894046230351,-25.635785228317673,-24.631291305557596,4137.480155820017,3664.010347109671,3900.745251464844,2862.981324189532,-0.006544918645308706,0.22429808101009355,81.2233788304311,51.246795547966045,40.04378645997699,160789298.0,0,0,0,0,0,0,0,0,0
2024-04-10,3879.99462890625,3921.209287109375,3534.4940356445313,50.792545229587205,-21.993412476709636,-24.103715539788006,4124.780564824293,3663.3015396678943,3894.041052246094,2863.717178173188,0.009653885857889843,0.22735665074291056,73.31527743578879,76.38365700715615,53.76173018515838,162891263.0,0,0,0,0,0,0,0,0,0
2024-04-12,3896.304931640625,3925.1120166015626,3538.4617919921875,53.21733288900879,-17.587957681377702,-22.800563968105948,4097.890997884194,3671.6073907876807,3884.7491943359373,2865.2627396231264,0.004203692090927635,0.21786099942631235,74.01428407838921,84.62483861382526,70.75176372298249,167246084.0,0,0,0,0,0,0,0,0,0
2024-04-15,3837.685791015625,3927.851123046875,3542.0528540039063,47.01682687550826,-18.61212872997612,-21.96287692047998,4075.601252698439,3673.662858629686,3874.6320556640626,2866.6645879264374,-0.0150448031284649,0.22081337173896476,79.90886078006072,47.61501753734698,69.54117105277614,163045755.0,0,0,0,0,0,0,0,0,0
2024-04-16,3771.08251953125,3928.95826171875,3545.163514404297,46.46241393374691,-24.51551939951287,-22.47340541628656,4034.708803671409,3681.9546240629656,3858.3317138671873,2867.610779393956,-0.01735506112571783,0.21768233220518254,77.154575922661,18.483956191258518,50.24127078081025,159994335.0,0,0,0,0,0,0,0,0,0
2024-04-18,3760.566162109375,3929.111142578125,3548.3167895507813,48.49775979805863,-29.700215594204565,-23.91876745187016,3977.6083134811283,3704.268371089184,3840.938342285156,2868.6737850521185,-0.0027886839832882426,0.21626371913810122,77.90226544968411,13.8842924455234,26.66108872470963,156518051.0,0,0,0,0,0,0,1,0,0
2024-04-19,3725.706298828125,3926.382724609375,3551.402801513672,48.57311134204781,-36.204679306564685,-26.375949822809066,3933.5817401650324,3716.521921944343,3825.0518310546877,2869.5409655896683,-0.009269844427280738,0.21286882107011126,77.58928559063737,9.608831002861244,13.99235987988105,153560302.0,0,0,0,0,0,0,0,0,0
2024-04-22,3763.098388671875,3924.265830078125,3554.8047998046877,48.87091130908279,-37.90533539786884,-28.68182693782102,3929.014701980538,3710.1149611053997,3819.564831542969,2870.0691458812967,0.010036241948408797,0.16360903215404599,76.9980894693309,24.193211296670277,15.895444915018302,155289185.0,0,0,0,0,0,0,0,0,0
2024-04-23,3772.932373046875,3919.177080078125,3558.2187573242186,45.68938972966832,-38.021311241222975,-30.549723798501415,3923.871322577579,3705.8910065239834,3814.8811645507812,2870.62677666547,0.002613267940217323,0.16421794867383133,75.42621996016672,28.028850559618526,20.61029761971668,157096771.0,0,0,0,1,0,0,1,0,0
2024-04-24,3730.428955078125,3914.26263671875,3561.332733154297,44.70855304424633,-41.06947025855197,-32.65367309051153,3920.0967393198544,3695.848304625458,3807.972521972656,2871.0136043622297,-0.011265353779565834,0.16789299446481176,77.49892775609298,11.450852003419111,21.224304619902636,155779459.0,0,0,0,0,0,0,0,0,0
2024-04-25,3751.0234375,3908.77271484375,3564.130233154297,39.57459627435039,-41.34673618709576,-34.39228570982838,3920.0938246123837,3690.1353990204284,3805.114611816406,2871.8712223036987,0.005520674075253584,0.16139924013299864,72.81455712947088,19.48350716791761,19.654403243651746,158635730.0,0,0,0,0,0,0,0,0,0
2024-04-26,3720.98388671875,3902.6897900390627,3566.922261962891,28.889597389820523,-43.489096892155885,-36.21164794629388,3922.7809949844664,3681.980699351471,3802.3808471679686,2872.4615937120543,-0.008008361259739583,0.1610676135182437,71.48263212323397,7.766905226714074,12.900421466016928,156596552.0,0,0,0,0,0,0,0,0,1
2024-04-29,3768.551025390625,3897.811376953125,3569.775505371094,38.03622120018485,-40.8774527995929,-37.144808916953686,3921.7474466168733,3685.8673483050015,3803.8073974609374,2872.8008171206034,0.012783484185904692,0.16432266227869324,72.58152573171411,26.3199532852176,17.85678855994976,157707245.0,0,0,0,0,0,0,0,0,0
2024-04-30,3720.30224609375,3891.4071044921875,3572.3338671875,34.76732175884254,-42.21435845104361,-38.15871882377167,3924.2484041164435,3677.947543149182,3801.0979736328127,2873.4367111624642,-0.012803005444744886,0.16727073000733442,72.51893513112142,7.501038672042983,13.862632394658215,155504167.0,0,0,1,0,0,0,0,0,1
2024-05-02,3761.83203125,3886.7954931640625,3575.0856201171873,41.921370605727496,-39.46779900936235,-38.42053486088981,3922.70406361875,3674.2872938031255,3798.4956787109377,2874.1897784949774,0.011163013757781615,0.16793034064796145,72.67542791276557,29.792091936349895,21.204361297870154,157995211.0,0,0,0,0,0,0,0,1,0
2024-05-03,3742.454833984375,3881.7359619140625,3577.709803466797,35.791207322271234,-38.41192003767492,-38.41881189624683,3923.074686320666,3669.9827599683967,3796.5287231445313,2875.0641183585153,-0.005151000125645178,0.16631792314343186,74.33078205980925,22.837740851912493,20.043623820101786,155032977.0,0,0,0,0,0,0,0,0,0
2024-05-06,3818.0654296875,3877.6998291015625,3580.988934326172,42.79954649606194,-31.11530728254047,-36.958110973505555,3920.301344091935,3670.2000230955655,3795.25068359375,2875.7220525885978,0.020203475808584948,0.17195386461554393,76.32692886498005,49.973895839393094,34.20124287588516,157086808.0,0,0,0,0,0,0,0,0,0
2024-05-07,3874.4443359375,3875.268408203125,3584.547783203125,53.39692973847141,-20.54653488427175,-33.6757957556588,3915.402444877934,3672.7278041455033,3794.0651245117188,2876.4211832455835,0.014766354136213522,0.17261136043875155,71.41304971363002,95.68942361508687,56.16702010213081,159148920.0,0,0,0,0,0,0,0,0,0
2024-05-08,3872.496826171875,3874.2226123046876,3588.1572998046877,60.64382655343809,-12.187366007851779,-29.378109806097395,3914.9807014961316,3672.9255729179313,3793.9531372070314,2876.8428940462813,-0.0005026552446658616,0.17127633890514055,69.14217596987585,94.73679610771026,80.13337185406341,157901235.0,0,0,0,0,0,0,0,0,0
2024-05-09,3856.18701171875,3873.613056640625,3591.295537109375,59.91520270492637,-6.800340080901606,-24.86255586105824,3912.9368729797907,3673.766813543647,3793.351843261719,2877.416299047484,-0.004211705053674075,0.1718452315889367,67.81369781570022,86.75882436014932,92.39501469431548,156174749.0,0,0,0,1,0,0,1,0,0
2024-05-10,3791.628173828125,3869.85052734375,3593.2696704101563,56.43904021061568,-7.652231735325131,-21.42049103591162,3908.077765478126,3673.499163232812,3790.788464355469,2877.934534319034,-0.016741625262061688,0.18051053164949177,69.72290502453292,55.179765859696026,78.89179544251853,154502260.0,0,0,0,0,0,0,0,0,0
2024-05-13,3844.11279296875,3867.8193115234376,3595.61712890625,57.68660045799709,-4.0456560717575485,-17.945524043080805,3901.54010564466,3676.4486394725272,3788.9943725585936,2878.23942121619,0.01384223788157879,0.18424279490851847,71.0444027030406,80.85270100490085,74.26376374158205,155433586.0,0,0,0,0,0,0,0,1,0
2024-05-14,3798.736572265625,3865.874755859375,3597.7128173828123,52.29359709388874,-4.793642533066304,-15.315147741077906,3884.9226479740346,3683.3092612056525,3784.1159545898436,2878.569381971261,-0.01180408149992962,0.18766748352116275,72.47025061392989,58.65685029053181,64.89643905170955,154375269.0,0,0,0,0,0,0,0,0,0
2024-05-15,3778.482421875,3861.512412109375,3599.8367431640627,54.44710903005318,-6.940759107610575,-13.640270014384441,3878.7653274781155,3683.5462447875093,3781.1557861328124,2878.909119616577,-0.005331812302674432,0.1812206084043954,70.93313276101442,48.749500329459984,62.75301720829754,153260248.0,0,0,0,0,0,0,0,0,0
2024-05-16,3826.101318359375,3857.8190869140626,3602.187861328125,56.61709993979349,-4.74521756916829,-11.861259525341211,3883.403865862435,3684.409586286002,3783.9067260742186,2879.7420123734555,0.012602651320723801,0.1758573816461246,71.19950504234764,72.04235947842368,59.81623669947182,155859647.0,0,0,0,0,0,0,0,0,0
2024-05-17,3760.533935546875,3853.27888671875,3604.6714099121095,53.28036591741992,-8.201433880853983,-11.129294396443767,3883.403847118427,3684.40638237376,3783.9051147460937,2880.5653284668606,-0.017136865272719737,0.18675935080376,72.34045404348798,39.969969621198054,53.587276476360564,153093843.0,0,0,1,0,0,0,0,0,1
2024-05-21,3746.90087890625,3848.4806298828125,3606.9586462402344,48.09717804975288,-11.903369311417464,-11.284109379438506,3882.281191775865,3687.648495724135,3784.96484375,2881.1236482820423,-0.0036252981290122444,0.1840727228229608,70.6956797989434,33.30133822600981,48.43788910854385,151185726.0,0,0,0,0,0,0,0,0,0
2024-05-22,3758.474365234375,3844.1796728515624,3609.2824328613283,53.586119106870484,-13.74485406632266,-11.776258316815337,3882.2904002353976,3687.1768849208524,3784.733642578125,2881.512005337292,0.0030888157178856623,0.18084631643997745,67.36565803340906,38.96252751862453,37.41127845527746,152496894.0,0,0,0,0,0,0,1,0,0
2024-05-23,3818.744873046875,3842.420087890625,3611.9601391601564,55.16486856908891,-10.223072506731569,-11.465621154798583,3885.560746700258,3688.4877884559924,3787.024267578125,2882.1746455497114,0.016035897003847666,0.18948856497437824,66.46340638960224,65.20374821608759,45.8225379869073,154592636.0,0,0,0,0,0,0,0,0,0
2024-05-24,3775.63818359375,3838.781787109375,3614.38064453125,52.88706178128265,-10.786049959076536,-11.329706915654175,3884.368347554121,3694.2011104536914,3789.2847290039062,2882.569163772073,-0.011288182606116637,0.18950765473513914,63.2297107809156,26.445358255660732,43.53721133012428,153283184.0,0,0,0,0,0,0,0,0,0
2024-05-27,3773.235595703125,3834.232705078125,3616.9902014160157,45.5302708326335,-11.295870644250499,-11.32293966137344,3884.1062341149423,3696.684439713183,3790.3953369140627,2883.121911305466,-0.0006363395467989807,0.18867589306752217,61.20830729366675,24.803247621892794,38.81745136454703,151441646.0,0,0,0,0,0,0,1,0,0
2024-05-28,3766.22265625,3829.2755859375,3619.244688720703,38.03166528968016,-12.126011699901483,-11.483554069079048,3881.3640898992317,3703.950460882018,3792.657275390625,2883.657869282281,-0.0018586010004546516,0.18630517204655964,58.828966079164566,20.51524801136381,23.921284629639107,149639653.0,0,0,0,0,0,0,0,0,0
2024-05-29,3730.66796875,3822.246103515625,3621.1731469726565,35.40025885575703,-15.474490313873957,-12.281741318038032,3883.1776082264482,3698.3486368907393,3790.7631225585938,2884.104963490853,-0.009440410391296838,0.18382465525987893,59.07625067722006,2.51842880796285,15.94564148040648,148071558.0,0,0,0,0,0,0,0,0,0
2024-05-30,3664.41455078125,3814.7338232421876,3622.8255712890623,32.09967303132865,-23.206767694819973,-14.466746593394422,3892.0032778767118,3683.9341977092254,3787.9687377929686,2884.8709952658924,-0.01775913014069408,0.18901360948741167,60.60230734163406,8.998767530556526,10.677481449961057,145152328.0,0,0,0,0,0,0,0,0,0
2024-05-31,3600.51416015625,3804.8023193359377,3624.3556799316407,32.139178797817095,-34.09782224319815,-18.39296172335517,3913.331358306703,3646.47433016986,3779.9028442382814,2887.4982035902576,-0.017438089970300052,0.19246071824701447,61.17250634881153,6.307001249187587,5.941399195902316,134195528.0,0,0,0,0,0,0,0,0,0
2024-06-03,3631.802490234375,3795.269697265625,3625.8309912109376,29.339720048256723,-39.74618540457641,-22.66360645959942,3922.682993343856,3626.057460757706,3774.370227050781,2888.0356751455765,0.008689961679464009,0.19581076813552822,60.907245632203704,18.441448436656355,11.249072405466817,136352301.0,0,0,0,0,0,0,0,0,0
2024-06-04,3643.718994140625,3787.2753466796876,3627.169666748047,33.86420306516915,-42.76798887576115,-26.684482942831767,3923.3500527390324,3607.955757807843,3765.6529052734377,2888.8939257927627,0.0032811541757273854,0.17955583580816248,67.84270774052477,37.5951223340007,20.781190673281543,139748298.0,0,0,0,1,0,0,0,0,0
2024-06-05,3674.565673828125,3783.309892578125,3628.7277380371092,39.41667292418916,-42.18741043650925,-29.78506844156727,3909.616306231895,3601.7016381040426,3755.658972167969,2889.6288601450938,0.008465713118136708,0.17289474989683445,70.1351018351446,47.16897875498979,34.401849841882274,142547968.0,0,0,0,0,1,0,0,0,0
2024-06-06,3756.905029296875,3781.11587890625,3630.7367517089842,43.41822687736168,-34.68339144601032,-30.76473304245588,3893.7148027018375,3606.0439619465997,3749.8793823242186,2890.8811973281695,0.02240791505107853,0.1943549560147207,72.40497602772474,72.72457096266717,52.49622401721922,146876004.0,0,0,0,0,0,0,0,0,0
2024-06-07,3819.235595703125,3780.1285546875,3633.1562536621095,55.61814502750167,-23.436683048441864,-29.29912304365308,3886.9840453811485,3609.079577665727,3748.0318115234377,2892.2890991558843,0.016590934804097346,0.20420239049466035,72.02666045102112,93.49303399888488,71.12886123884728,151428449.0,0,0,0,0,0,0,0,0,0
2024-06-10,3784.662109375,3779.6581640625,3635.3704296875,53.474727741478645,-17.116073577394673,-26.862513150401398,3886.2098844770567,3609.157132124506,3747.6835083007813,2892.8044749470428,-0.009052462321785582,0.1977650351994912,74.07936480165442,82.59664695638418,82.93808397264542,149693788.0,0,0,0,0,0,0,0,0,1
2024-06-11,3778.188720703125,3779.7087548828126,3637.5471484375,51.83127172579955,-12.485369828007151,-23.98708448592255,3876.228562614124,3612.5460467608764,3744.3873046875,2893.222831573355,-0.0017104271094213752,0.1908940343131296,75.14775003728515,80.55645500767957,85.54871198764954,148273890.0,0,0,0,0,0,0,0,0,0
2024-06-12,3758.130859375,3780.0709716796873,3639.5821557617187,43.91495072893142,-10.3150994769926,-21.252687484136562,3871.9049442116357,3612.8090938743017,3742.3570190429687,2893.848972014405,-0.005308856388833938,0.18728443132604164,74.20547306954252,74.2348992871544,79.12933375040605,146096889.0,0,0,1,0,0,0,0,0,1
2024-06-13,3803.73876953125,3780.6559326171873,3641.9549389648437,52.806925472836475,-4.858956374964237,-17.973941262302095,3875.12804209895,3612.111630752612,3743.619836425781,2894.43326778163,0.012135796187745074,0.19148825709560358,74.85002803579398,88.6089614382956,81.13343857770987,148029212.0,0,0,0,0,0,0,0,0,0
2024-06-14,3758.523193359375,3779.548837890625,3644.434250488281,48.64619203036599,-4.135768210448532,-15.206306651931383,3866.1807769649204,3614.301083386642,3740.240930175781,2894.9672638406296,-0.011887140235302462,0.1905227063554856,74.42967948954391,74.35854961570685,79.06747011371895,146168482.0,0,0,1,0,0,0,0,0,1
2024-06-18,3741.898681640625,3778.7509326171876,3646.6630444335938,47.80065668381297,-4.8482084099964595,-13.1346870035444,3864.8920964515687,3613.7262385093686,3739.3091674804687,2895.4659792835096,-0.004423149961698347,0.18120012697794668,74.91657951519609,69.11906892345372,77.36219332581872,144394437.0,0,0,0,0,0,0,0,0,0
2024-06-19,3728.755615234375,3776.4535205078123,3648.9206018066407,49.81978346406874,-6.399587557035829,-11.787667114242687,3864.0160780575693,3612.7877305361803,3738.401904296875,2895.8831579302255,-0.0035124057395609087,0.18117215291988972,74.35613238436122,64.9768213893574,69.48481330950598,142885387.0,0,0,0,0,0,0,0,0,0
2024-06-20,3714.5830078125,3772.7820703125,3651.0292907714843,55.2423700033063,-8.672704146836168,-11.164674520761384,3861.8785755793288,3610.5360972722337,3736.2073364257812,2896.65557593751,-0.003800894690971668,0.18117358854787513,70.27176525700699,60.51009754194078,64.86866261825064,140038861.0,0,0,0,0,0,0,0,0,0
2024-06-21,3737.632080078125,3770.03998046875,3653.304097900391,65.6656452276035,-8.516129281224494,-10.634965472854006,3851.693459881009,3612.6099336736784,3732.1516967773437,2897.9475448338767,0.00620502280259938,0.1724030083062023,69.88644454005885,67.7743812185485,64.42043338328223,144681056.0,0,0,0,0,0,0,1,0,0
2024-06-24,3743.566162109375,3767.5470458984373,3655.639822998047,63.554187259210835,-7.823032694207086,-10.072578917124622,3848.483307268636,3612.612884137614,3730.548095703125,2898.4236179206323,0.0015876581493612374,0.16823674317354015,68.84255083424185,69.64460205600709,65.97636027216545,146383210.0,0,0,0,0,0,0,0,0,0
2024-06-25,3764.800537109375,3765.9851416015626,3658.109578857422,64.35967905198032,-5.496946676524203,-9.157452469004538,3847.4776746373605,3612.7750109095145,3730.1263427734375,2898.8070894715756,0.005672231791953974,0.16959074498325905,61.92431902488397,64.39535618351974,67.27144648602511,147722018.0,0,0,0,0,0,0,0,0,0
2024-06-26,3781.866943359375,3764.022587890625,3660.6617602539063,63.155396183041596,-2.2504486236216508,-7.776051699927961,3849.475216501386,3612.341897756426,3730.908557128906,2899.285571393777,0.0045331501846586075,0.17020709507692303,58.05011419437054,65.90791082125781,66.64928968692821,149361863.0,0,0,0,0,0,0,0,0,0
2024-06-27,3858.664306640625,3763.269775390625,3663.5262231445313,62.64780851347907,6.4450355100470915,-4.931834257932951,3868.9203003106713,3605.6964477362035,3737.3083740234374,2900.718357942646,0.020306733269952693,0.18017835076348204,59.8365944446759,95.15276332279045,75.15201010918933,153888419.0,0,0,0,0,0,0,0,0,0
2024-06-28,3829.23974609375,3763.1008544921874,3666.4090173339846,51.35420239967164,10.837030665050406,-1.7780612733362795,3878.5771903908108,3612.5220771873146,3745.5496337890627,2901.5544164917383,-0.007625581861639641,0.16886139415288096,58.263786641618026,68.96350869335124,76.6747276124665,151156848.0,0,0,0,0,0,0,1,0,0
2024-07-01,3901.869140625,3765.7165869140626,3669.5464318847658,64.38369544244664,19.94835143952514,2.567221269236004,3892.7395987747377,3628.4951668502626,3760.6173828125,2902.4303307363416,0.018967053344032703,0.16184883629031835,62.025900501308016,89.3976939453781,84.5046553205066,153815571.0,0,1,0,0,0,0,0,1,0
2024-07-02,3940.31689453125,3769.3116015625,3672.685681152344,68.44862293109071,29.926576273136106,8.039092270016024,3916.6110568846766,3635.4751491700113,3776.043103027344,2903.218471734909,0.009853675897519176,0.1623407959204501,62.463759299242284,97.53441331491015,85.29853865121316,156123020.0,0,0,0,0,0,0,0,0,0
2024-07-03,3889.16748046875,3772.5808251953126,3675.5166137695314,63.92536758906407,33.32293504920608,13.095860825854036,3922.974643049085,3653.656411638415,3788.31552734375,2903.8090443747565,-0.012981040721239956,0.17336304835716676,62.817555805376614,75.26920057048684,87.40043594359172,154301822.0,0,0,1,0,0,0,0,0,1
2024-07-04,3943.799072265625,3776.1948388671876,3678.6180419921875,64.60422592793796,39.96222705357923,18.469134071399075,3942.2604911044027,3661.2939034268475,3801.777197265625,2904.669616466081,0.01404711729984176,0.17666049193147104,64.48145265996143,90.12341008195567,87.64234132245089,156819823.0,0,0,0,0,0,0,0,0,0
2024-07-05,3934.82470703125,3779.432685546875,3681.551779785156,69.88608606524647,43.99263778413706,23.573834813946675,3961.3553130077835,3659.991049296904,3810.6731811523437,2905.2341933864814,-0.002275563503598921,0.16300691522561522,62.92266141695135,86.70032012279684,84.03097692507978,155151207.0,0,0,0,1,0,0,0,0,0
2024-07-08,3916.581298828125,3783.155732421875,3684.4589794921876,69.63178400921912,45.19371177296716,27.897810205750773,3973.500256820522,3657.5806757966657,3815.5404663085938,2905.8181091847337,-0.00463639667874538,0.15568893344300078,63.36052425145009,79.74174134758141,85.52182385077798,153392325.0,0,0,1,0,0,0,0,0,1
2024-07-09,3909.02880859375,3786.31583984375,3687.1406787109377,70.51791123823983,45.01721824953029,31.32169181450668,3984.3249961504553,3659.1926063886076,3821.7588012695314,2906.247938787455,-0.001928337409116132,0.15139770668342223,62.726478239276275,76.86099682551665,81.10101943196496,152086524.0,0,0,0,1,0,0,0,0,0
2024-07-10,3834.14404296875,3788.57904296875,3688.962734375,61.95564817355589,38.39220961863839,32.735795375333026,3985.886819740606,3663.2263150250187,3824.5565673828123,2907.0600421725835,-0.019156872279981862,0.16827556313056893,67.72863352918057,46.02607235198995,67.542936841696,149416808.0,0,0,0,0,0,0,0,0,0
2024-07-11,3848.414794921875,3790.176318359375,3690.918885498047,61.27580733176219,33.90256529589624,32.96914935944567,3987.6032910791414,3670.538237241171,3829.070764160156,2908.56121685465,0.003722017689788082,0.1669838191514881,67.29776810419877,51.708523973737954,58.19853105041485,154288997.0,0,0,0,1,0,0,1,0,0
2024-07-12,4103.67138671875,3797.843701171875,3694.189110107422,74.3129289197708,50.36103287531205,36.44752606261895,4043.880720084284,3644.254069954779,3844.0673950195314,2913.822287636701,0.06632772333525372,0.28381235560528895,82.04849986522709,96.06928013983571,64.60129215518788,167798161.0,0,0,0,0,1,0,0,0,0
2024-07-15,4089.20458984375,3804.39115234375,3697.2016845703124,72.1045226170779,61.527882277984645,41.46359730569209,4083.9503341271734,3637.2525955603264,3860.60146484375,2915.6762316551344,-0.0035253302498393646,0.2791374112474584,84.02415060741562,83.2188132793506,76.99887246430808,162950131.0,0,0,0,0,0,0,0,0,0
2024-07-16,4098.27734375,3811.5076025390626,3700.221589355469,71.79729454721593,70.2994183634496,47.23076151724359,4118.157794997572,3638.6830009008654,3878.4203979492186,2916.4565958413436,0.0022187087260892024,0.27735302800278305,85.50586307366981,85.41133372018615,88.23314237979082,164979652.0,0,0,0,0,0,0,0,0,0
2024-07-18,4232.74609375,3819.8012158203123,3703.9143225097655,73.87329247669211,87.09742334934344,55.20409388366356,4180.234197957331,3627.0056457926685,3903.619921875,2918.8545904729103,0.03281104198696294,0.2926367023135069,88.38525560652943,97.8570982275734,88.82908174237004,170593016.0,0,0,0,0,0,0,0,0,0
2024-07-19,4229.64892578125,3826.9053076171876,3707.6921008300783,76.44200601688985,99.01862270717356,63.96699964836557,4226.993157593124,3631.7532779537505,3929.3732177734373,2920.513017093669,-0.0007317159829934861,0.29140175262210966,89.19238038951065,88.351387952032,90.53993996659717,166689662.0,0,0,0,0,0,0,1,0,0
2024-07-22,4214.853515625,3833.75244140625,3711.3069982910156,72.37802080867706,106.04991572198787,72.38358286309003,4262.423741742442,3644.0448373591203,3953.2342895507813,2921.3081361720483,-0.0034980232203355444,0.2936338310737913,84.80519536375702,84.87853080436882,90.36233899465806,164793276.0,0,0,0,0,0,0,0,0,0
2024-07-23,4229.60009765625,3841.220703125,3715.1240197753905,71.40901137642368,111.5265829956661,80.21218288960524,4293.662857693369,3661.4091149628807,3977.535986328125,2922.3097453354912,0.003498717565529219,0.2933152209976633,88.337666835169,87.50857215524036,86.9128303038804,167158484.0,0,1,0,0,0,0,0,1,0
2024-07-24,4233.4345703125,3850.0568310546873,3718.9187890625,77.39689139304448,114.85234482658825,87.14021527700184,4320.158693458834,3681.7766825177287,4000.9676879882813,2923.0773593302306,0.0009065804255052878,0.29393334224067175,88.3422072897066,88.32949573651752,86.9055328987089,168968277.0,0,0,0,0,0,0,0,0,0
2024-07-25,4249.40966796875,3858.1627685546873,3722.7759912109377,75.91504175908624,117.42350681682274,93.19687358496603,4344.45409389367,3704.2355545438304,4024.34482421875,2924.2820812395858,0.003773554873926166,0.29399740733144775,87.42158281358626,91.74960993601381,89.19589260925723,171778619.0,0,0,0,0,0,0,0,0,0
2024-07-26,4313.65478515625,3868.4611328125,3727.2090197753905,79.37076385397675,123.22475696296851,99.20245026056654,4381.956971773294,3712.2317245157683,4047.094348144531,2925.875369513361,0.015118598160061447,0.2912133467481148,91.72541552481916,93.54327628243604,91.20746065165578,175330829.0,0,0,0,0,0,0,0,0,0
2024-07-29,4307.01904296875,3879.031865234375,3731.648353271484,80.82553362423462,125.83627827660985,104.5292158637752,4408.565491945595,3733.401134030968,4070.9833129882813,2926.653791174018,-0.0015383109029342146,0.2882936558868861,92.21157674829328,90.83441675919916,92.042434325883,173584026.0,0,0,0,0,0,0,0,0,0
2024-07-30,4291.53515625,3888.3405419921874,3736.081730957031,79.82580580804677,125.21312847609715,108.6659983862396,4431.90929230494,3749.0239352341223,4090.4666137695312,2927.4450929707086,-0.003595035583607964,0.2859995059779488,94.94486007095068,87.94142777773726,90.77304027312415,171786120.0,0,0,0,0,0,0,0,0,0
2024-07-31,4311.19677734375,3899.353798828125,3740.4976245117186,90.70341207349081,124.86642386521271,111.90608348203423,4456.352093300096,3761.6691225202153,4109.010607910156,2928.4840201737743,0.004581488995870409,0.2854050476036673,92.69320846672466,91.61497914213845,90.13027455969161,174116211.0,0,0,0,0,0,0,0,1,0
2024-08-01,4322.748046875,3910.8707421875,3744.7212744140625,90.66006853451903,124.09327880373439,114.34352254637427,4474.360867511946,3787.0184049489917,4130.689636230469,2929.472701793593,0.0026793649484881943,0.2778832905733563,90.58979212482986,92.77027611122338,90.77556101036636,176318455.0,0,0,0,1,0,0,1,0,0
2024-08-02,4210.62646484375,3919.9137841796874,3748.2290393066405,62.14967163649272,113.12919816556678,114.10065767021278,4477.726129255803,3810.3358824629468,4144.031005859375,2930.6313690131988,-0.025937570456437964,0.29704300584338306,80.22450755426118,49.96679889988776,78.11735138441654,173507173.0,0,0,0,0,0,1,0,0,0
2024-08-05,4084.790771484375,3925.2347021484375,3751.0255041503906,49.59985338950452,93.21170989713119,109.92286811559647,4471.9046504431535,3831.15396772091,4151.529309082031,2931.6655263752464,-0.02988526633982591,0.31941508209453173,86.5297636038222,13.900080189192593,52.2123850667679,170719402.0,0,0,0,0,0,0,0,0,0
2024-08-06,4100.66845703125,3931.7353076171876,3753.947142333984,50.214130796005115,77.81119446096181,103.50053338466955,4462.738742439782,3858.728591544594,4160.733666992188,2932.4927056229494,0.0038870254157730155,0.31847651571523006,90.2982127012561,18.939321034317956,27.602066707799437,172922469.0,0,0,0,1,0,0,0,0,0
2024-08-07,4129.42333984375,3938.8590625,3757.104606933594,38.58605244250548,67.15236311041917,96.2308993298195,4450.256866066734,3893.24992104264,4171.753393554687,2932.9683213002536,0.007012242787683753,0.3184139646165309,83.91737842108422,28.065511343211096,20.30163752224055,174160135.0,0,0,0,0,0,0,0,0,0
2024-08-08,4101.99462890625,3945.574501953125,3760.4512341308596,36.61758066481093,55.848112454889815,88.15434195483357,4417.175362807103,3953.116482896022,4185.145922851562,2933.8838793089412,-0.006642261807562222,0.3098831419595426,83.81204742561246,19.3602198775673,22.121684085032115,171718852.0,0,0,0,0,0,0,1,0,0
2024-08-09,4157.2451171875,3954.106044921875,3763.937001953125,44.43292586828936,50.76250644857737,80.67597485358233,4371.252197341737,4029.92268058795,4200.587438964843,2934.3948623282627,0.013469176164177865,0.3118761844805562,85.64835692076034,36.89555375466333,28.10709499181391,173021388.0,0,0,0,0,0,0,0,0,0
2024-08-12,4124.70458984375,3963.311845703125,3767.4868090820314,40.20028592725186,43.60374165326448,73.26152821351876,4370.033404342555,4033.244793899633,4201.639099121094,2934.7523740952074,-0.007827425717385816,0.2098641597571276,82.64638556072762,26.56788011303376,27.607884581754792,172084476.0,0,0,1,0,0,0,0,0,1
2024-08-13,4125.982421875,3973.8212109375,3771.125369873047,39.91325089586349,37.600049378480435,66.1292324465111,4367.447713946103,4039.5082674992104,4203.477990722657,2935.3232378192247,0.00030979964829391804,0.20936854155961987,81.2419697422479,26.97343691450045,30.14562359406585,173580069.0,0,0,0,0,0,0,0,0,0
2024-08-14,4222.62060546875,3985.6375732421875,3775.3430505371093,47.81600181522158,40.176840169207935,60.93875399105047,4366.125756801529,4053.2645508156593,4209.695153808594,2936.6527466412917,0.02342186022931081,0.22460924562259957,84.70037707993778,57.64434801968954,37.061888349074586,176806614.0,0,0,0,0,0,0,0,0,0
2024-08-16,4341.3779296875,3999.590751953125,3780.264295654297,52.07565917908058,51.21135636549934,58.993274465940246,4382.114925595309,4048.138565615628,4215.126745605468,2938.2054637407255,0.028124081065901585,0.21643601229904708,86.9333919221837,95.33540551633489,59.98439681684162,180263672.0,0,0,0,0,0,0,0,0,0
2024-08-19,4414.07763671875,4014.3809912109373,3785.360085449219,57.29401823704162,65.0724342156227,60.20910641587675,4413.598149019585,4035.098213285101,4224.348181152343,2939.1746649708493,0.016745767866489958,0.22299175296899582,90.01607699252746,98.89250934530929,83.95742096044457,182318882.0,0,0,0,0,0,0,0,0,0
2024-08-20,4446.81396484375,4028.179169921875,3791.0295251464845,60.3363218788313,77.80213182081116,63.727711496863634,4449.603311021729,4022.2890962048327,4235.946203613281,2940.2396492423954,0.007416346249255135,0.22263838041629133,90.31798389132658,90.82504042109623,95.01765176091347,184531180.0,0,0,0,0,0,0,0,0,0
2024-08-21,4474.53759765625,4041.2852099609377,3796.9349731445313,60.757517386156294,89.10047949287309,68.80226509606553,4486.926719727974,4009.4594374985886,4248.193078613282,2941.168431445108,0.00623449351191252,0.22296772189405842,90.20915584923026,97.02976661732232,95.58243879457594,186428170.0,0,0,0,0,0,0,0,0,0
2024-08-22,4425.87451171875,4054.1094580078125,3802.856251220703,56.475306499619215,93.05511563417167,73.65283520368676,4509.220196721814,4006.4099546453735,4257.815075683594,2942.034888046527,-0.010875556384416063,0.22823390446275946,90.8762534387066,86.13865699443521,91.33115467761792,184598298.0,0,0,1,0,0,0,0,0,1
2024-08-23,4388.41845703125,4066.314052734375,3808.5212744140626,62.31860474085521,92.10507274263364,77.34328271147615,4522.7912016870505,4006.7398285863874,4264.765515136719,2942.8689875757896,-0.008462972591817608,0.23131517712986396,85.46925449714169,77.75575258581738,86.97472539919163,182789045.0,0,0,0,0,0,0,0,0,0
2024-08-26,4426.3173828125,4079.677783203125,3814.2417260742186,76.94688303387707,93.33438281594226,80.54150273236937,4537.671879172726,4003.125410866337,4270.398645019532,2943.7404564331273,0.008636123959538722,0.22744408430462246,79.54968729896557,84.55573365944849,82.8167144132337,184633209.0,0,0,0,0,0,0,0,0,0
2024-08-27,4421.1064453125,4092.02513671875,3819.9837255859375,75.7158229093112,92.8181904766152,82.99684028121854,4551.4161015270365,4000.7899287464006,4276.103015136719,2944.1783288226347,-0.0011772625072558052,0.22738608364308682,73.93199810410955,83.24695273461312,81.852812993293,183702512.0,0,0,0,0,0,0,0,0,0
2024-08-28,4429.85595703125,4105.451791992187,3825.954542236328,74.9102030108307,92.05397586950312,84.80826739887546,4566.784094293049,3999.2540160585136,4283.019055175781,2945.052176652799,0.0019790321330142024,0.2266197402645228,76.14049264960964,85.44448322487972,84.41572320631377,185550570.0,0,0,0,1,0,0,0,0,0
2024-08-29,4435.5087890625,4119.323994140625,3831.8105712890624,78.6891250164859,90.85712224113013,86.0180383673264,4580.933418500629,3997.5358930228076,4289.234655761718,2946.0636198546745,0.0012760758106089565,0.22636288415424488,77.825791885173,86.07335535037919,84.92159710329067,187684211.0,0,0,0,0,0,0,0,0,0
2024-08-30,4476.7490234375,4134.283862304687,3837.917491455078,78.16277272109066,92.17382687284862,87.24919606843085,4600.257174832855,3993.6122343468332,4296.934704589844,2947.8323209625296,0.00929774606166811,0.22802578995338157,79.46541026116873,90.59254854365868,87.3701290396392,191321433.0,0,0,0,0,0,0,0,0,0
2024-09-02,4444.6015625,4148.884233398438,3843.721107177734,78.21697233125997,89.59054926595763,87.71746670793621,4615.961724188811,4001.305194756501,4308.633459472656,2948.410547278796,-0.0071809835148666235,0.2064049654731377,81.10507124807698,82.60222490131804,86.42270959845196,190104933.0,0,0,0,0,0,0,0,0,1
2024-09-03,4436.04931640625,4162.852578125,3849.5295654296874,77.00336193486879,85.86340844093138,87.34665505453525,4619.490121020127,4032.902652417372,4326.19638671875,2949.221374680532,-0.0019241873480644323,0.16798849078444522,81.73705827798578,80.22770810564899,84.47416051687523,188387670.0,0,0,0,0,0,0,1,0,0
2024-09-04,4403.50927734375,4176.051440429687,3855.1214025878908,67.73319879219329,79.36899688994617,85.75112342161745,4616.304292456911,4066.3725630118383,4341.338427734375,2949.805268623247,-0.007335364587168658,0.17290457185324556,78.75964442498116,57.70173602278208,73.51055634324969,187122165.0,0,0,0,1,0,0,0,0,0
2024-09-05,4400.26513671875,4188.760732421875,3860.8626599121094,57.463237978778835,73.11750087404653,83.22439891210327,4612.000667961159,4097.760367195092,4354.880517578125,2950.5819970881707,-0.0007367171091682279,0.17307885312706914,72.65745547414255,42.39730121840086,60.108915115610635,185433372.0,0,0,1,0,0,0,1,0,1
2024-09-06,4381.3896484375,4200.751186523437,3866.5775451660156,45.202691566282326,65.88062030497622,79.75564319067787,4596.827436485499,4140.873100623876,4368.850268554687,2951.32983776135,-0.0042896252145672165,0.17149190053108287,70.90546754357638,12.889623695540513,37.662886978907814,183784193.0,0,0,0,0,0,0,1,0,0
2024-09-09,4374.3115234375,4211.064130859375,3872.266267089844,38.492871059088294,58.895286579295316,75.58357186840136,4584.782132073893,4174.625045660481,4379.703588867187,2951.864023027698,-0.0016154977228569622,0.168016315865,69.83462994760846,11.77736991334638,22.354764942429245,182599255.0,0,0,0,1,0,0,1,0,0
2024-09-10,4431.62548828125,4223.111845703125,3877.8881799316405,43.77405113150124,57.32332958426923,71.93152341157494,4562.213665704078,4227.885601874047,4395.049633789063,2952.5133046877677,0.013102396694122609,0.1672105139463132,72.08519140408946,47.82067476488321,24.162556124590026,183984846.0,0,1,0,0,0,0,0,1,0
2024-09-11,4403.607421875,4233.146611328125,3882.9155883789062,46.56348764971583,53.20342260038069,68.18590324933609,4518.047338833892,4299.814428744232,4408.930883789062,2953.122331806478,-0.0063223001312586735,0.1705893027603635,73.09286604523835,30.200820483571942,29.93295505393384,182658927.0,0,0,0,0,0,0,0,0,0
2024-09-12,4441.30908203125,4243.166455078125,3888.10916015625,58.15650366711345,52.376808279595934,65.02408425538806,4485.561576904713,4354.169038329663,4419.865307617188,2954.412975431597,0.008561539788711992,0.1547821312451638,76.62499113528604,53.910442285612454,43.977312511355855,185401143.0,0,0,0,1,0,0,0,0,0
2024-09-13,4446.12646484375,4254.305634765625,3893.243511962891,53.40196122825819,51.516581918956945,62.322583788101845,4480.318609562926,4369.886859187074,4425.102734375,2955.1008732481264,0.0010846763248228974,0.12183116076864774,73.37724557086644,56.93997265872231,47.0170784759689,186859929.0,0,0,0,0,0,0,1,0,0
2024-09-16,4436.93408203125,4264.1683349609375,3898.377564697266,52.681527366221445,49.52223634744314,59.76251429997011,4481.446764293449,4371.044348987802,4426.245556640625,2955.6417705302983,-0.0020675036765566146,0.10749290030474787,75.37147404184914,51.1591152895589,54.00317674463122,185704809.0,0,0,0,0,0,0,0,0,0
2024-09-17,4429.46240234375,4274.061088867187,3903.377353515625,49.9330337855353,46.79932749044474,57.16987693806504,4479.757363433607,4370.998593597643,4425.377978515625,2956.4327883447345,-0.0016839735613289886,0.10428570899059154,72.88563092909388,46.46036465411119,51.519817534130794,184005445.0,0,0,0,0,0,0,1,0,0
2024-09-18,4272.65966796875,4281.18265625,3907.6995043945312,31.70216524697949,31.624188435925134,52.060739237637065,4498.527273555302,4332.040890507199,4415.28408203125,2957.6628661000823,-0.03539994702111737,0.16011868887735903,79.11067773492648,9.271866565134836,35.6304488362683,181043666.0,0,0,0,0,0,0,0,0,0
2024-09-19,4223.5048828125,4287.472177734375,3912.0243408203123,22.042563284315847,15.45326542136263,44.73924447438218,4524.403724265635,4285.92747690624,4405.165600585938,2958.831106289542,-0.011504493448133313,0.1605825956933378,81.6351280302467,4.686513318671342,20.13958151263912,178116115.0,0,0,0,0,0,0,0,0,0
2024-09-20,4212.44482421875,4295.038193359375,3916.23048828125,23.1189780782543,1.725349377729799,36.136465455051706,4543.512899459959,4249.220938430665,4396.366918945312,2960.9804033177816,-0.0026186920343714837,0.15893353007327138,83.54514635692074,17.478641255454736,10.4790070464203,172668207.0,0,0,0,0,0,0,0,0,0
2024-09-23,4196.32275390625,4301.996352539062,3920.144239501953,22.72068596117687,-10.335893580276206,26.841993647986126,4556.1302810304605,4213.6040939695395,4384.8671875,2961.641855742876,-0.003827247830003322,0.1539547175700241,83.29234493801108,12.738995927794738,11.6347168339736,170965888.0,0,0,0,0,0,0,0,0,0
2024-09-24,4199.07470703125,4303.9044189453125,3924.1987744140624,25.044881805285684,-19.44826837124674,17.583941244139552,4562.981785260578,4184.549415911296,4373.765600585937,2962.8130783386264,0.0006558011112081097,0.15431948004040216,81.56143508290805,13.608743513296359,14.608793565515272,173977914.0,0,0,0,0,0,0,0,0,0
2024-09-25,4202.466796875,4306.169663085938,3928.153448486328,25.863677692204107,-26.095366600326088,8.848079675246424,4564.321085453464,4160.471199702787,4362.396142578125,2963.8690465652608,0.000807818407724481,0.15392133748114448,81.89498347971274,14.68080463403443,13.67618135837517,176690987.0,0,0,0,0,0,0,0,0,0
2024-09-26,4219.9169921875,4308.6024560546875,3932.191485595703,30.227538522984645,-29.61378562552636,1.1557066150918676,4560.021952307488,4143.211153161261,4351.616552734375,2965.4304536074196,0.004152369585757709,0.15521174965084772,80.33956605768675,20.195893209381655,16.16181378557081,180655238.0,0,0,0,0,0,0,0,0,0
2024-09-27,4235.8427734375,4308.6643896484375,3936.216131591797,33.40398935360861,-30.76246999711657,-5.22792870734982,4545.355742692804,4133.786737775947,4339.571240234375,2966.6294203708053,0.0037739560468805777,0.15084739086684926,82.14771560904981,25.22919470844498,20.035297517287017,183667715.0,0,0,0,0,0,0,0,0,0
2024-09-30,4196.32275390625,4307.997866210938,3939.6910119628906,20.54156091215407,-34.46446107709835,-11.075235181299526,4536.193249267701,4118.121350341675,4327.157299804688,2967.5930897834533,-0.00932990709170689,0.15187989122123852,78.57698731913953,12.738995927794738,19.38802794854045,181164299.0,0,0,0,0,0,0,0,0,0
2024-10-01,4215.39453125,4308.008686523437,3943.2087927246093,25.896999787396354,-35.45072870405511,-15.950333885850643,4524.251623074289,4107.997498019461,4316.124560546875,2968.3049086779715,0.004544878566834942,0.15410879693227855,76.80038142463594,18.904597171691893,18.9575959359772,182987664.0,0,1,0,0,0,0,0,1,0
2024-10-03,4161.17724609375,4306.640229492187,3946.3981689453126,15.581557747824064,-40.144474194002214,-20.78916194748096,4518.823176077655,4089.1927418910955,4304.007958984375,2969.553871934631,-0.01286173447214034,0.15761605527334321,75.15718302037216,6.750736155138372,12.798109751541661,179637545.0,0,0,0,0,0,0,0,0,0
2024-10-04,4180.34765625,4305.5784912109375,3949.604705810547,18.45753909523208,-41.83515974552574,-24.998361507089918,4509.588185307671,4076.4359846142047,4293.0120849609375,2970.675001572577,0.004606967937798467,0.15966233899758528,77.40075019170801,12.572588128219287,12.742640485016514,182603008.0,0,0,0,0,0,0,0,1,0
2024-10-07,4200.59912109375,4304.602280273438,3952.770661621094,22.66933791692172,-41.06751550638637,-28.212192306949213,4500.108498186573,4067.8366190009274,4283.97255859375,2971.2402797366494,0.004844445129694508,0.16159354781150553,78.54187183283095,19.290980438724162,12.871434907360603,184075627.0,0,0,0,1,0,0,1,0,0
2024-10-08,4181.33056640625,4301.955795898438,3956.221828613281,22.06723993500711,-41.535171641602574,-30.876788173879888,4490.708743882086,4057.93827760229,4274.323510742188,2971.8223149236123,-0.004587096776443422,0.1618304907248113,78.93861247889852,16.820149405283892,16.227905990742443,182533760.0,0,0,0,0,0,0,0,0,0
2024-10-09,4181.0361328125,4299.436137695313,3959.3135302734377,34.07383014009292,-41.4517211893035,-32.99177477696461,4468.63803442856,4054.9500515089394,4261.79404296875,2972.2305126041992,-7.041624408166136e-05,0.1517473242351854,69.36402123576265,22.451477157898314,19.520869000635454,181451256.0,0,0,0,0,0,0,1,0,0
2024-10-10,4155.91748046875,4296.723784179688,3961.338505859375,37.18064839974586,-42.917722632281766,-34.97696434802805,4450.070229121944,4048.748862674931,4249.4095458984375,2973.1079665937937,-0.006007757777221845,0.15165627531811682,66.19352652799027,16.053436362871494,18.441687642017897,179072381.0,0,0,0,0,0,0,0,0,0
2024-10-11,4079.040283203125,4292.080654296875,3962.9878393554686,29.752333155223283,-49.70986231811548,-37.923543942045534,4424.275892781744,4038.3163191323188,4231.296105957032,2975.0891587018746,-0.018498249213782292,0.1550394542579204,68.04031999052093,13.8392378262752,17.448050449014996,173313198.0,0,0,0,1,0,0,0,0,0
2024-10-14,4066.7021484375,4286.959736328125,3964.7843518066406,30.098046712758673,-55.4490837932417,-41.428651912284764,4390.406266119935,4034.2435141535025,4212.324890136719,2975.814498648534,-0.0030247641378859935,0.15386363102517228,67.11339216648354,9.11305264361111,13.001908944252596,171175608.0,0,0,0,1,0,0,1,0,0
2024-10-15,4047.18798828125,4283.690966796875,3966.6588903808592,27.82093843047332,-60.87041158487045,-45.3170038468019,4351.690343908843,4033.9848269895947,4192.837585449219,2976.7327114130844,-0.00479852210562004,0.15361859409122874,68.79519403663234,7.703131514999132,10.21847399496181,168416134.0,0,0,0,0,0,1,1,0,0
2024-10-16,4025.707275390625,4282.509296875,3968.3898376464845,25.484033284505045,-66.13777186206698,-49.48115744985492,4305.356685368708,4039.9429728344167,4172.649829101562,2977.5007423690718,-0.00530756489513784,0.1532627326777902,68.7952002876106,8.928581376955831,8.581588511855353,166056983.0,0,0,0,0,0,0,0,0,0
2024-10-17,4039.52001953125,4281.286328125,3970.012552490234,24.724499625095092,-68.4090429527887,-53.26673455044168,4297.611135213279,4024.3745581460953,4160.992846679687,2978.3315664825354,0.0034311347536526426,0.1043515814694116,67.40486007428879,13.449283033028477,10.026998641661143,168579642.0,0,0,0,0,0,0,1,0,0
2024-10-18,4063.220458984375,4279.962270507813,3971.891964111328,26.32950107428681,-67.51830527030961,-56.117048694415274,4292.921301667422,4013.03594930914,4152.978625488281,2979.1253124488803,0.005867142467058661,0.10330414572253968,66.05744830001971,28.463999328317996,16.947287912767433,170940642.0,0,1,0,0,0,0,0,1,0
2024-10-21,4020.647705078125,4278.33533203125,3973.482491455078,26.110900479598,-69.44711161108444,-58.78306127774911,4292.180189690281,3994.5973493722186,4143.38876953125,2979.639992608381,-0.010477588980463914,0.10769027745983634,67.56515010179662,9.7934935886897,17.235591983345387,169345192.0,0,0,1,0,0,0,0,0,1
2024-10-22,3957.231201171875,4274.335053710937,3974.8108264160155,18.67204206462209,-75.22573100323189,-62.07159522284567,4299.490640376449,3963.3777434126137,4131.434191894531,2980.2234399932063,-0.01577270841863465,0.11780234922491803,69.73172255376691,3.2539889798338573,13.837160632280513,167417143.0,0,0,0,0,0,0,0,0,0
2024-10-23,4007.244873046875,4271.985859375,3976.420803222656,31.12786752957699,-74.90617144860971,-64.63851046799849,4295.449588416797,3948.235811973827,4121.842700195312,2980.848224453146,0.012638551889560867,0.1296828628222886,72.59595176254889,24.31683604733456,12.4547728719527,169383619.0,0,1,0,0,0,0,0,1,0
2024-10-24,3989.1611328125,4269.24943359375,3977.854383544922,26.49788117789703,-75.24475026127948,-66.75975842665468,4290.057622906023,3932.297211078351,4111.177416992187,2981.6824908429326,-0.004512761462621917,0.1293646880690714,72.68251800848063,18.08727602473008,15.219367017299495,166706875.0,0,0,0,0,0,0,0,0,0
2024-10-25,3998.671142578125,4264.770444335937,3979.471037597656,24.504153147026898,-73.89389527267986,-68.18658579585973,4278.042956476991,3922.1872925464468,4100.115124511719,2982.235350936289,0.0023839623041048696,0.12829383667989575,72.09228586055224,21.562055375393435,21.322055815819354,168466551.0,0,0,0,1,0,0,0,0,0
2024-10-28,4031.488037109375,4258.572646484375,3981.6959899902345,31.70644470369004,-69.37556550108275,-68.42438173690434,4258.218276802535,3921.5764985880896,4089.8973876953123,2982.7318873052186,0.008206950099450161,0.1321485724602173,72.63669202153424,33.06874480934262,24.239358736488708,169999085.0,0,0,0,0,0,0,0,0,0
2024-10-29,4016.1142578125,4250.61337890625,3983.9652661132814,30.580492410086464,-66.27135715669147,-67.99377682086177,4244.446361211539,3917.3275645697113,4080.886962890625,2983.1930581030806,-0.003813425503278456,0.129761015293317,72.30005172498409,27.788374489519505,27.47305822475185,168553200.0,0,0,0,0,0,0,0,0,1
2024-10-30,4025.3779296875,4242.184658203125,3985.935498046875,34.03281292927363,-62.34507357881648,-66.86403617245271,4223.738989230162,3919.033276394838,4071.3861328125,2983.8151204023566,0.002306625578936128,0.12846374103383765,68.91642863530774,37.84730700702693,32.90147543529634,170488202.0,0,0,0,0,0,0,0,0,0
2024-10-31,3910.864013671875,4230.911186523437,3987.622662353516,31.163522012578625,-67.69345355091536,-67.02991964814525,4220.9790683667725,3896.761874016039,4058.870471191406,2984.8834969463105,-0.02844799122365016,0.1547320608191097,68.5972143390007,4.229156367275264,23.288279287940558,166747830.0,0,0,0,0,0,0,0,0,0
2024-11-01,3926.385498046875,4220.92140625,3989.3310900878905,34.39519879839635,-69.87416328203608,-67.59876837492342,4208.001974650528,3884.3427519119723,4046.17236328125,2984.9284278162977,0.003968812088770868,0.15432918502417517,67.71065840049138,12.111965078753233,18.062809484351803,166902725.0,0,0,0,0,0,0,0,0,0
2024-11-04,3906.62646484375,4211.28556640625,3990.828270263672,34.37647554302697,-72.36262895900882,-68.5515404917405,4187.5447992411055,3875.4026616963947,4031.47373046875,2985.572363609324,-0.005032372193956469,0.15155706499178043,67.98392792755264,21.854852578702797,12.731991341577093,164633533.0,0,0,0,1,0,0,1,0,0
2024-11-05,3913.72216796875,4201.033662109375,3992.2516357421873,37.14157884438454,-72.92159721493954,-69.42555183638031,4165.726564795416,3870.460056298333,4018.093310546875,2985.8487793370355,0.001816324951682713,0.15269147329470836,67.66156245453567,24.94639030107635,19.637735986177454,165601123.0,0,1,0,0,0,0,0,1,0
2024-11-06,4079.57958984375,4194.203125,3993.7890295410157,53.40933080008443,-59.29772846571177,-67.3999871622466,4142.995802568451,3883.0451642284243,4013.0204833984376,2987.123829983851,0.04237843535047903,0.22272646776708477,77.62480819980829,95.70918649236489,47.50347645738134,169393140.0,0,0,0,0,0,0,0,0,0
2024-11-07,4090.66650390625,4187.4193359375,3995.2798510742186,52.3870879518722,-47.06357344106709,-63.33270441801071,4127.312840264153,3892.203028876472,4009.7579345703125,2988.385916839353,0.0027176609300874066,0.22234767808488987,81.46820536910685,81.23399501802251,67.29652393715457,173117489.0,0,0,0,0,0,0,0,0,0
2024-11-08,4086.823486328125,4180.445629882813,3996.957899169922,56.17132053545978,-37.24863773350535,-58.11589108110964,4128.71487842533,3891.5793110277946,4010.1470947265625,2988.9415304461368,-0.0009394600059563496,0.21220892693025778,80.21170017896945,79.90102367644239,85.61473506227658,171469450.0,0,0,0,0,0,0,0,0,0
2024-11-11,4137.77294921875,4173.666108398437,3998.777517089844,67.23750587987388,-25.070042772106717,-51.50672141930906,4143.16458912465,3884.2366804066005,4013.700634765625,2989.4372483434363,0.01246676374966249,0.21619381119300338,82.54871351611625,88.91149064148539,83.34883644531675,172875937.0,0,1,0,0,0,0,0,1,0
2024-11-12,4136.4912109375,4167.503901367188,4000.503291015625,63.606115482339824,-15.344956978380196,-44.27436853112329,4158.2197088215535,3878.1118829753214,4018.1657958984374,2989.99567606834,-0.0003097652522214833,0.21519453280116024,77.99082621726104,88.50637827617756,85.7729641980351,171288297.0,0,0,0,0,0,0,0,0,0
2024-11-13,4090.124267578125,4160.585400390625,4001.756474609375,60.03131077864095,-11.249503966625525,-37.66939561822373,4165.08617726805,3877.687113747574,4021.3866455078123,2990.366230510282,-0.011209244984438427,0.21854730646546108,77.381932548975,73.85141917010165,83.7564293625882,170189484.0,0,0,0,0,0,0,0,0,0
2024-11-14,4085.73876953125,4154.229990234375,4003.400594482422,58.73970301149695,-8.262456534184821,-31.78800780141595,4170.086363318332,3877.308802697294,4023.6975830078127,2990.9788197209136,-0.0010722163337769652,0.21843558334845298,76.27324004251912,72.46531756666839,78.27437167098252,168364052.0,0,0,0,0,0,0,0,0,0
2024-11-18,3961.17333984375,4145.448154296875,4004.5019763183595,44.03975360118009,-15.76486155182647,-28.583378551498058,4166.291571862013,3870.89888223955,4018.5952270507814,2991.96284240387,-0.030487859531408867,0.2436062748545342,86.11405588596124,33.09456879955162,59.80376851210721,165050108.0,0,0,1,0,0,0,0,0,1
2024-11-19,3980.9326171875,4137.439013671875,4005.855518798828,47.03982587017665,-19.886919010570637,-26.844086643312572,4165.254506486013,3867.9644388264865,4016.60947265625,2992.5001810169583,0.004988238496154596,0.24194028522373834,91.36881798381349,39.339781023137185,48.29988912978572,166826341.0,0,0,0,0,0,0,0,0,0
2024-11-21,4013.749267578125,4130.227768554688,4007.4184228515624,49.05886895138903,-20.271967199103074,-25.529662754470674,4165.453097285924,3873.417654667202,4019.4353759765627,2993.2444837289695,0.00824345788947567,0.23664402386401698,92.88224756319907,49.71196936743873,40.715439730042505,169210688.0,0,0,0,0,0,0,0,0,0
2024-11-22,4183.0068359375,4125.255395507813,4009.8298046875,70.23227887549828,-6.840595315876726,-21.791849266751885,4191.310781523512,3865.1361667186757,4028.2234741210937,2994.369545400536,0.042169442353210185,0.276135498685624,98.2531734732315,96.97099841479131,62.0075829351224,172307241.0,0,0,0,0,0,0,0,0,0
2024-11-25,4252.48388671875,4122.232924804687,4012.513596191406,72.44305723160305,9.302843632915028,-15.572910686818505,4231.479842044404,3851.299381588408,4041.389611816406,2995.9244650639025,0.016609356261230834,0.2793923570328592,101.9839563496796,96.86633681822326,81.18310153348442,176359408.0,0,0,0,0,0,0,0,0,0
2024-11-26,4289.53857421875,4119.197514648437,4015.196678466797,75.74035135630149,24.800751286436935,-7.498178292167418,4274.618410449533,3837.247556347342,4055.9329833984375,2996.7369973340237,0.008713657355817084,0.28000567896937134,100.43182482099253,96.73327828379097,96.8568711722685,178420077.0,0,0,0,0,0,0,0,0,0
2024-11-27,4269.6806640625,4115.668598632812,4017.234445800781,73.52481615867472,35.07625019013358,1.0167074042927817,4305.999785421665,3829.685444070522,4067.8426147460937,2997.341606408433,-0.004629381415428013,0.28094894605100756,101.02665173586499,88.84742665396982,94.14901391866134,176861084.0,0,0,0,0,0,0,0,0,1
2024-11-28,4183.30224609375,4110.595961914062,4018.806241455078,57.65955053181708,35.83653934862741,7.980673793159708,4318.416357089601,3833.987671230711,4076.202014160156,2998.265338597824,-0.020230650665701733,0.29207022098362123,95.9936662968736,65.77986459358559,83.78685651044879,174302540.0,0,0,0,0,0,0,0,0,0
2024-11-29,4208.8759765625,4106.184233398438,4019.713771972656,58.54648987171068,38.063883548958074,13.997315744319382,4333.319061156215,3837.4347718515974,4085.376916503906,2999.0083887929577,0.006113287772268938,0.29240086026261586,94.74776411488008,72.48190110733178,75.70306411829571,176319965.0,0,0,0,0,0,0,0,0,0
2024-12-02,4214.59130859375,4105.0228662109375,4020.9059729003907,59.21261234173927,39.83110126340307,19.164072848136122,4340.579421533805,3860.5471409661945,4100.56328125,2999.6260381980564,0.0013579236031369124,0.2689036599101462,95.17365610492296,73.97970229861386,70.74715599984374,177990909.0,0,0,0,0,0,0,0,0,0
2024-12-03,4240.31298828125,4105.359028320312,4021.979940185547,57.672718557133436,42.81362974678996,23.893984227866888,4349.272579768325,3883.246731755113,4116.259655761719,3000.3842382800995,0.006103006864521365,0.26901952485071384,91.15426196000051,80.72051145319375,75.72737161971311,180001814.0,0,0,0,0,0,0,0,0,0
2024-12-04,4291.21337890625,4106.934399414063,4023.3103564453127,60.777067403478775,48.72289399591864,28.859766181477237,4358.939800884592,3912.038202045095,4135.489001464844,3001.6785075781595,0.012003923004191286,0.2682385565995936,94.2691459727009,91.79576941358381,82.16532772179714,183304456.0,0,0,0,0,0,0,0,0,0
2024-12-05,4399.2724609375,4110.993393554688,4025.2443603515626,69.82932577495556,61.41751048994047,35.371315043169886,4387.2386495453575,3932.2943826812043,4159.766516113281,3003.2664547261234,0.025181474909269586,0.2774103578922771,99.07343586171714,94.99795784016067,89.17141290231274,187051203.0,0,0,0,0,0,0,0,0,0
2024-12-06,4380.99169921875,4114.631733398437,4026.9467395019533,68.60639293011349,69.20522606193845,42.1380972469236,4419.248397090846,3930.4258460732176,4174.837121582032,3004.035639859154,-0.0041554056678849705,0.2436111636317836,99.68586090968834,91.27904622137149,92.6909244917053,185209116.0,0,0,0,0,0,0,0,0,0
2024-12-09,4387.544921875,4118.333295898437,4028.9224011230467,81.56410606760548,75.0408132768298,48.718640452904836,4448.2207536735405,3931.1413312873974,4189.681042480469,3004.9016697600546,0.001495830877154658,0.24371387868424713,87.79312281804063,92.24038153768394,92.83912853307203,187275755.0,0,0,0,0,0,0,0,1,0
2024-12-10,4368.2294921875,4121.299545898438,4030.7863916015626,78.6902762163953,77.2168565809261,54.41828367850909,4469.2572633265145,3938.24542222036,4203.7513427734375,3005.7632716644866,-0.004402332063017544,0.24488042715912156,85.23436369722451,86.96253422604624,90.16065399503388,185187927.0,0,0,0,1,0,0,0,0,0
2024-12-11,4363.2041015625,4123.846772460937,4032.5030517578125,76.99866191893726,77.64088377409644,59.06280369762656,4487.776768394858,3942.2690323863926,4215.022900390625,3006.434860357118,-0.0011504410732054993,0.24299161313345238,83.3478528158416,84.91373865709559,88.03888480694191,183552671.0,0,0,0,0,0,1,1,0,0
2024-12-12,4390.3046875,4127.726411132812,4034.4744982910156,70.52398411243507,79.25017251847112,63.10027746179548,4508.580693587995,3946.8464548495062,4227.71357421875,3007.2360365490595,0.006211166222500397,0.24299910965538596,73.35568434713039,86.96973291833113,86.2820019338243,185467313.0,0,0,0,0,0,0,0,0,0
2024-12-13,4408.97900390625,4131.598100585938,4036.895460205078,67.2271409896971,81.09756446719985,66.69973486287635,4527.818248032982,3959.49437403733,4243.656311035156,3008.069276954861,0.004253535400269515,0.23705479364031512,74.5523438485515,92.98244876703144,88.28864011415271,187434361.0,0,0,0,0,0,0,0,0,0
2024-12-16,4351.13134765625,4135.397182617187,4039.21779296875,56.48339651812074,77.0061347037572,68.76101483105252,4534.753718150959,3979.0981617318525,4256.925939941406,3008.7370916820064,-0.013120419988107979,0.24413550359620922,76.05872707516976,73.3669074541168,84.43969637982644,185788137.0,0,0,0,0,0,0,0,0,0
2024-12-17,4265.689453125,4137.104018554687,4040.6474670410157,49.63084532536554,66.10715814923697,68.2302434946894,4512.596508350402,4031.706982860536,4272.151745605469,3009.960299676768,-0.01963670772137771,0.2266511996558947,80.39488571937851,44.39444563494967,70.24793395203262,182563110.0,0,0,0,0,0,0,0,0,0
2024-12-18,4284.7587890625,4138.787211914063,4042.3428930664063,60.71847514895153,58.335916614080816,66.25137811856769,4484.880439509264,4089.805668889173,4287.343054199218,3010.5660242830577,0.004470399485722032,0.2266228247973825,77.96281928302265,50.86066001838684,56.20733770248443,184138514.0,0,0,0,0,0,0,0,0,0
2024-12-19,4209.91064453125,4139.358813476562,4043.9126245117186,50.099001204460144,45.61174813687467,62.12345212222908,4452.455979124256,4141.846266969494,4297.151123046875,3011.6559278856193,-0.01746846163716642,0.23799909751544882,77.88888714745248,15.801584838321242,37.01889683055257,181122751.0,0,0,0,1,0,0,1,0,0
2024-12-20,4109.78466796875,4137.933784179688,4044.4785498046876,41.50625780543899,27.135620878956615,55.12588587357459,4462.933244042461,4124.046785254414,4293.490014648438,3013.016562162129,-0.023783397087671077,0.20503643886706097,89.95054154239564,5.19854608183203,23.95359697951336,177005762.0,0,0,0,0,0,0,0,0,0
2024-12-23,4097.958984375,4136.774614257813,4044.9145068359376,38.19751385129582,11.407425380186396,46.382193774896955,4475.907356239765,4095.6201828227345,4285.76376953125,3013.7329194459758,-0.0028774460340752483,0.19448352009059086,92.94574508332964,11.421039969111398,10.807056963088215,174810424.0,0,0,0,0,0,0,0,0,0
2024-12-24,4118.8515625,4137.57083984375,4045.571044921875,34.96127815737027,0.6214103483271174,37.23003708958299,4481.459941354847,4072.998896535778,4277.229418945312,3014.1256111621365,0.005098288734626477,0.19230809507977428,90.25675546263385,17.000049771334353,11.206545274092585,175992310.0,0,0,0,0,0,0,0,0,0
2024-12-26,4108.6025390625,4138.40884765625,4046.1799890136717,19.41926124408205,-8.65383874399322,28.05326192286775,4486.91690331537,4051.434122075254,4269.175512695312,3014.523122766227,-0.002488320659771337,0.19206368853175235,84.7802440058055,14.263221320631823,14.228103687025849,174783846.0,0,0,0,0,0,0,0,0,0
2024-12-27,4104.4140625,4139.553369140625,4046.8344482421876,20.012684617836186,-16.15627603505436,19.21135433128333,4492.185626169324,4038.2765808619274,4265.231103515625,3014.8041306070645,-0.0010194406790819954,0.1793670889877685,83.47448459611853,13.144759460216088,14.802676850727414,173925746.0,0,0,0,1,0,0,0,0,0
2024-12-30,4098.45166015625,4141.008256835938,4047.7930859375,18.615496993875382,-22.325770099231704,10.903929445180324,4497.548618478331,4021.871156912293,4259.709887695312,3015.3011500771972,-0.0014526805173545876,0.1774490037353139,85.82907891768319,12.222475952653198,13.210152244500359,172398577.0,0,0,0,1,0,0,0,0,0
2024-12-31,4035.380859375,4140.925473632812,4048.182224121094,17.000402768257217,-31.936283515547984,2.335886853034663,4508.421740384558,3993.0769900841915,4250.749365234375,3015.7774491414216,-0.015388933678150418,0.18399716406537975,89.00022693251029,13.557331177731795,12.974855530200351,170843148.0,0,0,0,0,0,1,0,0,0
2025-01-01,4052.774658203125,4140.716557617187,4048.442648925781,19.9598367956378,-37.714402285454526,-5.674170974663175,4513.866982426131,3968.8779150348073,4241.372448730469,3016.014963407922,0.004310323965510232,0.1830438988002982,89.48594230131633,17.370649743330894,14.383485624571952,171606309.0,0,0,0,0,0,0,0,0,0
2025-01-02,4115.15625,4142.606728515625,4048.948037109375,25.075855553334193,-36.83531534035501,-11.906399847801541,4509.6216077760055,3955.5175767943074,4232.569592285156,3016.5823309146026,0.015392316883597212,0.18688509775539763,91.39003464706886,31.046838855395652,20.658273258819438,173327144.0,0,0,0,0,0,0,0,0,0
2025-01-03,4040.406494140625,4144.270234375,4048.739359130859,19.692109528736694,-41.689739821262265,-17.863067842493685,4492.701335835713,3936.5512520549123,4214.626293945313,3017.132365903186,-0.018164500037969433,0.16527502556104925,90.48550742569068,15.3176883015348,21.24505896675377,171535191.0,0,0,1,0,0,0,0,0,1
2025-01-06,4035.57763671875,4144.836889648437,4048.7171044921874,21.573188305073117,-45.403175094132166,-23.37108929282138,4474.830157596158,3919.8810240444677,4197.3555908203125,3017.768771684878,-0.0011951414861048892,0.16561783511175063,90.85506591014239,15.702089911635737,20.68887235618872,169449598.0,0,0,0,0,0,0,1,0,0
2025-01-07,3969.845703125,4144.450581054687,4048.080886230469,22.36749451808393,-53.03871965335611,-29.304615364928328,4456.537455637794,3896.403804127831,4176.470629882812,3018.5295341882716,-0.016288110280835877,0.16970568705363573,91.8299859098756,4.521531639088135,11.847103284086211,166780544.0,0,0,0,0,0,0,0,0,0
2025-01-08,4048.783447265625,4145.452827148438,4047.782635498047,30.176361887455727,-52.11952603294503,-33.86759749853167,4430.783963788259,3890.2126914851783,4160.498327636718,3019.201877788998,0.019884335574676504,0.19124645291177436,94.3535491440391,26.14391973736778,15.455847096030539,168961821.0,0,0,0,0,0,0,0,0,0
2025-01-09,3980.242919921875,4144.427924804688,4047.466667480469,30.499587694943187,-56.27302579328716,-38.348683157482775,4405.358825898919,3877.3417112104553,4141.350268554687,3019.889285233348,-0.016928672090387842,0.19656109464907903,95.089143518534,7.369505813818627,12.678319063424837,166569349.0,0,0,0,0,0,0,0,0,0
2025-01-10,4203.75146484375,4148.180668945312,4049.1212329101563,56.59636720613802,-41.05616275370994,-38.89017907672821,4370.990988289525,3893.054226554226,4132.022607421875,3022.67679510558,0.056154498461179925,0.2902893389563929,97.10585739014434,89.01730764139519,40.843577730860524,174463649.0,0,0,0,0,0,0,0,0,0
2025-01-13,4228.83203125,4152.249750976563,4050.932364501953,59.01930063303492,-26.66551361902748,-36.445245985188066,4329.386174686356,3916.6443428917696,4123.0152587890625,3024.1154471247623,0.0059662343542430385,0.2908427977572653,96.64480273899919,89.7719630977717,62.05292551766183,178467420.0,0,0,0,0,0,0,0,0,0
2025-01-14,4171.62451171875,4157.4649609375,4052.4474780273435,53.4635576398623,-19.650470828033576,-33.08629095375717,4292.343212809807,3935.7366211745684,4114.0399169921875,3025.2908007066603,-0.013527971579031961,0.2910543564262362,99.11907642910091,71.1303776654729,83.30654946821325,175025711.0,0,0,1,0,0,0,0,0,1
2025-01-15,4187.9345703125,4162.695942382812,4054.3462426757815,55.165568304078995,-12.629330396523073,-28.994898842310356,4277.592881642681,3942.711464060444,4110.152172851563,3025.8626329589893,0.003909761904009379,0.28398878490963486,98.5699977487941,76.44515714153641,79.115832634927,176679185.0,0,0,0,0,0,0,0,0,0
2025-01-16,4145.26220703125,4167.468657226563,4056.1942578125,52.53282097829859,-10.388576070663476,-25.273634287980983,4250.393716064457,3955.960971435542,4103.17734375,3026.740230407369,-0.010189357680930988,0.28516610252502317,103.38831438756857,62.53998327237441,70.03850602646123,174041480.0,0,0,1,0,0,0,0,0,1
2025-01-17,4074.13818359375,4170.676977539062,4057.8648486328125,48.60513975494563,-14.18832225971164,-23.056571882327116,4235.161312860795,3957.6161285454546,4096.388720703125,3027.288308776469,-0.01715790699967268,0.2849375342988233,104.03446313292469,39.363579714539384,59.44957337615006,172280014.0,0,0,0,0,0,0,0,0,0
2025-01-20,4028.2041015625,4169.649467773437,4059.133415527344,49.58001250418616,-20.667898356077785,-22.57883717707725,4234.1855647655375,3950.433820000088,4092.3096923828125,3027.6710772743895,-0.011274551809809297,0.27525041304069875,100.5947808109212,24.395545416670252,42.099702801194674,170992215.0,0,0,0,0,0,0,0,0,0
2025-01-21,3986.764404296875,4167.57142578125,4059.9978479003908,46.242787900347956,-28.814688545576246,-23.826007450777052,4236.206034471736,3937.2938922860762,4086.749963378906,3028.2322726263546,-0.01028738768463866,0.27721976984096014,102.89258812770875,10.892046869704528,24.88372400030471,169020624.0,0,0,0,0,0,0,0,0,0
2025-01-22,4106.0458984375,4167.955874023438,4061.6191076660157,49.51299625024339,-25.35379598714917,-24.131565158051476,4235.095675863789,3937.1236844877735,4086.1096801757812,3029.002371741607,0.029919373718714226,0.2979625192425421,105.81762313208833,49.76099594728262,28.349529411219123,171429847.0,0,0,0,0,0,0,0,0,0
2025-01-23,4095.031494140625,4167.101044921875,4062.876134033203,53.133562382461996,-23.231980268620646,-23.95164818016531,4234.109083842502,3936.7531720168736,4085.4311279296876,3029.5784035687116,-0.002682484455681866,0.29798489665581135,103.26748720348766,46.171853114863296,35.60829864395014,169606849.0,0,0,0,0,0,0,0,0,0
2025-01-24,4101.84716796875,4166.4081640625,4063.8945922851562,53.792904931447126,-20.761136647944568,-23.313545873721164,4233.916159626469,3936.6894067797803,4085.302783203125,3030.1851467937868,0.001664376412703339,0.29801552189801694,102.62877381501617,48.392801811586125,48.108550291244,171516948.0,0,0,0,0,0,0,0,0,0
2025-01-27,4015.707763671875,4164.919833984375,4064.5994482421875,52.5649746890164,-25.460215787644756,-23.742879856505883,4232.813685529689,3929.5174912281236,4081.1655883789062,3030.637985049382,-0.021000149632471987,0.30732728176055135,101.69782221196598,18.704865175486013,37.75650670064513,169965166.0,0,0,0,0,0,0,0,0,0
2025-01-28,3991.16015625,4163.02826171875,4065.2141845703127,46.56847336792218,-30.809899286446125,-25.156283742493933,4234.648857873525,3923.260248571787,4078.954553222656,3031.339487056599,-0.006112896870620221,0.3032414200960282,99.27813519976598,8.274170512016903,25.12394583302967,167496894.0,0,0,0,0,0,0,0,0,0
2025-01-29,4049.936279296875,4164.803520507812,4066.2493872070313,54.19914611988213,-29.96144321725069,-26.117315637445287,4234.612555821183,3923.0127127335045,4078.812634277344,3031.7061751241094,0.014726575919243423,0.30760121219411085,96.12887083747637,25.143001845144624,17.374012510882505,168713983.0,0,0,0,0,0,0,0,0,0
2025-01-30,4050.18310546875,4166.188530273437,4067.1003295898436,37.34166414445511,-28.935567648275082,-26.68096603961125,4230.881912381108,3920.246041720455,4075.5639770507814,3032.1672517039156,6.094569268566552e-05,0.30228700255819063,82.99514079790985,25.230867279422366,19.549346545527953,170245234.0,0,0,0,1,0,0,0,0,0
2025-01-31,4062.383056640625,4167.161206054688,4067.930720214844,35.98228167805931,-26.82885344635588,-26.710543520960176,4231.242663270569,3922.0829470809927,4076.662805175781,3032.6217740788916,0.00301219743754344,0.295255729490987,79.31735584226938,30.54352479880944,26.97246464112547,171738177.0,0,0,0,1,0,0,0,0,0
2025-02-01,4023.610595703125,4163.97328125,4068.8603442382814,37.13535877721348,-27.965511813696594,-26.961537179507463,4231.404700981881,3920.7242052681186,4076.064453125,3032.749785530535,-0.009544265126381957,0.29734623205402444,78.27838357704107,17.55441963041416,24.44293723621531,171301005.0,0,0,1,0,0,0,0,0,1
2025-02-03,4019.1650390625,4159.306904296875,4070.1007568359373,35.02248533838073,-28.891992126236346,-27.34762816885324,4228.2345600709,3928.8262797728494,4078.530419921875,3033.1185595831075,-0.001104867515105079,0.29112404886055887,80.35400931986136,24.535978111197814,24.211307513473795,170035292.0,0,0,0,0,0,0,0,0,0
2025-02-04,4057.097900390625,4154.658090820312,4071.5834155273437,42.10944918811369,-26.262630303604055,-27.130628595803405,4228.348340475763,3929.5439446804876,4078.946142578125,3033.8883657151296,0.009437995444191438,0.28431105830168224,76.88902816344664,56.241696132400314,32.77736462467075,172582424.0,0,0,0,0,0,0,0,0,0
2025-02-05,4041.34228515625,4150.091323242187,4073.1615954589843,46.74192490604038,-25.160157950681878,-26.7365344667791,4225.278461903941,3938.723759775747,4082.001110839844,3034.3917940808487,-0.0038834693224578665,0.2775459730446075,75.31909206614013,47.962656884623655,42.913443709407254,170888512.0,0,0,0,0,0,0,0,0,1
2025-02-06,4033.09375,4147.087153320313,4074.511572265625,50.52507283065326,-24.667674917971453,-26.322762557017576,4206.151048536978,3940.7854016583346,4073.468225097656,3035.064403530562,-0.0020410384902428413,0.18551020399686505,76.04234736260501,43.62833256409398,49.277561860372636,168603976.0,0,0,0,0,0,0,0,0,0
2025-02-07,3980.392333984375,4142.51748046875,4075.5488720703124,49.33189712546818,-28.204814846091722,-26.699173014832404,4178.081161118977,3944.0113193497727,4061.046240234375,3035.495870820196,-0.013067242985766225,0.18695955101560557,76.1129067175618,15.935533195978866,35.842174214898826,167055036.0,0,0,0,0,0,0,0,0,0
2025-02-10,3987.850830078125,4137.982670898437,4076.8359814453124,33.811331101844814,-30.05967618576051,-27.371273649018026,4160.923394304295,3942.791718000393,4051.857556152344,3035.87162562068,0.0018738092800727468,0.18336856944256896,69.78721746799462,19.85471889396565,26.472861551346156,168394547.0,0,0,0,1,0,0,1,0,0
2025-02-11,3915.34375,4131.483286132812,4077.6575830078127,28.93696494669284,-36.95439529075611,-29.287897977365645,4143.765959141422,3932.6900711320154,4038.2280151367186,3036.3404889630942,-0.018181994053349415,0.190264578089202,72.16506306058825,3.8341090633982726,13.208120384447588,166583639.0,0,0,0,0,0,0,0,0,0
2025-02-12,3902.1064453125,4123.701147460937,4078.563195800781,26.933612714709582,-42.99107535901976,-32.02853345369647,4135.637078579936,3916.503375521626,4026.0702270507813,3036.7679596180756,-0.003380879312959384,0.18851771513196394,72.70132491376658,4.625342748254021,9.438056901872638,164905637.0,0,0,0,0,0,0,1,0,0
2025-02-13,3862.593017578125,4112.96755859375,4079.0334057617188,30.1841055267046,-50.38280952967216,-35.69938866889161,4144.619551066959,3886.366386433041,4015.49296875,3037.3209691502047,-0.010126178844208966,0.18306288309619873,70.36578790406631,3.188660657986939,3.8827041565464016,162628327.0,0,0,0,0,0,0,0,0,0
2025-02-14,3886.99267578125,4103.087578125,4079.8668579101563,36.51362703052616,-53.6534796981141,-39.29020687473611,4149.5211502643415,3867.343644657533,4008.4323974609374,3037.740997261828,0.006316911487201926,0.18265585672069004,68.55240377178224,13.940039500050844,7.251347635430592,164310302.0,0,0,0,0,0,0,0,0,0
2025-02-17,3857.011474609375,4092.4769091796875,4080.3427551269533,23.00998967151031,-57.996197676295196,-43.031405035047925,4158.332039871477,3845.557462081648,4001.9447509765623,3038.1741399582966,-0.007713212674332892,0.18127781564743434,69.33563914419535,16.439755107614996,11.189485088550917,162510496.0,0,0,0,0,0,0,0,0,0
2025-02-18,3826.09228515625,4081.6341650390623,4080.7609423828126,21.12773081118759,-63.204174764563504,-47.06595898095104,4154.862752878324,3821.031387746676,3987.9470703125,3038.671417599551,-0.008016359208850021,0.13887221028358507,68.52420114488811,5.7863026852574535,12.055365764307757,160360617.0,0,0,0,0,0,0,0,0,0
2025-02-19,3738.076171875,4069.1316064453126,4080.36099609375,15.044768955559462,-73.58545160812582,-52.369857506386,4163.10137733515,3777.0972310632883,3970.0993041992188,3039.5668372043083,-0.0230041793876008,0.15509560920312263,73.01179567454717,4.177083112939423,8.801046968603949,155993945.0,0,0,0,0,0,0,0,0,0
2025-02-20,3733.43310546875,4055.9941748046876,4079.6559399414064,16.239550757117414,-81.25073703525459,-58.14603341215972,4161.341736933148,3742.0154652152896,3951.678601074219,3040.153973289107,-0.0012421005332058366,0.1539009502320154,69.96361441015061,7.04786935755095,5.670418385249266,153105373.0,0,0,0,0,0,0,0,0,0
2025-02-21,3739.953125,4042.6136572265623,4078.9932214355467,17.671382502860723,-85.81025269748989,-63.67887726922575,4165.338680424604,3710.4430578566466,3937.890869140625,3040.5297267149726,0.001746387131377647,0.1426153287657167,67.40228959902207,8.703323516728238,6.6427586624061945,154939304.0,0,0,0,0,0,0,0,0,0
2025-02-24,3630.89599609375,4028.2089501953124,4077.866766357422,7.630488947957801,-97.10434217241755,-70.36397024986411,4183.714983199655,3656.04033906597,3919.8776611328126,3040.9630041838354,-0.02916002561028086,0.1691798750961673,71.8616643549465,1.1666875999306405,5.639293491403268,152430788.0,0,0,0,0,0,0,0,0,0
2025-02-25,3585.40576171875,4014.6032763671874,4076.835654296875,7.20455930812912,-108.47523618784635,-77.98622343746055,4192.166708518488,3601.135561989325,3896.6511352539064,3041.615608315971,-0.012528652548555508,0.1547976002117893,70.47518975796324,1.6015528654018507,3.8238546606869,148328834.0,0,0,0,0,0,0,0,0,0
2025-02-27,3568.612548828125,4000.2803515625,4075.458153076172,7.090818793193577,-117.48750077596378,-85.8864789051612,4192.854274562078,3552.2909402816726,3872.572607421875,3042.20381698682,-0.00468376914823021,0.15323082411800856,66.90134149350986,2.421847570181148,1.7300293451712043,144504978.0,0,0,0,1,0,0,0,0,0
2025-02-28,3440.88525390625,3984.89984375,4073.668896484375,6.22755985524212,-133.39857489687802,-95.38889810350456,4202.277467436504,3480.717967133809,3841.4977172851563,3043.0266118149043,-0.03579186397352618,0.18139289116297252,72.09100979782677,4.411765038702824,2.811721824761932,137419960.0,0,0,0,0,0,1,0,0,0
2025-03-03,3450.56591796875,3971.71546875,4072.029313964844,6.564476534125021,-143.57205777412537,-105.02553003762873,4202.585800360933,3423.105166435942,3812.8454833984374,3043.6181761388084,0.0028134225201232876,0.18544125583860951,72.75781379025395,6.1835077719425335,4.33904012694216,142410399.0,0,0,0,0,0,0,0,0,0
2025-03-04,3489.091796875,3959.538125,4070.344266357422,13.537318357816815,-146.83329695011253,-113.38708342012549,4188.889759734729,3383.7938828433967,3786.3418212890624,3043.980393555231,0.011165089965569752,0.19594681030851543,72.87776199923282,13.28908023790916,7.961451016184829,145208136.0,0,0,0,0,0,0,0,0,0
2025-03-05,3503.9091796875,3947.23927734375,4069.061142578125,16.029021053885643,-146.53307149953116,-120.01628103600663,4158.911650520043,3358.45311998777,3758.6823852539064,3044.314576495831,0.004246773566052742,0.19098376104001658,72.72957933123462,17.072688526562825,12.181758845471498,147710030.0,0,0,0,0,0,0,0,0,0
2025-03-06,3557.7958984375,3936.22314453125,4068.1156176757813,24.61960377722889,-140.32930394993537,-124.07888561879238,4121.02513112891,3347.985000707027,3734.5050659179688,3044.729778259277,0.01537902838988714,0.20702994754231377,72.10511793144308,29.450123296018155,19.937297353496703,150496543.0,0,0,0,0,0,0,0,0,0
2025-03-07,3567.27880859375,3925.480439453125,4067.159639892578,22.699276510438736,-133.11313649605108,-125.88573579424414,4077.590485834436,3344.838151860876,3711.214318847656,3045.0406451192753,0.0026653890293186766,0.20896993016734455,72.28858026698104,32.327012944892004,26.283274922490985,152547858.0,0,0,0,0,0,0,0,0,0
2025-03-10,3545.990966796875,3914.4312255859377,4065.795870361328,23.041365043034276,-127.64066063995415,-126.23672076338615,4039.834334762758,3339.1541662138043,3689.494250488281,3045.1865559679327,-0.005967529576211272,0.20731394543670323,69.52613620525972,28.380375133291633,30.052503791400586,151543232.0,0,0,0,0,0,0,0,0,0
2025-03-11,3531.815673828125,3904.359921875,4064.5767578125,23.730169973214885,-123.02930650929466,-125.59523791256785,3993.866617039036,3339.518368312526,3666.692492675781,3045.467924982869,-0.003997554731944186,0.20551651056765838,68.9687183488508,28.30482538983213,29.670737822671914,149547782.0,0,0,0,0,0,0,0,0,0
2025-03-12,3463.555908203125,3892.575546875,4063.028359375,24.59779971923807,-123.45960230853007,-125.16811079176031,3961.223440630906,3326.982760540969,3644.1031005859377,3045.852105670305,-0.01932710309057928,0.20645680128703084,67.67394538689284,13.666603629457192,23.450601384193643,146373615.0,0,0,0,0,0,0,0,0,0
2025-03-13,3468.346923828125,3879.6393603515626,4061.5389807128904,25.477478568063418,-122.00759233148028,-124.5360070997043,3924.200117507563,3320.6301315158744,3622.4151245117187,3046.059074355988,0.001383264988924493,0.20795484490501243,67.92090467212714,15.01382662977253,18.99508521635394,148066619.0,0,0,0,0,0,0,0,0,0
2025-03-17,3455.1591796875,3867.9344140625,4060.161436767578,23.975405813009232,-120.53159154208697,-123.73512398818085,3890.2653422399976,3313.8215229943776,3602.0434326171876,3046.3773587696073,-0.0038023140217096074,0.20741762942475167,68.70410808125916,13.291856044770691,13.99076210133346,145375713.0,0,0,0,0,0,0,0,0,0
2025-03-18,3455.1591796875,3856.326044921875,4059.1151599121094,29.94357145961898,-118.00160127641311,-122.58841944582731,3842.2858888343935,3318.6176267906067,3580.4517578125,3046.3773587696073,0.0,0.20383521993806555,60.51917122691874,20.248609744328,16.18476413962373,145375713.0,0,0,0,1,0,0,0,0,0
2025-03-19,3454.56689453125,3846.02046875,4058.3854235839844,33.36263954600206,-114.72191539666665,-121.0151186359952,3792.8941424198874,3327.7649151973,3560.3295288085938,3046.7371438050113,-0.0001714205121813306,0.20464865169825994,62.62888422125781,22.154765573667742,18.565077120922137,142324469.0,0,0,0,0,0,0,0,0,0
2025-03-20,3519.813232421875,3835.441064453125,4057.8254772949217,44.475479866714124,-105.64015260619817,-117.94012543003579,3741.4208003220365,3348.610352021714,3545.015576171875,3047.1256429515347,0.018886980591955815,0.22168477297174197,65.77230070837375,63.18445904513656,35.195944787710765,145169661.0,0,0,0,0,0,0,0,0,0
2025-03-21,3534.58154296875,3826.5278369140624,4057.2797900390624,64.25246070156362,-96.14283615857403,-113.58066757574345,3708.9535000814453,3360.7281893716795,3534.8408447265624,3047.710508016088,0.004195765391993067,0.21167061366555112,65.46890029137467,71.0940220511611,52.144415556655126,149331586.0,0,0,0,0,0,0,0,0,0
2025-03-24,3584.81298828125,3814.1490673828125,4056.831026611328,68.17819975404308,-83.59920699481063,-107.5843754595569,3676.760159451182,3378.0595182831926,3527.4098388671873,3047.9944507353966,0.014211426360335011,0.2200340932431969,68.01256821621759,88.87697082709114,74.3851506411296,151166337.0,0,0,0,0,0,0,0,0,0
2025-03-25,3613.262939453125,3801.837685546875,4056.1128161621095,67.28550852405775,-70.54936801809663,-100.17737397126484,3640.1461161192406,3402.0045430604473,3521.075329589844,3048.5046626774924,0.007936244168071704,0.22249163162769978,67.61392497527906,78.86754578213166,79.61284622012795,154301727.0,0,0,0,0,0,0,0,0,0
2025-03-26,3591.579833984375,3790.2367919921876,4054.9745373535156,61.975467398024826,-61.25086021882635,-92.39207122077715,3631.6662358819285,3406.5528070868213,3519.109521484375,3048.775695244724,-0.006000976356299148,0.19835935764783497,65.86050653694721,69.98986394224326,79.24479351715534,152567228.0,0,0,0,0,0,0,1,0,0
2025-03-27,3606.79248046875,3778.6139501953126,4054.0851892089845,57.483395505413526,-52.054144585672475,-84.32448589375622,3635.7534462615786,3404.6042685821712,3520.178857421875,3049.181369444618,0.00423564202594906,0.19371335818327015,64.38934447041736,76.21835531888755,75.02525501442081,155095702.0,0,1,0,0,0,0,0,1,0
2025-03-28,3562.290283203125,3766.95451171875,4053.0056970214846,49.311714760961266,-47.80556380498183,-77.02070147600135,3634.9129461779403,3404.81254210331,3519.862744140625,3049.4839111559963,-0.012338441290041025,0.1982147322270729,65.69116989845975,57.997886434965,68.06870189869859,153043783.0,0,0,0,0,0,0,0,0,0
2025-04-01,3507.613525390625,3755.6240185546876,4051.7531103515626,45.15163142109503,-48.29378958515281,-71.27531909783164,3632.323494314917,3414.0748211147707,3523.1991577148438,3049.828363081257,-0.015348765391274055,0.1585976131759042,68.629986391153,35.6116622570871,56.60930133697986,150425290.0,0,0,0,0,0,0,0,0,0
2025-04-02,3500.8466796875,3745.0768701171874,4050.2386499023437,46.012935979536785,-48.665751439551514,-66.75340556617562,3630.001472368973,3421.4249192325897,3525.7131958007812,3050.05673289064,-0.0019291879376509558,0.15877502379788805,67.36344307130314,32.84112261743359,42.15022376982855,148660977.0,0,0,0,1,0,0,1,0,0
2025-04-03,3361.75927734375,3732.576767578125,4048.2548303222657,38.91577660727739,-59.49787044190634,-65.30229854132176,3646.1620545022192,3392.5310851462186,3519.346569824219,3050.4621400026085,-0.03972964687392866,0.2093193251933841,71.55115650342171,2.230363223359316,23.56104936595999,144123156.0,0,0,0,0,0,0,0,0,0
2025-04-04,3259.27099609375,3715.64126953125,4045.8416918945313,31.228367824255216,-75.48223830196275,-67.33828649344997,3679.282811605611,3334.9465096834515,3507.1146606445313,3050.7798916574184,-0.03048650209451631,0.23123226352929604,76.31042304456913,0.9408684434235693,12.004118094738816,138805789.0,0,0,0,0,0,0,0,0,0
2025-04-07,3234.2294921875,3698.4252294921876,4043.369061279297,30.57750984294219,-89.14301983382211,-71.6992331615244,3699.9248110854815,3281.947869578581,3490.9363403320312,3051.1269911036397,-0.007683161030875407,0.22048633290455016,89.73442714655981,33.33587199491065,12.169034553897836,132181834.0,0,0,0,0,0,0,0,0,0
2025-04-08,3252.899658203125,3681.446279296875,4041.06064453125,32.78399841068037,-97.34067850472957,-76.82752223016544,3706.1666533328735,3244.2681122921267,3475.2173828125,3051.446790202334,0.005772678179060575,0.22212598585054913,96.34587939758505,36.22600604658886,23.50091549497435,137739392.0,0,0,0,1,0,0,1,0,0
2025-04-09,3207.11328125,3665.2743896484376,4038.4080505371094,30.441892021228966,-106.3065245878297,-82.7233227016983,3715.580377031611,3200.9666200387014,3458.2734985351562,3051.579427451905,-0.014075557737436295,0.2246824038434038,96.10951470572562,29.138293648935004,32.900057230144824,134749127.0,0,0,0,0,0,0,0,0,0
2025-04-11,3192.197021484375,3649.295126953125,4035.6512048339846,21.867872189126814,-113.30947857056117,-88.84055387547087,3721.932301191913,3160.652830644024,3441.2925659179687,3051.8636952365296,-0.004650992483748895,0.22465904698770936,96.89274557539251,26.829262747108434,30.731187480877423,127640166.0,0,0,0,0,0,0,0,0,0
2025-04-15,3208.69384765625,3632.4702783203124,4032.8706713867186,22.09912278061489,-116.18886118639102,-94.31021533765491,3727.481743076541,3129.6171827047087,3428.549462890625,3052.020172835228,0.005167859646772133,0.22065247167983443,92.06997396610616,29.382964681202143,28.450173692415188,131152326.0,0,0,0,0,0,0,0,0,0
2025-04-16,3233.982666015625,3616.14626953125,4030.13125,18.623596523750194,-115.10335651557989,-98.46884357323991,3727.3447411667216,3106.3177588332787,3416.83125,3052.1433452881142,0.007881343487427639,0.22382902485646286,89.66742582236137,33.297663404607576,29.836630277639376,133536717.0,0,0,0,0,0,0,0,0,0
2025-04-17,3258.777099609375,3600.074150390625,4027.131813964844,18.08800658998861,-110.96326719603485,-100.96772829779891,3724.758245272784,3089.2660467194037,3407.0121459960938,3052.31521894991,0.007666841833848581,0.227229791837454,89.98846318256564,38.890193795028075,33.85694062694592,136469063.0,0,0,0,0,0,0,0,0,0
2025-04-21,3281.201416015625,3585.225966796875,4024.3916223144533,22.0959419702002,-104.66623445804589,-101.70742952984833,3720.0102273483735,3076.618288276626,3398.3142578125,3052.4730692132734,0.006881205961873915,0.22966342859492936,91.06450066133273,43.751577841041716,38.64647834689245,138902009.0,0,0,0,0,0,0,0,0,0
2025-04-22,3274.088623046875,3570.3244384765626,4021.2527197265626,19.646743064604138,-99.10728648752138,-101.18740092138295,3714.448909199224,3064.1317792773384,3389.2903442382812,3052.643210227461,-0.0021677404300852743,0.2295066682363674,90.10488003567392,42.70951988334167,41.78376383980381,136191511.0,0,0,0,0,0,0,0,0,0
2025-04-23,3371.48974609375,3556.612275390625,4018.408583984375,34.12514081866375,-85.85266744718865,-98.1204542265441,3701.21199891382,3062.53634092993,3381.874169921875,3052.9629450556,0.02974907959462425,0.2456519417002578,92.74735950858651,67.61061972683763,51.357239150407,139735434.0,0,0,0,0,0,0,0,0,0
2025-04-24,3360.228271484375,3542.9899951171874,4015.763887939453,36.78245981249481,-75.38796768417478,-93.57395691807024,3684.357281898897,3061.955730796416,3373.1565063476564,3053.158632507091,-0.003340207284457164,0.24457058878866406,88.80661286359772,68.01498185071857,59.445040486965944,137483259.0,0,0,0,1,0,0,0,0,0
2025-04-25,3406.06396484375,3530.4493994140626,4013.075212402344,42.05649966280584,-62.673598112585296,-87.39388515697325,3659.6954792611155,3068.742631090447,3364.2190551757812,3053.432155070469,0.013640648686979562,0.24406388914580757,91.78071186953596,87.89103786570544,74.50554648108721,140226250.0,0,0,0,0,0,0,0,0,0
2025-04-28,3401.61865234375,3518.87392578125,4010.409182128906,54.31412713864587,-52.35258023612505,-80.38562417280363,3625.798253844892,3081.475427795733,3353.6368408203125,3053.588838644547,-0.0013051171516105242,0.24103815293913133,85.07754089801061,91.86720109914648,82.59107360519016,138632954.0,0,0,0,0,0,0,0,0,0
2025-04-29,3430.265869140625,3507.7222265625,4007.9776049804686,72.0284774514719,-41.38445400454839,-72.5853901391526,3596.797710581279,3094.3445745749714,3345.571142578125,3053.756676153449,0.008421642672125085,0.24399823799517414,82.03994451811887,94.87413159396753,91.54412351960646,140211286.0,0,0,0,0,0,0,0,0,0
2025-04-30,3411.694580078125,3497.6492431640627,4005.4909338378907,73.24958883656902,-33.80104535511282,-64.82852118234464,3557.782488384896,3113.850006732291,3335.8162475585937,3054.0403295459178,-0.005413950338243767,0.24303434618577643,75.02277640022615,81.50709080645692,89.41614116652363,137401954.0,0,0,0,0,0,0,1,0,0
2025-05-02,3389.2705078125,3487.3925244140623,4003.2665661621095,67.6918428275782,-29.26324610560414,-57.71546616699655,3524.034376038126,3130.296141539999,3327.1652587890626,3054.203065053491,-0.006572708001638117,0.24084223107238956,73.45635144879273,74.03747538996276,83.4728992634624,135680193.0,0,0,0,0,0,0,0,0,0
2025-05-05,3412.287109375,3478.38640625,4001.085927734375,78.28920704638209,-23.538423821309152,-50.88005769785907,3504.969864680906,3139.828011295657,3322.3989379882814,3054.3326960638838,0.006791019338658666,0.2378286218172643,72.93419325242836,81.70446646232504,79.08301088624823,136964636.0,0,0,0,1,0,0,0,0,0
2025-05-06,3417.91796875,3469.004912109375,3997.6571606445314,81.94006183821878,-18.335734687501827,-44.371193095787625,3487.0027761808406,3149.502228701972,3318.2525024414062,3054.4683996886242,0.001650171628152064,0.23803615450771523,68.9158147418285,82.90512981142363,79.5490238879038,138289399.0,0,0,0,1,0,0,0,0,0
2025-05-07,3403.19921875,3459.9286669921876,3994.2271337890625,77.66217929754826,-15.22474479990342,-38.54190343661079,3492.310638748766,3148.3383602746717,3320.324499511719,3054.6134687278272,-0.004306349694338296,0.19016896293215477,65.84646808252728,77.80065365298428,80.80341664224431,136812271.0,0,0,0,0,0,0,0,0,0
2025-05-08,3406.952880859375,3451.54587890625,3990.7705114746095,76.20462275693613,-12.314420761864312,-33.2964069016615,3501.331173925215,3154.0860135747853,3327.70859375,3054.865679593202,0.001102980421685107,0.1504021905616913,65.79001677846028,79.10242715577098,79.93607020672628,139355862.0,0,0,0,1,0,0,0,0,0
2025-05-09,3398.457763671875,3444.7535107421877,3986.5990698242185,72.26069823325074,-10.571590242610455,-28.75144356985129,3506.4340030484686,3165.4060115999687,3335.9200073242187,3055.110310394062,-0.002493464830472525,0.1469397727783005,63.334504471672254,69.17634523686853,75.35980868187458,136824105.0,0,0,0,0,0,0,0,0,0
2025-05-12,3576.366943359375,3441.6121875,3983.332659912109,81.45257547329831,5.106534501022452,-21.979847955676544,3548.8016270783774,3155.385116085685,3352.093371582031,3055.436802571469,0.052349975212073074,0.23009802063839419,71.82283909121828,96.98953899258001,81.75610379507317,139052783.0,0,0,0,0,0,0,0,0,0
2025-05-13,3472.2490234375,3436.25810546875,3979.619637451172,67.49827855390768,9.026068428892358,-15.778664678762762,3556.579126133629,3174.1211912491835,3365.3501586914062,3055.795288073252,-0.029112762076945686,0.25167989993867107,77.01604922938714,60.607080223302184,75.5909881509169,135989896.0,0,0,0,0,0,0,0,0,1
2025-05-14,3505.5390625,3433.750966796875,3975.9993322753908,63.34840946927853,14.64968281692336,-9.69299517962554,3563.665740235544,3198.3687812488306,3381.0172607421873,3056.0627981564694,0.009587457246814424,0.25018625563500424,73.198738332925,69.07370191607168,75.55677371065129,138109395.0,0,0,0,0,0,0,0,0,0
2025-05-15,3536.359619140625,3432.7700439453124,3972.5139575195312,66.88128806534674,21.34732045617784,-3.4849320524648633,3573.6359572325155,3221.165141400297,3397.4005493164063,3056.5405949670076,0.00879195926535914,0.25058563552348545,77.47463759371246,80.86955751325614,70.18344655087667,141657725.0,0,0,0,0,0,0,0,0,0
2025-05-16,3517.98583984375,3431.757509765625,3968.856838378906,61.323211655177936,24.885768458051643,2.1892080496384385,3577.880360108396,3245.321055907229,3411.6007080078125,3056.756116808288,-0.005195676140352545,0.25287336378114145,75.47071899092495,73.83741822104122,74.59355921678967,139990998.0,0,0,1,0,0,0,0,0,1
2025-05-19,3476.0029296875,3432.45986328125,3964.6685791015625,56.99426461027632,24.02539421961319,6.556445283633389,3574.476971522606,3270.447027500831,3422.4619995117187,3057.0540046118854,-0.011933791682946282,0.2589478401581017,75.80939631090094,57.769429847984654,70.82546852742733,137453621.0,0,0,0,0,0,0,0,0,0
2025-05-20,3455.752197265625,3432.5635888671877,3960.412244873047,52.43489651363274,21.462075130548783,9.53757125301647,3568.37623940547,3294.002837742967,3431.1895385742187,3057.281450593503,-0.005825867478108093,0.2605769144751312,75.7670536187168,50.018930135374184,60.541926068133336,135415247.0,0,0,0,0,0,0,0,0,0
2025-05-21,3482.917724609375,3432.440107421875,3956.369157714844,56.694537433692574,21.376245260492396,11.905306054511655,3558.7998188501074,3324.4621684545805,3441.630993652344,3057.4529341134285,0.007860959291364988,0.260513113835637,68.34416326373272,54.9483545542051,54.2455715125213,136855400.0,0,0,0,0,0,0,0,0,0
2025-05-22,3434.711181640625,3431.0561474609376,3951.986729736328,54.07370021330978,17.219859509972594,12.968216745603844,3557.3122636493717,3332.2718672100036,3444.7920654296877,3057.6675191757586,-0.01384085033882232,0.2472563937403733,68.55584452981738,33.95001641510341,46.305767034894224,134821017.0,0,0,0,0,0,0,0,0,0
2025-05-23,3471.853759765625,3429.3373046875,3947.7322583007813,55.208166565698875,16.730134917571377,13.72060037999735,3556.1009579627844,3344.6457217247153,3450.37333984375,3057.815039287087,0.01081388686290019,0.2490268264686382,68.26654668284391,50.12899061228541,46.3424538605313,136095348.0,0,1,0,0,0,0,0,1,0
2025-05-26,3494.27783203125,3427.87728515625,3944.1505151367187,56.486000673547025,17.94460563226312,14.565401430450505,3560.0878675517515,3349.4801988544987,3454.784033203125,3057.933028045662,0.0064588182041223074,0.24576226478954016,68.18892396354863,59.896715549426986,47.99190752560526,137062818.0,0,0,0,0,0,0,0,0,0
2025-05-27,3456.147216796875,3426.08041015625,3941.0072973632814,54.325369932561124,15.649858616447546,14.782292867649915,3559.79890352742,3355.2220193241424,3457.510461425781,3058.2074141533094,-0.010912302074219782,0.24949797388699,69.42371616151652,43.28736124118648,51.10435580096628,134595138.0,0,0,0,0,0,0,0,0,0
2025-05-28,3455.1591796875,3424.5472802734375,3937.7797509765624,53.95589103263516,13.594816158106823,14.544797525741297,3560.2504444106166,3357.2598094956334,3458.755126953125,3058.34291707957,-0.0002858781896133422,0.2479310372332873,68.55582669205887,42.856981130127984,48.68035264024714,133372205.0,0,0,0,0,0,0,0,0,0
2025-05-29,3455.5546875,3424.387255859375,3934.4104077148436,54.74859563850986,11.861363958887068,14.008110812370452,3560.02867877311,3361.8675858753277,3460.948132324219,3058.6960776419555,0.00011446876740883738,0.24696394899262267,68.21716327305873,26.116133673585257,37.42015868163323,136560277.0,0,0,0,0,0,0,1,0,0
2025-05-30,3421.2763671875,3423.4458447265624,3931.00681640625,33.05269729137042,7.633620997716207,12.733212849439605,3557.7108715498885,3367.385979036049,3462.5484252929687,3059.0399918719463,-0.009919773643431884,0.24856122710252826,58.578699771854154,7.0470163574977684,25.340043720403656,133155912.0,0,0,0,0,0,0,0,0,0
2025-06-02,3407.842041015625,3422.499501953125,3927.2598010253905,41.22242148587095,3.1626097979287806,10.81909223913744,3558.0022523316657,3366.6500914183343,3462.326171875,3059.222365206606,-0.003926700076240519,0.24792254191855465,53.80177720843306,17.199535817149513,16.787561949410836,131278327.0,0,0,0,1,0,0,1,0,0
2025-06-03,3363.784423828125,3420.6720068359373,3923.4552001953125,31.232064460949573,-3.890928094901028,7.877088172329747,3563.312309518713,3355.926679739099,3459.619494628906,3059.4637296188666,-0.012928303793790175,0.2520401596314396,55.2553165688203,2.355864994680739,8.867472389775997,128430202.0,0,0,0,0,0,0,0,0,0
2025-06-04,3369.465087890625,3418.969970703125,3919.6726135253907,26.327771029014755,-8.9197047740995,4.517729583043898,3566.473946206041,3349.3916299658335,3457.9327880859373,3059.68308557154,0.0016887717364584276,0.251794403216026,50.959675127130076,5.670023819724977,8.408474877185066,130975009.0,0,0,0,0,0,0,0,0,0
2025-06-05,3359.6982421875,3415.7676708984377,3915.3580017089844,26.986679274643762,-13.537102060055986,0.9067632544239208,3570.6444433542483,3340.495668950439,3455.5700561523436,3059.9818248074703,-0.0028986338924316124,0.2518823859961574,50.81170315836026,4.541246631114432,4.189045148506707,127390326.0,0,0,0,0,0,0,0,0,0
2025-06-06,3372.75390625,3412.5311181640627,3910.514881591797,33.61007203835845,-15.958974571873114,-2.4663843108354864,3572.574170196609,3335.9955563658914,3454.28486328125,3060.1615995852467,0.0038859632982988224,0.25225737523091096,49.039681040961376,15.182732829844284,8.464667760227888,129460716.0,0,0,0,0,0,0,0,0,0
2025-06-09,3410.326416015625,3409.04138671875,3905.4961254882815,43.1649200350306,-14.67734713319669,-4.908576875307728,3550.7266834548127,3341.238990373312,3445.9828369140623,3060.328596510681,0.011140009265425466,0.16589096050991772,48.06897237099734,40.75620635311848,20.160061938025724,131179394.0,0,0,0,0,0,0,0,0,0
2025-06-10,3451.187744140625,3405.7998828125,3900.5179943847656,45.41467152697514,-10.246366729581496,-5.9761348461624815,3548.982945817907,3340.8766000805304,3444.9297729492187,3060.590875173857,0.011981647250276728,0.13997788896512392,49.88716927990864,67.19614142423599,41.04502686906624,133599268.0,0,0,0,0,0,0,0,0,0
2025-06-11,3460.1572265625,3403.1714306640624,3895.446092529297,54.14758225167312,-5.942518907003887,-5.969411658330763,3543.0640382321344,3342.2573240725533,3442.660681152344,3060.906074699664,0.00259895522551723,0.13558147273981902,47.47081447930028,72.99997952099156,60.317442432782,136446281.0,0,0,0,1,0,0,0,0,0
2025-06-12,3422.584716796875,3399.487275390625,3890.4296435546876,41.980623728382504,-5.500074595324804,-5.8755442457295715,3527.421432243628,3346.522439826685,3436.9719360351564,3061.312501302265,-0.010858613440219766,0.13543808128506718,46.240099457855386,48.68812368451283,62.961414876580115,132386147.0,0,0,0,0,0,1,0,0,0
2025-06-13,3434.0458984375,3396.9223876953124,3885.6577807617186,39.83340146505173,-4.176468982702318,-5.535729193124121,3514.7932839965815,3350.756593933106,3432.774938964844,3061.537102256645,0.003348691877333998,0.13582413799350027,47.85658619295155,57.956525359967294,59.88154285515722,134564640.0,0,0,0,0,0,0,0,0,0
2025-06-16,3484.474853515625,3396.4596142578125,3880.9485681152346,54.59084758370196,0.9309616770974571,-4.242391019079806,3516.2380637096503,3350.1590066028493,3433.19853515625,3061.763242330009,0.01468499739653173,0.14063113530612725,49.736024884909774,91.55026781187586,66.06497228545199,136498728.0,0,0,0,0,0,0,0,0,0
2025-06-17,3503.41064453125,3396.5108935546873,3876.3600891113283,57.389861384480085,6.432448096396456,-2.1074231959845533,3523.9126905185076,3347.250224520555,3435.5814575195313,3062.020950751424,0.005434331373211032,0.13995378929620145,49.466729231060235,97.0862068062229,82.19766665935533,138610668.0,0,0,0,0,0,0,0,0,0
2025-06-18,3439.7265625,3398.0702392578123,3871.4094421386717,47.9694999041626,5.589213555218976,-0.5680958457438476,3518.947663859511,3347.8961349686138,3433.4218994140624,3062.3021239574864,-0.01817773835067249,0.15231249583441456,52.97661518995421,51.7010154261179,80.11249668140555,135914341.0,0,0,1,0,0,0,0,0,1
2025-06-19,3412.41943359375,3401.1332080078123,3866.293995361328,48.84310223866318,2.686518505589902,0.0828270245229023,3518.3418375712704,3346.272786452167,3432.3073120117188,3062.56029196576,-0.007938749900632591,0.14683960409776942,51.92818509443445,36.419478986118065,61.73556707281961,133241573.0,0,0,0,0,0,0,0,0,0
2025-06-20,3424.07958984375,3404.9302099609376,3861.0306481933594,52.1308340910387,1.311866546415331,0.328634928901388,3513.9597818444413,3345.8774251868085,3429.918603515625,3062.794647858851,0.0034169762764830747,0.14168120402703666,51.28715688618562,42.94470187726149,43.6883987631658,135592821.0,0,0,0,0,0,0,0,0,0
2025-06-23,3382.122314453125,3407.5146630859376,3855.718251953125,52.419798586367534,-3.1271091398984936,-0.3625138848585884,3505.1775800366277,3343.44407523681,3424.310827636719,3063.069398806085,-0.012253592327431728,0.1447569851869048,50.813257671774146,19.464692865468443,32.94295790961599,132469400.0,0,0,0,0,0,0,0,0,0
2025-06-24,3378.932861328125,3410.9510546875,3850.4326696777343,51.25759975509558,-6.823731831285386,-1.6547574741439481,3502.2840902261414,3338.6161295004213,3420.4501098632813,3063.365222298838,-0.0009430330509840879,0.14050502085724442,53.32616167068012,17.679820339298058,26.696405027342653,129066352.0,0,0,0,0,0,0,0,0,0
2025-06-25,3433.14892578125,3415.7700927734377,3845.5808679199217,58.7260208017913,-5.317254646438414,-2.3872569086028417,3499.798494917694,3338.900699418243,3419.3495971679686,3063.544014031604,0.016045321608377572,0.15313823108839902,54.34413272694639,48.020057404066264,28.388190202944248,130824051.0,0,0,0,0,0,0,0,0,0
2025-06-26,3430.1591796875,3420.1993994140626,3840.7303381347656,56.98691357731211,-4.314869023094616,-2.7727793315011966,3496.9079644621347,3339.2516790925524,3418.0798217773436,3063.8341352052184,-0.0008708466071187804,0.15314491334447294,54.62175501224153,42.7381031415948,36.1459936283197,127944945.0,0,0,0,1,0,0,1,0,0
2025-06-27,3429.461669921875,3424.1089794921877,3835.9706982421876,52.558663376033216,-3.5359936696063414,-2.9254221991222256,3497.4719497874585,3339.506224040667,3418.4890869140627,3064.0127738878546,-0.00020334617989614667,0.1488953521320544,53.59664720692279,42.32150959051498,44.35989004539201,126166512.0,0,0,0,0,0,0,0,0,0
2025-06-30,3450.290771484375,3427.9392529296874,3831.350594482422,49.87327258879887,-1.2238867162227507,-2.5851151025423307,3500.6638521135737,3340.5591947614266,3420.6115234375,3064.168533122058,0.006073577595335777,0.14948400754636304,51.53220729447613,54.76186499965958,46.607159243923114,127634863.0,0,1,0,0,0,0,0,1,0
2025-07-01,3418.10009765625,3430.6772265625,3826.282967529297,44.42390084172665,-1.9663764830092987,-2.4613673786357246,3498.8176497513637,3347.836964506449,3423.3273071289063,3064.3992381926537,-0.009329843761045065,0.1456414861554005,53.78172312362127,35.535715370493385,44.20636332022264,125259680.0,0,0,0,0,0,0,0,0,0
2025-07-02,3411.7216796875,3433.4298876953126,3821.3235388183593,48.42985903842938,-3.034510052978476,-2.575995913504275,3496.837515615779,3354.0427578217214,3425.44013671875,3064.693576038592,-0.001866071146694459,0.14591349540331297,55.09155667603948,31.726151801885948,40.67457739067964,122169095.0,0,0,0,0,0,0,0,0,0
2025-07-03,3389.2978515625,3433.7860498046875,3816.0634826660157,43.73080296125225,-5.625580933404763,-3.185912917484373,3493.6544583423056,3360.185776032695,3426.9201171875,3064.918775218832,-0.006572584234671219,0.14767523306549116,53.69628480275959,18.333332593072676,28.53173325515066,119637225.0,0,0,0,0,0,0,0,0,0
2025-07-04,3408.233642578125,3434.7461572265624,3810.8740185546876,38.28482208373537,-6.080965605616257,-3.76492345511075,3491.1124864446992,3366.2757215631136,3428.6941040039064,3065.023100275441,0.005586936246070984,0.1483176253267238,50.428791778368804,29.642892416419578,26.56745893712606,120746545.0,0,0,0,0,0,0,0,0,0
2025-07-07,3400.160888671875,3434.628095703125,3805.6901525878907,33.58676356783198,-7.012430083709205,-4.4144247808304415,3491.3945282933687,3364.977126980069,3428.185827636719,3065.1735158021065,-0.002368603432992167,0.1432060165678349,49.41795740452517,24.821372514422585,24.26586584130494,119107371.0,0,0,0,0,0,0,0,0,0
2025-07-08,3394.679443359375,3434.4893115234377,3800.5162377929687,41.21303902659714,-8.099562505050017,-5.151452325674357,3489.2876647642493,3361.4331604310632,3425.3604125976562,3065.383167889093,-0.0016121135122642016,0.13592629050486948,44.9118351035058,30.191753517360848,28.218672816067663,116782129.0,0,0,0,1,0,0,0,0,0
2025-07-09,3372.355224609375,3433.3310986328124,3796.014715576172,42.03008212604965,-10.639851082965833,-6.249132077132653,3486.865071607443,3355.075553392557,3420.9703125,3065.5540025800615,-0.006576237645551597,0.13679106016329437,45.52405722718114,13.669694619921044,22.894273550568155,114747191.0,0,0,1,0,0,0,0,0,1
2025-07-10,3370.561279296875,3432.5084326171873,3791.749997558594,38.918697041663,-12.651960551185311,-7.5296977719431855,3487.9970373247634,3348.7412439252366,3418.369140625,3065.806953540058,-0.0005319562125035704,0.1319966659672283,46.06506788236691,19.41748424450432,21.092977460595396,111712179.0,0,0,0,1,0,0,0,0,0
2025-07-11,3254.95361328125,3429.8220947265627,3786.9625415039063,29.822858360287427,-23.306481662277292,-10.685054550010008,3509.8172737670625,3309.0117789673127,3409.4145263671876,3066.2007751422375,-0.03429923280900615,0.17665224122226522,49.994599494922404,2.1415671198221253,11.74291532808249,104076629.0,0,0,0,0,0,0,0,0,0
2025-07-14,3211.800048828125,3425.812353515625,3782.0399279785156,26.466446838294132,-34.83088959272936,-15.514221558553881,3523.5826328138864,3267.9789394517384,3395.7807861328124,3066.3564022629334,-0.01325781242382218,0.16799087639982088,50.841717573495124,7.83027187253081,9.796441078952412,100152620.0,0,0,0,0,0,0,0,0,0
2025-07-15,3241.300048828125,3422.2799951171874,3777.2510546875,20.96530451933188,-41.10977455712646,-20.633332158268395,3517.5656567957926,3247.7848558995197,3382.675256347656,3066.4797799630114,0.009184880612590929,0.17128337906867291,50.400350706599575,18.04073182839163,9.337523606914848,102743509.0,0,0,0,0,0,0,0,1,0
2025-07-16,3233.10009765625,3418.8780126953125,3772.404221191406,20.63980642701874,-46.21476857363086,-25.74961944134089,3519.893316379934,3224.7945498310037,3372.3439331054688,3066.594933272725,-0.0025298340321315838,0.16268225878402137,49.56621129466745,15.202586978207096,13.691196893043172,100202776.0,0,0,0,0,0,0,0,0,0
2025-07-17,3209.199951171875,3414.9229541015625,3767.350635986328,19.30505372173569,-51.594308122937946,-30.918557177660304,3525.2821555341898,3199.0837624345604,3362.182958984375,3066.7091818001486,-0.007392331125689822,0.16247556120250134,49.75333478909696,6.9303331267522275,13.391217311116977,97255136.0,0,0,0,0,0,0,0,0,0
2025-07-18,3189.89990234375,3410.751796875,3762.1209216308594,13.557481581607092,-56.76068279745414,-36.086982301619074,3527.8612434749193,3173.086705743831,3350.473974609375,3066.824008597482,-0.006013975171935693,0.1609655671960337,50.254633750486356,0.9962004214406313,7.709706842133311,93822491.0,0,0,0,0,0,0,0,0,0
2025-07-21,3158.199951171875,3402.38845703125,3756.9303076171873,13.576129256974951,-62.690337888949216,-41.40765341908511,3535.5189951250895,3143.0367177655353,3339.2778564453124,3066.9192964588246,-0.009937600596364726,0.15949575585551062,48.42191398886238,1.9012640127198164,3.275932520304218,89978145.0,0,0,0,0,0,0,0,0,0
2025-07-22,3159.60009765625,3396.135478515625,3751.6513354492185,14.166249116899593,-66.5099666554529,-46.42811606635867,3539.1898368550997,3117.432599668338,3328.3112182617188,3066.9996268320256,0.00044333687100950314,0.1598511590597602,45.26737933281466,2.797432660057731,1.8982990314060524,93176181.0,0,0,0,1,0,0,0,0,0
2025-07-23,3179.10009765625,3389.60669921875,3746.740949707031,19.87445502704746,-67.18904940236644,-50.580302733560224,3530.4661269349563,3100.7514267759816,3315.608776855469,3067.0580168858514,0.0061716671089055986,0.14735541529736987,44.32648362370359,10.288210631400347,4.995635768059291,95099056.0,0,0,0,0,0,0,0,0,0
2025-07-24,3148.0,3381.8395068359373,3741.579211425781,13.959947119107113,-69.43632658802653,-54.35150750445349,3521.676681241125,3081.324954501062,3301.5008178710937,3067.1223129462796,-0.009782673304051692,0.14840158805621004,44.4925548890384,2.914258886936154,5.3333007261314025,92164278.0,0,0,0,0,0,0,0,0,0
